Measure,Value
Minimum,0.0
Maximum,226.875
Mean,105.52456921754086
Median,98.2
Variance,2404.2275610811057
Standard Deviation,49.03292323613906
