Hotel Type,Sample Size,Mean ADR,Std Dev
City Hotel,53270,110.792024873287,40.59683417831288
Resort Hotel,33955,97.26076822264761,58.980738513144495
