Statistic,Value
T Statistic,37.04903067672186
P-value,9.41649475121818e-297
Cohen's d,0.2784937409946946
