Metric,Value
Sample Size,300.0
Sample Mean,104.60343333333333
Standard Error,2.7593365199360322
Margin of Error,5.408200200300712
Lower Bound,99.19523313303262
Upper Bound,110.01163353363404
