Parameter,Value
Population Mean,105.52456921754086
Sample Mean,104.74734
Population Std,49.03292323613906
Sample Std,50.171437144401885
