Dataset,Standard Deviation
Population,49.03292323613906
Sample,49.80782944808737
