Hotel Type,Mean ADR,Variance,Standard Deviation
City Hotel,110.792024873287,1648.102945301433,40.59683417831288
Resort Hotel,97.26076822264761,3478.727515555926,58.980738513144495
