Statistic,Value
Chi-Square,453.87472580435764
P-value,1.0348465828177582e-100
Degrees of Freedom,1.0
Cramer's V,0.07213524492494935
