hotel,False,True
City Hotel,38609.68071080539,14660.319289194611
Resort Hotel,24610.319289194613,9344.680710805389
