Sample Size,Population Mean,Mean of Sample Means,Standard Error
10,105.52456921754086,105.269368,15.526610592675272
30,105.52456921754086,106.87593633333334,8.696083896157058
50,105.52456921754086,105.0753694,6.689803624023924
100,105.52456921754086,105.40803269999999,4.862726398258051
