Confidence Level,Margin of Error
90%,4.5387046827964355
95%,5.408200200300712
99%,7.107579866403876
