Metric,Value
Sample Size,200.0
Sample Mean,105.6529
Standard Error,3.1193882590990536
Margin of Error,6.1138886416312435
Lower Bound,99.53901135836875
Upper Bound,111.76678864163125
