Metric,Value
Population Size,87225.0
Sample Size,500.0
Population Mean,105.52456921754086
Sample Mean,105.43383
Population Std,49.03292323613906
Sample Std,49.80782944808737
