Statistic,Value
H Statistic,14881.558489360637
P-value,0.0
Eta Squared,0.17055606055356276
