Sample Size,Margin of Error
30,12.810263628816914
50,9.705904898927503
100,7.8363832578778645
300,5.408200200300712
500,4.365768520844261
1000,3.1334048306989093
