Statistic,P-Value,Decision
0.9709803728295885,1.1421740417728405e-30,Not Normal
