Stay Type,Mean,Std
Week Nights,2.577047864717684,1.8048030156654224
Weekend Nights,0.9988993981083405,0.9930967260491241
