Type,ADR
Population Mean,105.52456921754086
Sample Mean,104.74734
