Sample Size,Mean,Standard Error
30,105.78872766666667,8.87330555910386
50,105.0904574,6.860766819483462
100,105.49169149999999,4.953633025858168
500,105.53285561999999,2.1067792606202995
