Sample Size,Mean,Standard Error
30,105.28028133333332,8.684161200392765
50,105.8951394,7.19266873249336
100,105.85165839999999,4.726933079760009
500,105.63150034,2.1248401184986325
