Actual,ANN_Probability,ANN_Prediction,RNN_Probability,RNN_Prediction,LSTM_Probability,LSTM_Prediction,GRU_Probability,GRU_Prediction,BiLSTM_Probability,BiLSTM_Prediction
1,1.3790064e-05,0,0.55518234,1,0.9617353,1,0.9998663,1,0.19544739,0
0,0.9961824,1,0.5550513,1,0.0031823078,0,0.008233377,0,0.0018806377,0
0,0.95020753,1,0.41320723,0,0.0001525769,0,0.99259925,1,0.16331592,0
0,0.9832012,1,0.5555396,1,0.947657,1,0.9982379,1,0.9124204,1
1,8.3837585e-06,0,0.55534047,1,0.9954216,1,0.04183107,0,0.9997306,1
1,1.0,1,0.5553953,1,0.06891104,0,0.0019504671,0,0.98303425,1
0,1.2674135e-08,0,0.10638516,0,0.008043347,0,0.18167366,0,0.7857789,1
0,1.0738495e-05,0,0.1734626,0,0.00012982237,0,0.9999882,1,0.98481727,1
0,5.989318e-08,0,0.5885088,1,0.01785199,0,0.00073479995,0,4.77346e-05,0
0,0.8644543,1,0.55593216,1,0.9946003,1,0.009940781,0,0.9981846,1
0,0.9549354,1,0.5554,1,0.6835447,1,0.42676038,0,0.9998553,1
0,0.99999976,1,0.55056435,1,0.99310523,1,0.028257793,0,0.00557008,0
0,0.9815793,1,0.5555264,1,0.0042237206,0,0.001424757,0,0.9986296,1
0,0.0043121898,0,0.5551599,1,0.9948334,1,0.9997309,1,0.999555,1
0,0.00033057443,0,0.55537146,1,0.3586788,0,0.0007449504,0,0.63847977,1
1,0.99997866,1,0.55542886,1,0.9927807,1,0.042331904,0,0.9984519,1
0,0.8348708,1,0.5544607,1,0.008547561,0,0.00098042,0,0.0023494454,0
1,6.876346e-07,0,0.55542856,1,0.03748908,0,0.019789513,0,8.9491805e-05,0
0,0.036288384,0,0.5556932,1,0.994214,1,0.94200885,1,0.33967283,0
0,6.1042925e-08,0,0.5552869,1,0.005896474,0,0.0013175253,0,0.00043552078,0
1,0.2197144,0,0.5554819,1,0.9926783,1,0.016788324,0,0.99102,1
1,1.0,1,0.030933077,0,0.008081872,0,0.9999981,1,0.0076273796,0
1,0.1144294,0,0.38724527,0,0.00017453432,0,5.4221844e-05,0,0.7851449,1
0,1.0,1,0.55529624,1,0.98758376,1,0.9996795,1,0.99943054,1
0,0.00011755692,0,0.5547836,1,0.9930884,1,0.99999404,1,0.079693146,0
1,0.26555964,0,0.5525801,1,0.99396706,1,0.9997006,1,0.9990513,1
1,0.95552224,1,0.5554329,1,0.99648196,1,0.9999827,1,0.014959419,0
1,0.091485776,0,0.68513715,1,0.0054624095,0,0.018261824,0,0.0001808288,0
0,4.522988e-14,0,0.99258816,1,0.060908675,0,0.8589564,1,0.9807394,1
0,6.483627e-05,0,0.5555733,1,0.0032503554,0,0.0007356761,0,0.00023587886,0
1,0.9999675,1,0.53381336,1,0.0030844845,0,0.0010609687,0,0.004954507,0
0,0.99335927,1,0.55537933,1,0.99696076,1,0.9999559,1,0.99993294,1
0,0.99240553,1,0.5553975,1,0.028097441,0,0.0050993506,0,0.04207235,0
1,0.9994059,1,0.5556571,1,0.0037250945,0,0.000668261,0,0.0006700971,0
0,7.343619e-06,0,0.5670204,1,0.122261755,0,0.0023013558,0,0.02459965,0
1,6.756079e-05,0,0.022342797,0,0.69180006,1,0.12947321,0,0.24778223,0
1,1.8290112e-10,0,0.55544734,1,0.9926615,1,0.15180525,0,0.99967873,1
1,9.0141333e-07,0,0.56396127,1,0.0030749645,0,0.000216276,0,0.0005113891,0
0,0.00074069964,0,0.004325889,0,0.00016058837,0,0.0005169341,0,0.3967995,0
0,0.015456993,0,0.54125524,1,0.0062935394,0,0.9999746,1,0.00025824958,0
1,0.9841749,1,0.03412793,0,0.9995917,1,0.99996144,1,0.9987367,1
1,0.07423759,0,0.55557024,1,0.9967323,1,0.99997014,1,0.9992872,1
0,4.3712623e-07,0,0.55545336,1,0.006213347,0,0.09659266,0,0.0021430734,0
1,0.9440337,1,0.5555065,1,0.003253968,0,0.00052388693,0,0.102524534,0
0,3.2809652e-10,0,0.55534667,1,0.027827034,0,0.9999558,1,0.3223804,0
0,5.2905207e-06,0,0.55523103,1,0.0037127074,0,0.00043002682,0,0.002270268,0
1,0.99999946,1,0.5554319,1,0.98967326,1,0.99981326,1,0.99997944,1
1,0.9998589,1,0.5539378,1,0.016349284,0,0.000636873,0,0.66845876,1
0,0.9999965,1,0.55551714,1,0.9969788,1,0.9999793,1,0.91664696,1
1,0.17610675,0,0.55488735,1,0.028290309,0,0.0010505097,0,0.006345632,0
0,0.87552875,1,0.55555964,1,0.8100319,1,0.9984861,1,0.42135325,0
0,0.9972019,1,0.555398,1,0.003572637,0,0.00038148882,0,0.0018159345,0
1,2.4697424e-06,0,0.55509466,1,0.0037103277,0,0.15121138,0,0.7732735,1
0,1.5629607e-07,0,0.555434,1,0.9625662,1,0.9992686,1,0.9969054,1
1,0.9987314,1,0.55532247,1,0.9550466,1,0.9998651,1,0.9818088,1
0,0.9999981,1,0.5556264,1,0.9955379,1,0.9999756,1,0.6728734,1
0,0.61948514,1,0.5556042,1,0.005994178,0,0.028604371,0,0.00056294043,0
1,0.99978054,1,0.5929184,1,0.9969424,1,0.9999619,1,0.99999744,1
1,5.3957287e-05,0,0.5554271,1,0.0044576004,0,0.0015587729,0,0.0012241842,0
1,0.0005656802,0,0.5554211,1,0.9875878,1,0.99740297,1,0.9988744,1
1,0.99970394,1,0.55538756,1,0.96606535,1,0.0030685673,0,0.00038071242,0
1,0.01818157,0,0.56669146,1,0.0032102175,0,0.0046498785,0,0.00087097293,0
0,3.633226e-08,0,0.5551526,1,0.0035329324,0,0.0015060618,0,1.3079148e-05,0
1,0.99994045,1,0.5493932,1,0.009379972,0,0.9999783,1,0.9819632,1
0,0.95293915,1,0.5465905,1,0.00319937,0,0.0032662721,0,0.011605609,0
1,9.1400165e-05,0,0.55571556,1,0.94367665,1,0.9989867,1,0.99678314,1
0,2.6513449e-06,0,0.5557464,1,0.9959766,1,0.9999945,1,0.9997454,1
1,1.5502063e-07,0,0.55527925,1,0.0030802959,0,0.00073915115,0,0.0025830234,0
0,0.99142855,1,0.5554216,1,0.17647399,0,0.38064066,0,0.072618574,0
0,0.98674804,1,0.9823499,1,0.00062403356,0,0.010407105,0,0.0001829038,0
0,0.99996585,1,0.5555757,1,0.017327297,0,0.0008448693,0,0.00055552524,0
1,0.9999243,1,0.55559725,1,0.78028303,1,0.009227301,0,0.01436332,0
1,0.0009593711,0,0.55550337,1,0.99680436,1,0.99998444,1,0.9999676,1
0,0.9999394,1,0.56510234,1,0.9962307,1,0.9995639,1,0.99991393,1
0,0.9998548,1,0.5553673,1,0.010014533,0,0.03371096,0,0.990266,1
1,0.99912465,1,0.4455035,0,0.99322605,1,0.98909426,1,0.24739438,0
0,7.521966e-08,0,0.5509364,1,0.9964867,1,0.9999109,1,0.8399296,1
1,0.0009580822,0,0.5557198,1,0.9952121,1,0.999943,1,0.0073404224,0
1,2.8788016e-09,0,0.5552726,1,0.019033752,0,0.015154581,0,0.010212706,0
0,1.2394003e-07,0,0.028933456,0,0.99942166,1,0.30233526,0,1.5266824e-05,0
1,0.0011501012,0,0.55548954,1,0.120413065,0,0.9032396,1,0.9970975,1
0,0.99486333,1,0.99181503,1,0.40107104,0,0.05952603,0,0.99994373,1
1,2.3237017e-05,0,0.99783415,1,0.3362973,0,0.00011752003,0,0.5881271,1
1,0.47109306,0,0.5582808,1,0.0040270565,0,0.0015963955,0,0.9084129,1
0,0.9978681,1,0.5550919,1,0.0032037406,0,0.0017526089,0,0.0050224955,0
1,0.9891274,1,0.56369245,1,0.006696861,0,0.0017865666,0,0.03813011,0
0,8.8347896e-08,0,0.98508656,1,0.0001712533,0,0.0021591315,0,6.527868e-05,0
0,3.1391584e-05,0,0.57437265,1,0.9886776,1,0.9954997,1,0.001447617,0
1,0.99990565,1,0.5559682,1,0.0031845353,0,0.00037815183,0,2.3593616e-06,0
1,0.0004071061,0,0.32201546,0,0.003571909,0,0.012203635,0,0.0014803177,0
0,0.9978455,1,0.5623119,1,0.0034661386,0,0.014373309,0,0.0005114373,0
0,1.5083331e-06,0,0.5566185,1,0.003626708,0,0.0009640322,0,0.0014776564,0
0,3.2313352e-08,0,0.5655629,1,0.034520734,0,0.012745678,0,0.13545448,0
0,1.9737333e-13,0,0.5555718,1,0.003157352,0,0.0044011427,0,0.9798617,1
1,4.1749068e-08,0,0.060147464,0,0.93576723,1,0.81393474,1,0.06329461,0
1,0.9781929,1,0.55485684,1,0.003082222,0,0.018571978,0,1.1693448e-05,0
1,0.013813425,0,0.5562337,1,0.9900652,1,0.24220172,0,0.9878982,1
1,5.2111454e-10,0,0.55488443,1,0.9938154,1,0.99995446,1,0.87960535,1
0,0.00026292956,0,0.5555011,1,0.02836721,0,0.99972606,1,0.6890928,1
1,5.2574105e-09,0,0.7070831,1,0.9969648,1,0.022929426,0,0.9997556,1
1,8.217455e-07,0,0.5554448,1,0.9708921,1,0.87347883,1,0.9964871,1
1,0.26186678,0,0.9884828,1,0.002084018,0,0.00018197038,0,0.00076747214,0
1,0.99993503,1,0.55540955,1,0.7502323,1,0.99864143,1,0.018123867,0
0,3.883209e-07,0,0.5500477,1,0.08990255,0,0.9956014,1,0.0010841193,0
1,0.00016348214,0,0.5484358,1,0.9067667,1,0.99997973,1,0.000499507,0
1,0.99978745,1,0.5558429,1,0.00610241,0,0.97822803,1,0.64827085,1
1,0.9923257,1,0.55525947,1,0.9944976,1,0.99994105,1,0.8297323,1
1,0.9998123,1,0.5553492,1,0.99676555,1,0.99969465,1,0.99804574,1
0,2.5459008e-06,0,0.54547673,1,0.9968825,1,0.9974266,1,0.9902838,1
1,0.999996,1,0.5554924,1,0.99695516,1,0.99986625,1,0.99437165,1
1,0.99984366,1,0.5554546,1,0.009388922,0,0.13893597,0,0.5726714,1
0,0.9999992,1,0.5552977,1,0.0064486135,0,0.0007975324,0,0.99070215,1
1,0.99970174,1,0.5554241,1,0.022647288,0,0.007192856,0,0.17669526,0
1,0.9991013,1,0.2555967,0,0.0058062156,0,0.72568935,1,0.104912296,0
1,0.9980708,1,0.5554286,1,0.9940219,1,0.99968904,1,0.9917492,1
0,0.8195552,1,0.5530599,1,0.020164436,0,0.99996525,1,0.018053772,0
0,0.9970906,1,0.5551234,1,0.00510052,0,0.0008889307,0,0.8094132,1
1,0.9999996,1,0.55535835,1,0.99364847,1,0.9828281,1,0.9826978,1
0,0.9420561,1,0.55550164,1,0.003978569,0,0.001210785,0,0.00017527594,0
1,0.99998146,1,0.5553489,1,0.0034090036,0,0.00062107213,0,0.85285866,1
0,1.972292e-07,0,0.55586094,1,0.005957472,0,0.991308,1,0.113558516,0
1,0.9823509,1,0.77376735,1,0.0030906124,0,0.00039948785,0,3.37391e-05,0
0,0.9999897,1,0.84549886,1,0.99991655,1,0.9997512,1,0.89945406,1
0,2.464965e-08,0,0.5550602,1,0.0031183606,0,0.0005494667,0,3.721328e-05,0
1,0.99662274,1,0.5547491,1,0.0034478204,0,0.0014433468,0,8.249866e-05,0
0,4.4330403e-12,0,0.5554259,1,0.9961741,1,0.9442713,1,0.99993706,1
1,0.99991095,1,0.554583,1,0.9949873,1,0.9999957,1,0.9999057,1
0,2.6505793e-09,0,0.5538901,1,0.0031151695,0,0.0010938983,0,1.8792489e-05,0
1,3.579024e-07,0,0.55521524,1,0.042451285,0,0.0011355263,0,0.9774081,1
1,0.99999344,1,0.5553975,1,0.050179835,0,0.99981475,1,0.9458489,1
1,4.5772846e-05,0,0.6090542,1,0.18683681,0,0.9995996,1,0.073057495,0
1,0.99999124,1,0.5552154,1,0.9921683,1,0.99998957,1,0.9815658,1
0,1.322202e-08,0,0.43761775,0,0.0032238965,0,0.00033750286,0,0.006155821,0
0,6.632666e-05,0,0.55539197,1,0.0033073444,0,0.0019209993,0,0.43115938,0
0,0.0065238103,0,0.5543118,1,0.007610128,0,0.015390885,0,0.11421552,0
0,0.9999987,1,0.5343407,1,0.16252643,0,0.28254762,0,5.2541574e-05,0
0,0.99999124,1,0.03568745,0,0.9994054,1,0.81789845,1,0.97509634,1
0,8.07756e-09,0,0.97573406,1,0.96124154,1,0.87314683,1,0.8798526,1
1,1.9454932e-08,0,0.5554805,1,0.9963249,1,0.99939114,1,0.9679744,1
0,0.002418738,0,0.55542004,1,0.8208251,1,0.023929236,0,0.7334958,1
0,0.00016985941,0,0.55580413,1,0.97922826,1,0.99997306,1,0.9996863,1
0,0.9999138,1,0.5552041,1,0.010095702,0,0.005793574,0,0.985932,1
1,4.1066443e-05,0,0.6192987,1,0.00330443,0,0.014794606,0,0.00011311655,0
0,0.9999998,1,0.55593276,1,0.0050427,0,0.0014077055,0,0.00075136445,0
0,0.29532668,0,0.5583435,1,0.99254876,1,0.00074631366,0,0.0074355938,0
0,0.0011352424,0,0.5553699,1,0.99058086,1,0.6528993,1,0.9969809,1
1,7.455146e-09,0,0.55544156,1,0.0060040858,0,0.98362374,1,0.052346684,0
1,0.020817973,0,0.43130615,0,0.0043747183,0,0.0012819602,0,0.00015504786,0
1,0.9999014,1,0.4817796,0,0.9972773,1,0.9999879,1,0.98906064,1
1,0.9999984,1,0.55989915,1,0.98638487,1,0.9969376,1,0.0027889148,0
0,3.7797813e-11,0,0.55591697,1,0.006581652,0,0.0008910694,0,0.29909372,0
0,1.9041153e-09,0,0.55425006,1,0.03809835,0,0.0012560544,0,0.9875164,1
0,0.0022603131,0,0.5555993,1,0.80614835,1,0.9996685,1,0.99973404,1
1,0.56645185,1,0.5553193,1,0.99697095,1,0.9999474,1,0.7035764,1
0,0.00017880445,0,0.5557002,1,0.0041310154,0,0.0075648376,0,0.0012940178,0
0,1.1204481e-09,0,0.5554396,1,0.005514734,0,0.0033915942,0,0.0038588205,0
0,0.71138984,1,0.55543584,1,0.99418676,1,0.9996055,1,0.9999232,1
1,0.00033959706,0,0.53663975,1,0.9946856,1,0.9999866,1,0.99969333,1
1,0.758065,1,0.5553747,1,0.6049053,1,0.0009859133,0,0.009407456,0
1,0.9999997,1,0.5551797,1,0.09987121,0,0.99967736,1,0.19618392,0
0,4.8954957e-06,0,0.5546972,1,0.003595261,0,0.0014985316,0,0.013352565,0
0,0.003995237,0,0.554965,1,0.9934266,1,0.9996445,1,0.9193223,1
0,0.00025030965,0,0.9803833,1,0.0017619705,0,2.3820336e-05,0,0.043877803,0
0,0.6966655,1,0.5607167,1,0.99700284,1,0.99955845,1,0.9985059,1
0,4.647361e-07,0,0.55539596,1,0.988422,1,0.99996537,1,0.50650537,1
0,1.40337115e-05,0,0.5551707,1,0.0045670522,0,0.0015751258,0,0.021349322,0
0,0.9998648,1,0.55500907,1,0.030936012,0,0.022894293,0,0.0031864974,0
1,1.3691706e-05,0,0.55473816,1,0.99334013,1,0.99992895,1,0.971601,1
1,0.99934626,1,0.5557276,1,0.99706644,1,0.99999714,1,0.9999601,1
0,1.0,1,0.54965043,1,0.9963341,1,0.9974085,1,0.050744385,0
1,0.00026420513,0,0.5510283,1,0.9992747,1,0.97752696,1,0.9985105,1
0,0.99999964,1,0.5551958,1,0.003120431,0,0.00044968148,0,0.48808977,0
0,2.507808e-05,0,0.5548398,1,0.9921438,1,0.9961687,1,0.6819328,1
1,3.4394077e-06,0,0.5658983,1,0.037628114,0,0.9990871,1,0.99836195,1
0,2.376799e-05,0,0.5530007,1,0.98430276,1,0.9998386,1,0.99889994,1
0,0.99999636,1,0.55547833,1,0.0031811658,0,0.00040516537,0,0.0020194587,0
1,0.9999525,1,0.55523807,1,0.0037691556,0,0.0010289117,0,3.6885263e-05,0
1,0.011058491,0,0.555428,1,0.8583107,1,0.93386376,1,0.99789274,1
0,4.2264437e-06,0,0.55401945,1,0.9967211,1,0.8332363,1,0.9984943,1
0,3.3681853e-12,0,0.55478495,1,0.9541439,1,0.9999485,1,0.9987314,1
1,0.11721509,0,0.0962986,0,0.00065525866,0,4.7018333e-05,0,0.0040648934,0
0,0.94140434,1,0.5761841,1,0.9898936,1,0.99994135,1,0.7350909,1
1,0.9999766,1,0.557254,1,0.9970462,1,0.99997836,1,0.99993616,1
1,0.0036484976,0,0.55543965,1,0.017080579,0,0.0006658872,0,0.020054543,0
0,0.40086004,0,0.5553815,1,0.9929647,1,0.9999784,1,0.9065841,1
0,5.00921e-08,0,0.5541381,1,0.98467654,1,0.9997719,1,0.99963796,1
0,0.0004562288,0,0.5553054,1,0.9948294,1,0.9908802,1,0.23956198,0
1,0.98009676,1,0.56267023,1,0.98524463,1,0.0037325628,0,0.00030651235,0
0,7.1630515e-05,0,0.5556002,1,0.9970186,1,0.99998754,1,0.99990356,1
0,6.2705345e-07,0,0.5553292,1,0.9886169,1,0.9995838,1,0.9816771,1
1,0.99978787,1,0.5553822,1,0.0043177684,0,0.07510903,0,0.00042000916,0
1,0.9965893,1,0.55542284,1,0.9868866,1,0.0014325494,0,0.09253299,0
1,4.7710187e-06,0,0.5554465,1,0.009290655,0,0.0021195994,0,0.047036886,0
1,0.9998356,1,0.5556676,1,0.0032077616,0,0.00071282306,0,0.00038989054,0
0,0.03228101,0,0.5195101,1,0.9940161,1,0.011966603,0,0.99679875,1
1,1.01800175e-07,0,0.5555372,1,0.953776,1,0.99649835,1,0.99507374,1
1,1.03990305e-05,0,0.55555475,1,0.9926262,1,0.9943439,1,0.8993694,1
1,0.9999983,1,0.5573138,1,0.004024702,0,0.02842326,0,0.00016612555,0
1,9.458732e-08,0,0.55614626,1,0.5176108,1,0.9998338,1,0.016130723,0
0,0.99998975,1,0.5552907,1,0.98758143,1,0.99993294,1,0.9874949,1
0,0.9996669,1,0.5573744,1,0.003117369,0,0.00057351723,0,0.0034394371,0
1,0.9999959,1,0.5553146,1,0.005686267,0,0.99784356,1,0.9965542,1
1,0.3235499,0,0.64370036,1,0.016983679,0,0.04327118,0,0.00038218478,0
0,0.9999567,1,0.5556426,1,0.026413392,0,0.01181329,0,0.007994333,0
1,0.9994762,1,0.55538064,1,0.047754638,0,0.9269798,1,0.0016770553,0
1,0.9998638,1,0.5560906,1,0.9970619,1,0.99982816,1,0.9944826,1
0,0.00021878582,0,0.528848,1,0.984014,1,0.0013807287,0,0.79951954,1
1,0.99979484,1,0.5552758,1,0.0046836194,0,0.01719288,0,0.051431447,0
1,0.99950606,1,0.55271083,1,0.0031077487,0,0.0004848377,0,0.0043541947,0
0,9.395072e-10,0,0.9664289,1,0.00014108558,0,0.5089846,1,0.019955603,0
0,1.1211934e-05,0,0.55549943,1,0.0031892583,0,0.0007142038,0,0.00040413023,0
0,0.9369603,1,0.16392143,0,0.99970925,1,0.7605072,1,0.9993549,1
0,0.9999045,1,0.55533886,1,0.9925047,1,0.99905574,1,0.99994415,1
0,7.875771e-12,0,0.5551649,1,0.99143136,1,0.9236214,1,0.81515455,1
1,0.6566794,1,0.99357116,1,0.00044701077,0,3.2013886e-05,0,0.034368165,0
0,0.9998476,1,0.5553873,1,0.003085664,0,0.00048668843,0,9.309265e-05,0
0,0.9999999,1,0.56565815,1,0.010496887,0,0.9999689,1,0.9851997,1
1,3.7857265e-07,0,0.5554194,1,0.0215831,0,0.003962463,0,0.026234386,0
1,0.8953129,1,0.55539495,1,0.0036108717,0,0.0005132194,0,0.0005068991,0
1,1.2636296e-07,0,0.5551096,1,0.96998286,1,0.99991786,1,0.9953122,1
0,0.99999976,1,0.55553263,1,0.506533,1,0.98579603,1,0.7837473,1
1,2.6423259e-05,0,0.55551153,1,0.9969249,1,0.99999493,1,0.52315897,1
0,0.000265845,0,0.55554646,1,0.7712789,1,0.9804411,1,0.97637504,1
0,2.811044e-07,0,0.555403,1,0.99698573,1,0.9998594,1,0.9993271,1
0,0.9958961,1,0.55541337,1,0.9779997,1,0.9999605,1,0.9932296,1
1,0.9999998,1,0.5549085,1,0.0036504793,0,0.0062724287,0,0.0001695004,0
1,4.8270682e-05,0,0.55528015,1,0.0039329836,0,0.0015000842,0,0.00042522096,0
1,1.2149967e-07,0,0.9926546,1,0.00035568752,0,2.7536146e-06,0,0.99965197,1
1,4.336346e-05,0,0.5522895,1,0.9961577,1,0.99988097,1,0.99999,1
0,0.9650603,1,0.55542266,1,0.090820566,0,0.9984144,1,0.9996544,1
1,1.1260354e-09,0,0.55516976,1,0.9970576,1,0.99989563,1,0.999945,1
0,5.1148213e-13,0,0.77559376,1,0.00081971165,0,6.3870043e-06,0,5.7993024e-05,0
0,0.003811953,0,0.5553838,1,0.17100823,0,0.84359944,1,0.9941469,1
0,0.030105943,0,0.55364424,1,0.006736811,0,0.003915274,0,0.007056199,0
1,0.00043608475,0,0.56159,1,0.003997714,0,0.9978371,1,0.014859516,0
0,8.6122033e-13,0,0.5520734,1,0.6745257,1,0.9981038,1,0.020705909,0
1,0.9998312,1,0.55524623,1,0.9867993,1,0.0039769425,0,0.00022593577,0
1,0.99999183,1,0.55546755,1,0.9442324,1,0.9999698,1,0.0049252203,0
0,0.99995387,1,0.5561656,1,0.0070329304,0,0.9987835,1,0.645957,1
1,0.99969006,1,0.5554825,1,0.9960989,1,0.9993753,1,0.31086847,0
1,0.92954814,1,0.55530626,1,0.9820201,1,0.038928647,0,0.006017044,0
0,1.3963257e-06,0,0.5554277,1,0.95357084,1,0.99904513,1,0.90971935,1
0,0.9991761,1,0.041505143,0,0.8633309,1,0.9952676,1,0.99857473,1
1,0.000112943344,0,0.5554045,1,0.0031744565,0,0.00039403737,0,4.761939e-05,0
0,2.9089188e-05,0,0.5554556,1,0.9962339,1,0.0010979421,0,0.9986236,1
1,0.4152145,0,0.5554186,1,0.0077555496,0,0.0007244824,0,0.013187044,0
0,2.2914307e-06,0,0.5551913,1,0.03287425,0,0.055809002,0,0.16296653,0
1,0.98514247,1,0.5550863,1,0.0044793943,0,0.0011030087,0,0.988991,1
1,3.8462445e-06,0,0.55545014,1,0.9745618,1,0.026884515,0,0.37858123,0
0,0.0016200269,0,0.5550202,1,0.05497674,0,0.0046200263,0,0.00030633152,0
1,0.5419251,1,0.0027282531,0,0.18514238,0,1.6627197e-06,0,0.0008028321,0
0,1.4279101e-05,0,0.5557526,1,0.0037882333,0,0.022511479,0,0.0019570615,0
0,0.9999998,1,0.5564477,1,0.15904237,0,0.95655894,1,0.012740394,0
0,0.42171142,0,0.5434599,1,0.0030701181,0,0.00010577913,0,0.00016949038,0
1,0.9999949,1,0.55543494,1,0.011996429,0,0.00082775607,0,0.0001304469,0
0,0.9970984,1,0.55543643,1,0.99689794,1,0.999737,1,0.998931,1
1,0.99846995,1,0.5549832,1,0.09976222,0,0.9999722,1,0.9999255,1
0,0.15530786,0,0.56036985,1,0.0040408536,0,0.0010104644,0,0.011908835,0
0,0.26016176,0,0.5558173,1,0.0031122637,0,0.00048512092,0,9.360333e-05,0
0,0.99998635,1,0.5604526,1,0.0030707312,0,0.0007502738,0,0.00011777627,0
0,0.9999581,1,0.5553954,1,0.98751456,1,0.0029687,0,0.3390873,0
0,0.99998844,1,0.6786062,1,0.9971717,1,0.9995187,1,0.9960506,1
0,1.7879328e-08,0,0.55700994,1,0.9958581,1,0.99998355,1,0.9970482,1
0,0.6281469,1,0.5558179,1,0.0036395798,0,0.99930584,1,0.46042353,0
1,1.0,1,0.5551424,1,0.99444795,1,0.9999651,1,0.9961482,1
1,0.0010235402,0,0.55508,1,0.0033375316,0,0.00045907023,0,1.8026447e-05,0
1,0.99989456,1,0.5553978,1,0.49736512,0,0.0010536637,0,0.9994401,1
0,0.8365256,1,0.5565079,1,0.00410711,0,0.3220414,0,2.7754868e-06,0
1,0.99909866,1,0.55562276,1,0.9965606,1,0.023176622,0,0.97281075,1
0,4.378796e-08,0,0.5553282,1,0.9954068,1,0.99967325,1,0.99996525,1
0,0.9999716,1,0.5549555,1,0.0030843073,0,0.0011807957,0,2.2627057e-06,0
0,0.91708744,1,0.55567974,1,0.0032833323,0,0.0013675933,0,0.9820739,1
1,0.9968315,1,0.5553809,1,0.10776023,0,0.57094556,1,0.013909656,0
0,3.7847624e-07,0,0.5557945,1,0.012065221,0,0.9971414,1,0.012949154,0
1,0.99998444,1,0.5878693,1,0.003193832,0,0.0043920116,0,0.00027922235,0
0,1.7083248e-06,0,0.5552051,1,0.96933734,1,0.0011609269,0,0.011489951,0
0,0.9999631,1,0.55483556,1,0.0050802818,0,0.001125749,0,0.78474313,1
0,0.36302194,0,0.55344826,1,0.006126546,0,0.0030098462,0,0.00463353,0
0,1.7773931e-06,0,0.56125927,1,0.99520904,1,0.9999951,1,0.9931097,1
1,0.6781915,1,0.555612,1,0.005759626,0,0.0011455996,0,0.018566862,0
0,0.9999645,1,0.55536395,1,0.98709315,1,0.011896262,0,0.029829985,0
0,1.969861e-05,0,0.5553349,1,0.003245346,0,0.0013484521,0,1.5148019e-05,0
0,0.6129226,1,0.2511572,0,0.9954476,1,0.76527756,1,0.16253574,0
1,0.9267392,1,0.9997642,1,0.009153837,0,0.041080147,0,0.63752323,1
0,0.01911753,0,0.555893,1,0.008212409,0,0.92000806,1,0.0023129524,0
0,0.9999906,1,0.55529547,1,0.6623246,1,0.0013649202,0,0.0019562817,0
0,1.0,1,0.7112629,1,0.0005402352,0,5.559384e-07,0,0.9047328,1
0,0.999998,1,0.5562487,1,0.9967376,1,0.9996635,1,0.99956226,1
1,0.99994373,1,0.555429,1,0.007361508,0,0.004153233,0,0.08123276,0
1,1.1303732e-10,0,0.55564255,1,0.1367648,0,0.9996603,1,0.9995965,1
1,0.99999666,1,0.5556671,1,0.9970672,1,0.9999932,1,0.99992067,1
1,1.2026341e-09,0,0.55547565,1,0.99154514,1,0.96561027,1,0.0014119453,0
0,0.006349765,0,0.5555511,1,0.93623286,1,0.0011007678,0,0.9250786,1
1,1.9910796e-05,0,0.55553395,1,0.94352186,1,0.0008852547,0,0.0037654554,0
1,0.1323047,0,0.99985915,1,0.0144805005,0,0.96474683,1,0.00053505396,0
1,0.00024769938,0,0.5594298,1,0.0048694313,0,0.9772454,1,0.6116088,1
1,0.10022645,0,0.5553514,1,0.98537064,1,0.9994917,1,0.99898946,1
0,0.7070956,1,0.93513566,1,0.94241965,1,0.15509538,0,0.058310945,0
1,0.9998334,1,0.5605476,1,0.9970552,1,0.99994,1,0.35704517,0
0,1.7474225e-06,0,0.55663395,1,0.99696225,1,0.99997795,1,0.9862046,1
1,0.9968382,1,0.52104586,1,0.99962586,1,0.046027843,0,0.9327512,1
1,0.9999907,1,0.55545205,1,0.004114161,0,0.0016871582,0,0.08199511,0
1,9.44496e-08,0,0.55575174,1,0.03920926,0,0.9999957,1,0.9863837,1
0,6.399982e-07,0,0.55544734,1,0.9959574,1,0.99960065,1,0.99920106,1
0,9.9252145e-05,0,0.55581003,1,0.9919764,1,0.99994576,1,0.96440023,1
1,0.004931281,0,0.5553729,1,0.9889385,1,0.992755,1,0.95463455,1
0,0.00018746659,0,0.5555056,1,0.9962201,1,0.99949247,1,0.93793756,1
1,6.462338e-08,0,0.0013382353,0,0.0011927723,0,1.3853353e-09,0,0.0041930554,0
0,1.1303543e-07,0,0.55543625,1,0.29579812,0,0.60724247,1,0.9930628,1
1,0.97729474,1,0.5554191,1,0.0032229924,0,0.006454724,0,0.62825954,1
0,0.0009592688,0,0.58632845,1,0.0030722674,0,0.00073166285,0,0.051555183,0
0,0.992636,1,0.5575224,1,0.01852021,0,0.0009807579,0,0.018224508,0
1,0.99970776,1,0.55477494,1,0.99706423,1,0.999516,1,0.7775861,1
0,0.9999968,1,0.5546118,1,0.007007113,0,0.14162162,0,0.61519253,1
1,7.440531e-08,0,0.55579627,1,0.009472469,0,0.0025839964,0,0.04975283,0
1,0.9999992,1,0.5553739,1,0.99481344,1,0.9999652,1,0.99980074,1
1,1.0676567e-07,0,0.94931805,1,0.99457765,1,0.0009338167,0,0.9984263,1
0,0.10828142,0,0.5554554,1,0.99599904,1,0.9995064,1,0.9980499,1
0,0.960278,1,0.5554167,1,0.99345404,1,0.9999503,1,0.6100609,1
0,0.8860669,1,0.5554071,1,0.9573677,1,0.999965,1,0.99931943,1
1,0.99987286,1,0.5718805,1,0.12617025,0,0.00076780794,0,0.4145965,0
1,3.637377e-09,0,0.7067877,1,0.031009875,0,0.9924242,1,0.0023689894,0
1,0.9999345,1,0.9977534,1,0.0002910133,0,0.021973077,0,0.70937335,1
0,0.9990856,1,0.55102485,1,0.0031286785,0,0.1977594,0,0.068671145,0
0,0.046532944,0,0.55111,1,0.0042075324,0,0.99948275,1,0.45564228,0
1,0.99997914,1,0.02120973,0,0.9994906,1,3.0325564e-06,0,0.07553191,0
1,0.9999995,1,0.55542934,1,0.00584274,0,0.0018341696,0,0.93905795,1
1,1.03434585e-08,0,0.5543419,1,0.98814523,1,0.0024414652,0,0.61181915,1
1,1.4442487e-09,0,0.553541,1,0.0034091265,0,0.00052740984,0,0.0075186007,0
1,4.320616e-07,0,0.5556041,1,0.9969762,1,0.9996888,1,0.9067728,1
0,3.4854263e-08,0,0.0051282924,0,0.9865236,1,0.9999375,1,0.9999722,1
0,0.043337155,0,0.5561613,1,0.9959855,1,0.99987143,1,0.5534783,1
0,4.6174964e-06,0,0.5555226,1,0.0050458545,0,0.93053246,1,0.012297124,0
1,0.99999976,1,0.5551261,1,0.0032005669,0,0.0017990535,0,0.000110048655,0
1,0.99988896,1,0.5549345,1,0.0030886885,0,0.0005622787,0,0.0022706613,0
1,8.2232345e-06,0,0.5554665,1,0.99516255,1,0.99999446,1,0.99901044,1
0,0.99707305,1,0.5589072,1,0.99624383,1,0.99995303,1,0.9872861,1
0,0.00038355202,0,0.56701267,1,0.988245,1,0.8537139,1,0.0020441161,0
0,0.017528014,0,0.55506736,1,0.99698216,1,0.99956524,1,0.9805137,1
1,0.08626212,0,0.6163506,1,0.0036245224,0,0.5066831,1,0.0011998712,0
0,0.999995,1,0.5553378,1,0.08496619,0,0.0024891174,0,0.0046489686,0
1,0.9999961,1,0.55505115,1,0.94332135,1,0.89548314,1,0.021215193,0
1,0.017598048,0,0.5552608,1,0.0057538967,0,0.000957647,0,2.9808003e-05,0
0,0.087761156,0,0.5554493,1,0.005652037,0,0.018325854,0,0.00013409858,0
0,0.9999991,1,0.52632195,1,0.001045583,0,0.0011642243,0,0.0038042506,0
1,0.9998646,1,0.55535513,1,0.0035685487,0,0.0053113727,0,0.014167537,0
0,0.99987364,1,0.5554304,1,0.00432043,0,0.0010320285,0,0.08204524,0
1,0.9988403,1,0.5552402,1,0.9934346,1,0.99564666,1,0.9609769,1
1,0.99996686,1,0.549297,1,0.004313179,0,0.0017043285,0,0.24254209,0
1,0.74627733,1,0.5555444,1,0.99151003,1,0.0478038,0,0.9916574,1
1,0.99207246,1,0.99669063,1,0.0034869562,0,0.9999647,1,0.8831357,1
1,1.4491798e-07,0,0.5554844,1,0.0037831275,0,0.00041151693,0,0.0010935387,0
0,0.0025617632,0,0.5553064,1,0.99631464,1,0.9998687,1,0.99958134,1
0,0.001766582,0,0.99218255,1,0.9956768,1,0.999991,1,0.89490765,1
0,0.4767884,0,0.5553924,1,0.99508065,1,0.99984926,1,0.000592191,0
0,1.2248897e-06,0,0.55566746,1,0.010570779,0,0.87601817,1,0.4882463,0
0,3.0326173e-06,0,0.5559047,1,0.005324921,0,0.0007316838,0,0.4860733,0
0,0.99997675,1,0.55526114,1,0.99522173,1,0.9999793,1,0.99874216,1
1,0.13345341,0,0.55531585,1,0.0031210345,0,0.00096960226,0,0.039543573,0
0,0.9990595,1,0.5551046,1,0.0041171135,0,0.0016731223,0,0.0014620187,0
1,0.99999285,1,0.5553048,1,0.011234722,0,0.99873203,1,0.027115906,0
0,0.9999967,1,0.55941904,1,0.99668294,1,0.9999456,1,0.998473,1
0,0.0025248216,0,0.99949884,1,0.9564219,1,0.99965787,1,0.97495323,1
1,0.9986834,1,0.555437,1,0.98858625,1,0.9963923,1,0.9910205,1
1,0.49731535,0,0.5553768,1,0.0033108657,0,0.009232721,0,3.6094298e-05,0
1,0.9999728,1,0.5554958,1,0.05246162,0,0.0020936187,0,0.00041106067,0
1,0.99999446,1,0.55565643,1,0.0030973693,0,0.006175488,0,0.0004623056,0
1,0.9999995,1,0.60259426,1,0.0032249065,0,0.050862517,0,0.9678609,1
1,0.9828433,1,0.55196506,1,0.9970672,1,0.9999537,1,0.9979082,1
1,0.9999854,1,0.555463,1,0.0036371686,0,0.00085329317,0,5.4032673e-05,0
0,0.022040248,0,0.55550146,1,0.9965938,1,0.9991712,1,0.99986887,1
1,1.0563326e-09,0,0.9999328,1,0.99977577,1,0.999681,1,0.9996948,1
0,0.85811514,1,0.5554408,1,0.11280251,0,0.9995849,1,0.9996965,1
1,9.881419e-09,0,0.5547103,1,0.9835528,1,0.98981255,1,0.8947304,1
0,0.99485886,1,0.5553681,1,0.88386244,1,0.9963021,1,0.011732246,0
0,0.9562491,1,0.5477711,1,0.9951775,1,0.9999939,1,0.98430896,1
0,0.99999505,1,0.8682527,1,0.042016976,0,0.0039990344,0,0.9983421,1
0,1.6269635e-11,0,0.998894,1,0.00015992395,0,3.1032265e-08,0,0.035567548,0
0,1.0,1,0.8330474,1,0.003087887,0,0.0038957945,0,7.5316755e-05,0
0,2.9820182e-10,0,0.39079857,0,0.003296814,0,0.023907838,0,0.025901234,0
0,0.9413546,1,0.55532384,1,0.004379951,0,0.00093771564,0,0.002328331,0
0,0.9999268,1,0.47145194,0,0.99572974,1,0.9987609,1,0.99981236,1
1,0.0005460962,0,0.55518365,1,0.9965728,1,0.9588062,1,0.9991926,1
1,0.99999547,1,0.5637439,1,0.030028865,0,0.0024654826,0,0.2524571,0
0,0.9999991,1,0.5552634,1,0.004974042,0,0.0011250231,0,0.00014415578,0
0,0.98703575,1,0.9995977,1,0.99952257,1,0.99989635,1,0.99572873,1
1,1.5788588e-07,0,0.5554835,1,0.9934197,1,0.118046336,0,0.3189545,0
1,0.0006161072,0,0.55554324,1,0.0031679177,0,0.00065348065,0,1.3780493e-05,0
1,0.0020239442,0,0.5552765,1,0.023668498,0,0.5547735,1,0.19988911,0
1,0.9999949,1,0.0105013205,0,0.0011013083,0,0.19330367,0,0.027198516,0
0,3.8338745e-05,0,0.042652197,0,0.95215344,1,0.014646847,0,0.29899138,0
0,6.362907e-07,0,0.55558085,1,0.9968769,1,0.9999908,1,0.9979211,1
1,5.684673e-07,0,0.5589486,1,0.9939203,1,0.010113785,0,0.040114503,0
0,0.999995,1,0.56222564,1,0.0038984304,0,0.0011378411,0,0.9922468,1
0,0.0076581333,0,0.5558898,1,0.9772588,1,0.9349998,1,0.35947916,0
0,0.9999995,1,0.54796195,1,0.0042569693,0,0.004160902,0,6.328501e-06,0
1,0.9940282,1,0.5770987,1,0.0030715093,0,0.000923826,0,0.0070066825,0
0,0.03844838,0,0.55545783,1,0.99558306,1,0.9999745,1,0.9998597,1
1,0.47224212,0,0.5568877,1,0.0036103532,0,0.7529299,1,0.0077297674,0
1,0.48846152,0,0.55274165,1,0.99688363,1,0.9993426,1,0.04841062,0
1,0.08320432,0,0.5555871,1,0.0032890842,0,0.0018060794,0,0.5083206,1
0,3.0574076e-06,0,0.5535851,1,0.99039227,1,0.0019446659,0,0.9987733,1
1,0.002730004,0,0.5557616,1,0.003553196,0,0.001217525,0,0.0013118914,0
0,9.624817e-08,0,0.5830606,1,0.0032950062,0,0.13268957,0,0.20488034,0
0,0.9999832,1,0.6152379,1,0.9970091,1,0.99993795,1,0.9999908,1
0,1.6846634e-09,0,0.5546746,1,0.0031356758,0,0.00073576724,0,7.716185e-05,0
0,8.438356e-05,0,0.5549274,1,0.98811185,1,0.0040497,0,0.9812067,1
0,0.99999815,1,0.5555533,1,0.0049379165,0,0.009611227,0,0.4432737,0
0,0.99999857,1,0.55592346,1,0.9430374,1,0.9919426,1,0.99986416,1
1,0.026718486,0,0.5554838,1,0.9958551,1,0.99952704,1,0.9995778,1
1,0.19235821,0,0.55526805,1,0.020874323,0,0.97492135,1,0.10222593,0
0,0.8748398,1,0.55538094,1,0.9966609,1,0.87427044,1,0.9956435,1
1,0.9997954,1,0.5553805,1,0.15601018,0,0.008879535,0,0.11072682,0
0,1.3109223e-11,0,0.55528504,1,0.9967082,1,0.9997223,1,0.99944013,1
1,0.112271264,0,0.55539685,1,0.007336765,0,0.91560835,1,0.022084296,0
0,1.0507483e-05,0,0.5558863,1,0.007669342,0,0.0012069688,0,0.015262913,0
0,0.9999867,1,0.55436885,1,0.010078847,0,0.5030525,1,0.45267662,0
1,3.7810756e-07,0,0.083042674,0,0.9974271,1,0.9999681,1,0.6843293,1
1,0.99999946,1,0.5519623,1,0.0054806634,0,0.0008126979,0,0.002090499,0
0,0.9999994,1,0.55545145,1,0.96633923,1,0.09223118,0,0.99447197,1
1,0.95991784,1,0.5583431,1,0.0035480268,0,0.0050663413,0,0.00088311685,0
0,6.7801676e-07,0,0.5586119,1,0.0075080185,0,0.00059708406,0,0.00016520775,0
1,0.40823057,0,0.5574183,1,0.99611086,1,0.9999646,1,0.99776316,1
0,0.99999976,1,0.5553835,1,0.9939646,1,0.99965703,1,0.20732948,0
0,0.99981654,1,0.5532026,1,0.004211352,0,0.99893004,1,0.00035193964,0
0,0.9998543,1,0.5554006,1,0.0036256916,0,0.0005656835,0,0.034613416,0
1,0.975696,1,0.553311,1,0.0032665206,0,0.0010097383,0,0.0002864785,0
1,0.9920984,1,0.5556782,1,0.0032214625,0,0.9755316,1,0.009665947,0
1,0.99834394,1,0.5539444,1,0.003078406,0,0.0016901799,0,2.4398048e-05,0
0,0.0012231328,0,0.5554449,1,0.8375298,1,0.9991199,1,0.9489587,1
1,0.9999462,1,0.9998778,1,0.7474909,1,0.99999917,1,0.9975515,1
1,0.9999144,1,0.55540645,1,0.0047864616,0,0.056726348,0,0.2987144,0
0,0.99999964,1,0.5560049,1,0.010027179,0,0.51791334,1,0.0009405218,0
1,0.99653673,1,0.11653965,0,0.99914944,1,0.98390406,1,0.7764217,1
0,0.016057383,0,0.55554426,1,0.009078804,0,0.0017109638,0,0.9365479,1
0,4.0489496e-07,0,0.55543345,1,0.004034276,0,0.00070581026,0,0.005661558,0
0,0.65834063,1,0.026662828,0,0.00026017978,0,2.8518976e-05,0,0.01970564,0
1,6.212043e-06,0,0.024668245,0,0.9996138,1,0.9989696,1,0.99969137,1
0,0.99999756,1,0.55585194,1,0.1602088,0,0.002239763,0,0.05135927,0
0,0.99999976,1,0.5552903,1,0.0034385952,0,0.0170703,0,4.5863286e-05,0
1,0.9946792,1,0.55539507,1,0.97636086,1,0.99794126,1,0.97476137,1
1,0.0033583315,0,0.5787171,1,0.006110716,0,0.8854501,1,0.99265015,1
1,1.0793799e-09,0,0.5555313,1,0.0033492642,0,0.0018687521,0,0.0034284715,0
0,3.3328112e-07,0,0.55543196,1,0.9923984,1,0.0021248653,0,0.9140135,1
0,0.99999934,1,0.55563307,1,0.0075218035,0,0.9354034,1,0.2278576,0
0,0.42713517,0,0.5547842,1,0.8398742,1,0.002287735,0,0.28844678,0
1,0.99880284,1,0.5346262,1,0.9953031,1,0.99996066,1,0.9665051,1
1,0.99998087,1,0.56179696,1,0.8721553,1,0.99980295,1,0.7493131,1
1,0.999868,1,0.5595698,1,0.9957108,1,0.020871742,0,0.0013494431,0
1,0.36954924,0,0.38313994,0,0.9998344,1,0.99999946,1,0.9995962,1
0,0.99996936,1,0.5537307,1,0.99094063,1,0.99898964,1,0.9987969,1
1,2.6040442e-07,0,0.5549961,1,0.9443288,1,0.008429758,0,0.9667858,1
1,0.999989,1,0.5553988,1,0.018266434,0,0.0030015272,0,0.0022867383,0
0,0.99996656,1,0.03947063,0,0.0013994868,0,0.9982871,1,0.98879766,1
0,0.9994269,1,0.555346,1,0.95739245,1,0.9711101,1,0.9788129,1
0,0.0029031658,0,0.55543244,1,0.9953231,1,0.99171126,1,0.95412624,1
1,0.99973166,1,0.5550916,1,0.9927331,1,0.6791177,1,0.946468,1
0,4.9627297e-06,0,0.5565043,1,0.0056276997,0,0.18722382,0,0.00019571181,0
1,0.87151176,1,0.5553834,1,0.99697965,1,0.99904776,1,0.99879783,1
0,0.0015745705,0,0.54668397,1,0.003079029,0,0.000908166,0,8.517194e-05,0
0,0.9999573,1,0.55545783,1,0.010374733,0,0.94807535,1,0.0016321824,0
0,0.9999989,1,0.55623114,1,0.0032042565,0,0.00081719103,0,0.00015926686,0
0,0.022350425,0,0.55561477,1,0.003886699,0,0.0045447415,0,6.760252e-06,0
1,2.357084e-05,0,0.55544966,1,0.0032622148,0,0.001167441,0,0.00021716101,0
0,0.0014396639,0,0.5553917,1,0.0048579327,0,0.0024901824,0,0.9801223,1
1,0.6148996,1,0.55536383,1,0.0043082396,0,0.0046451585,0,0.0007455935,0
0,0.09371604,0,0.55542904,1,0.9835937,1,0.868737,1,0.9919669,1
0,0.99999607,1,0.83626693,1,0.0014659038,0,0.9545912,1,0.39270234,0
1,0.6873749,1,0.92599815,1,0.0033220202,0,0.0026111973,0,0.0040798695,0
1,0.9999971,1,0.08639785,0,0.0008036511,0,3.8246932e-07,0,4.587151e-05,0
1,0.99999976,1,0.5599677,1,0.0037670308,0,0.033798907,0,0.00034843592,0
0,0.0023433522,0,0.5553593,1,0.04142046,0,0.0014890089,0,0.60876024,1
0,0.0002736919,0,0.5551686,1,0.0031701226,0,0.00056810037,0,0.00033715018,0
1,2.95215e-07,0,0.5565485,1,0.9903211,1,0.6037062,1,0.97152644,1
0,0.030797955,0,0.9425438,1,0.00019139223,0,0.0004813874,0,9.195925e-05,0
0,6.522605e-06,0,0.5552604,1,0.007576646,0,0.00056883914,0,0.5788732,1
0,7.774653e-06,0,0.9967249,1,0.0005283468,0,0.0004625966,0,0.013204933,0
0,3.5524194e-05,0,0.5494761,1,0.98560125,1,0.006614961,0,0.99166054,1
1,2.5039903e-10,0,0.5493348,1,0.995275,1,0.99972695,1,0.4987525,0
0,0.44788992,0,0.55305153,1,0.057145834,0,0.99771327,1,0.5154968,1
0,1.7405426e-08,0,0.55565,1,0.995725,1,0.9998412,1,0.8891986,1
0,0.00025523803,0,0.0009642173,0,0.9998225,1,0.9999967,1,0.9993658,1
0,0.99999696,1,0.5536998,1,0.9906026,1,0.99932796,1,0.9965809,1
0,1.621773e-09,0,0.5553094,1,0.99674594,1,0.99949276,1,0.9997294,1
1,2.937929e-06,0,0.9448777,1,0.01182848,0,8.486581e-05,0,0.01204722,0
0,0.97210896,1,0.5574097,1,0.2841999,0,0.7087667,1,0.027708123,0
1,0.024774555,0,0.9203101,1,0.9995723,1,0.9999842,1,0.9997875,1
0,1.1300788e-06,0,0.5554626,1,0.9970263,1,0.99980444,1,0.69159895,1
0,0.7822696,1,0.55539507,1,0.0039731762,0,0.13901468,0,0.99858075,1
1,3.2312342e-09,0,0.5584931,1,0.0032431548,0,0.0004617195,0,0.002731065,0
0,5.0581363e-08,0,0.5547929,1,0.97204006,1,0.20938404,0,0.9988137,1
0,3.4356748e-05,0,0.5554228,1,0.008609448,0,0.03554132,0,0.22148956,0
1,0.32385427,0,0.5554139,1,0.9919715,1,0.0010016182,0,9.017817e-05,0
0,8.518172e-07,0,0.13069567,0,0.99428576,1,0.48786387,0,0.0045939344,0
1,0.00016958106,0,0.5554183,1,0.94413316,1,0.9969915,1,0.91037196,1
0,0.04028648,0,0.99637145,1,0.99978566,1,0.041240823,0,0.0002643893,0
0,2.0713871e-05,0,0.55524033,1,0.082895346,0,0.99990845,1,0.9357597,1
0,0.9999957,1,0.71567494,1,0.0020984057,0,3.2263692e-06,0,0.00017319332,0
1,1.8545729e-08,0,0.13260558,0,0.0040750094,0,0.9018269,1,0.0010689786,0
1,0.99977493,1,0.5554324,1,0.084450334,0,0.039770883,0,0.99307895,1
0,2.1208576e-13,0,0.80296826,1,0.95020026,1,0.9510819,1,0.121956535,0
1,0.8038193,1,0.5554271,1,0.015868625,0,0.00086956704,0,0.040622056,0
1,3.0436205e-09,0,0.9991004,1,0.00025236353,0,9.516179e-06,0,0.020823373,0
1,0.02628591,0,0.56519514,1,0.99706113,1,0.99999774,1,0.9945541,1
0,0.99999976,1,0.42799765,0,0.9892722,1,0.99392915,1,0.939366,1
1,0.3680722,0,0.55592906,1,0.9970138,1,0.99999654,1,0.99997437,1
0,0.014775124,0,0.55495524,1,0.9970586,1,0.9999528,1,0.99961823,1
1,1.880111e-05,0,0.5554056,1,0.004358538,0,0.0005063205,0,0.0012824463,0
1,0.9629098,1,0.55537957,1,0.003654917,0,0.0035831719,0,0.016726576,0
1,0.001144343,0,0.54396796,1,0.9678106,1,0.9999544,1,0.0028657177,0
1,0.99970543,1,0.55529416,1,0.99706495,1,0.99999714,1,0.9969377,1
1,0.00039672156,0,0.55541265,1,0.033000354,0,0.00096131087,0,0.9182173,1
1,6.6368465e-08,0,0.555357,1,0.9946388,1,0.99999434,1,0.9996816,1
0,0.97106737,1,0.22782749,0,0.00056062144,0,0.03601397,0,0.44411376,0
0,2.0686276e-10,0,0.041855652,0,0.0018329434,0,0.42947066,0,0.94007015,1
0,8.9825053e-10,0,0.55526966,1,0.0098378165,0,0.00070393167,0,0.007798874,0
0,8.41889e-11,0,0.5354546,1,0.0032226553,0,0.003192947,0,0.00015909958,0
0,2.1446197e-06,0,0.5553464,1,0.0031603687,0,0.021466555,0,0.05926014,0
1,0.99988186,1,0.5555437,1,0.7985945,1,0.7819818,1,8.750641e-05,0
0,0.90105224,1,0.55554026,1,0.004759614,0,0.03561312,0,0.012772834,0
1,0.9742915,1,0.5555858,1,0.9599635,1,0.040666975,0,0.00079159025,0
1,0.92654043,1,0.55556744,1,0.06525288,0,0.9917096,1,0.85561705,1
0,0.99994266,1,0.43539798,0,0.773169,1,0.00083138107,0,0.99928916,1
0,2.4848897e-12,0,0.555299,1,0.97587854,1,0.99996203,1,0.9997715,1
1,0.99999905,1,0.5554085,1,0.026633825,0,0.00977284,0,0.13472946,0
1,0.9999996,1,0.5532044,1,0.0035936008,0,0.0010143085,0,0.0009309407,0
0,0.67707306,1,0.9977092,1,0.9998715,1,0.9999943,1,0.99993294,1
1,0.9995767,1,0.5553578,1,0.047973596,0,0.98930585,1,0.042142574,0
0,0.9998595,1,0.5554604,1,0.10184423,0,0.0012377114,0,0.8698749,1
0,0.87841845,1,0.5554185,1,0.004945176,0,0.0008918628,0,0.4337504,0
0,1.3717483e-06,0,0.5652193,1,0.9526187,1,0.99941045,1,0.13149239,0
1,0.67104477,1,0.502591,1,0.0038954276,0,0.0010340007,0,0.069779456,0
1,0.99999094,1,0.55413103,1,0.99515706,1,0.98741573,1,0.012395166,0
0,1.0,1,0.5554499,1,0.18319511,0,0.0021729558,0,0.60093623,1
1,6.7548626e-08,0,0.55521166,1,0.078854926,0,0.42243466,0,0.98362935,1
1,0.00017427656,0,0.65112716,1,0.98157793,1,0.99076146,1,0.99967694,1
1,0.9904912,1,0.5554199,1,0.9969229,1,0.99998194,1,0.9999425,1
0,0.00022238836,0,0.5555794,1,0.9970637,1,0.9999973,1,0.9986818,1
1,0.071589984,0,0.5562155,1,0.011916615,0,0.08088343,0,0.008531719,0
1,0.9940004,1,0.5554864,1,0.0040866104,0,0.0031015845,0,0.78040034,1
0,0.99999404,1,0.5657877,1,0.0031118495,0,0.0062872833,0,0.0006823518,0
0,5.9530744e-13,0,0.8979292,1,0.00028408016,0,0.0042621526,0,0.0040975665,0
0,3.674119e-06,0,0.5553413,1,0.011256272,0,0.9999238,1,0.9972864,1
0,8.525674e-07,0,0.35847434,0,0.9827392,1,3.8015456e-05,0,0.645285,1
0,2.0018602e-05,0,0.5544287,1,0.9970119,1,0.9999793,1,0.9880217,1
0,0.9969965,1,0.55550164,1,0.0042649177,0,0.000789829,0,0.060292806,0
0,0.99999833,1,0.5555477,1,0.011401539,0,0.058142874,0,0.0077543613,0
0,0.86496294,1,0.99988246,1,0.00027839883,0,0.0045659794,0,8.130644e-05,0
0,0.9999946,1,0.54506075,1,0.93380684,1,0.99329627,1,0.6771956,1
1,2.7842165e-10,0,0.55539787,1,0.9959025,1,0.999465,1,0.9902547,1
1,4.9588156e-09,0,0.5551839,1,0.1376705,0,0.99948525,1,0.0018017282,0
1,1.0,1,0.5554136,1,0.9362082,1,0.98530674,1,0.969791,1
0,0.9999908,1,0.55533046,1,0.9889684,1,0.99996996,1,0.9765788,1
1,0.00020866768,0,0.55624455,1,0.97825927,1,0.9988354,1,0.04236425,0
0,1.4834167e-08,0,0.555362,1,0.005465209,0,0.9992501,1,0.028514545,0
0,0.97841936,1,0.5547585,1,0.45131955,0,0.9973926,1,0.0018552286,0
1,0.38210642,0,0.8732262,1,0.0015269634,0,0.05929428,0,0.16286924,0
1,0.99998325,1,0.53371054,1,0.0049858987,0,0.98340756,1,0.00030428817,0
0,7.519757e-08,0,0.55534935,1,0.99115235,1,0.8914493,1,0.0013918853,0
0,9.52287e-06,0,0.5554406,1,0.009201465,0,0.020095313,0,0.778936,1
1,1.5317344e-05,0,0.5559003,1,0.99698627,1,0.9999812,1,0.99942136,1
0,0.9998354,1,0.55585635,1,0.0031182745,0,0.0013703592,0,0.010927487,0
0,0.9989899,1,0.5554056,1,0.0034499804,0,0.0008057376,0,0.002382438,0
1,1.0938778e-05,0,0.5569863,1,0.99645543,1,0.9153299,1,0.9996832,1
0,0.016090201,0,0.55520606,1,0.9900242,1,0.9999751,1,0.999945,1
1,0.9999773,1,0.35395372,0,0.8258716,1,0.98309237,1,0.99586934,1
0,1.5196966e-06,0,0.017821949,0,0.20591561,0,0.91009647,1,0.024852833,0
0,1.1630572e-08,0,0.5552933,1,0.2593975,0,0.2450107,0,0.21755674,0
1,0.9999983,1,0.5554498,1,0.01113043,0,0.9905627,1,0.00042087483,0
0,4.2294968e-08,0,0.5159192,1,0.9965652,1,0.9999454,1,0.29934338,0
0,0.96788967,1,0.5559355,1,0.0034587244,0,0.0040008426,0,0.043692276,0
0,9.507497e-08,0,0.9990102,1,0.56838906,1,9.977232e-07,0,0.34280103,0
0,0.006668914,0,0.5554067,1,0.035287865,0,0.0011837584,0,0.04293229,0
0,2.3581366e-08,0,0.24574205,0,0.97987354,1,0.99999195,1,0.99998754,1
1,1.1761083e-06,0,0.5433833,1,0.006894498,0,0.0017196214,0,0.9779059,1
0,0.9997469,1,0.55542207,1,0.9938727,1,0.001348475,0,0.9879703,1
0,9.417504e-09,0,0.55565995,1,0.9962098,1,0.9999732,1,0.99813545,1
0,5.8125926e-07,0,0.5552991,1,0.007208738,0,0.0010842015,0,0.00025611292,0
1,0.99999714,1,0.5583848,1,0.99252117,1,0.9999831,1,0.969867,1
0,0.9409328,1,0.5559926,1,0.99703264,1,0.93404186,1,0.8620988,1
1,4.464655e-07,0,0.555443,1,0.97512305,1,0.9999725,1,0.9999436,1
0,0.9987928,1,0.555097,1,0.0058130734,0,0.8732937,1,0.9998626,1
0,0.9887908,1,0.5549831,1,0.013331818,0,0.0010949903,0,0.0015143299,0
1,7.3573396e-08,0,0.5551707,1,0.0031956632,0,0.0018833884,0,0.00039846508,0
1,0.99999994,1,0.55416244,1,0.98462534,1,0.000798003,0,0.00036899885,0
1,1.4231383e-09,0,0.5559205,1,0.038703438,0,0.46343544,0,0.011126343,0
0,0.9984106,1,0.55540776,1,0.0037715395,0,0.00071115966,0,2.4179852e-05,0
1,4.1494392e-08,0,0.55557483,1,0.8784288,1,0.99994755,1,0.3954087,0
0,2.5861923e-06,0,0.5555035,1,0.89944124,1,0.004959171,0,0.010491796,0
1,0.5265397,1,0.5553166,1,0.049997207,0,0.52745026,1,0.013862585,0
1,1.0715846e-05,0,0.55537593,1,0.013392482,0,0.99740803,1,0.027913284,0
0,2.3141796e-05,0,0.55560637,1,0.009557611,0,0.0019362511,0,0.0051791174,0
0,0.21284488,0,0.5554913,1,0.99597055,1,0.9999156,1,0.71299535,1
1,0.00018747587,0,0.5549161,1,0.0036158746,0,0.8718837,1,0.99813807,1
1,0.99998844,1,0.5555692,1,0.003532012,0,0.002363022,0,0.49472728,0
1,0.06821928,0,0.5583422,1,0.0030792153,0,0.0005943763,0,0.0005101041,0
1,0.9948108,1,0.5554199,1,0.0032547116,0,0.0007462841,0,0.000894209,0
0,2.1361565e-08,0,0.57006705,1,0.99694985,1,0.9999936,1,0.6186738,1
0,0.4013692,0,0.5553673,1,0.022753464,0,0.0015288196,0,0.024788244,0
1,8.709986e-08,0,0.6065509,1,0.008021346,0,0.0028647978,0,0.00011660159,0
1,0.99998784,1,0.5552915,1,0.44796854,0,0.0015856279,0,0.00074591686,0
1,0.5619759,1,0.5554099,1,0.8992329,1,0.9985812,1,0.08263148,0
0,0.99998575,1,0.5890641,1,0.98902833,1,0.9998151,1,0.002038557,0
0,0.9998774,1,0.55570644,1,0.0037141265,0,0.0005530101,0,7.339433e-05,0
0,0.9999998,1,0.5563578,1,0.63239706,1,0.008895173,0,0.04265373,0
1,0.996643,1,0.55540365,1,0.97287256,1,0.999883,1,0.99951154,1
1,3.1817057e-05,0,0.5341349,1,0.0033016878,0,0.001271144,0,0.0002203358,0
1,4.1647265e-08,0,0.55214554,1,0.9965655,1,0.0009855086,0,0.95223206,1
0,1.8402096e-05,0,0.55509216,1,0.9641747,1,0.08109925,0,0.9344063,1
0,0.9997332,1,0.9994655,1,0.0001998213,0,0.0007055049,0,0.006109581,0
0,3.6049312e-07,0,0.5548832,1,0.0052176225,0,0.99999136,1,0.0031683347,0
0,4.9132698e-08,0,0.55541736,1,0.0058251233,0,0.009366318,0,0.10175273,0
1,0.9999989,1,0.022734987,0,0.00035382522,0,0.0015053923,0,0.0019932997,0
0,0.99928695,1,0.5600898,1,0.1717101,0,0.99908036,1,0.02612805,0
0,4.2985994e-05,0,0.5560695,1,0.0032586523,0,0.035442952,0,3.3224846e-05,0
1,0.99604064,1,0.720221,1,0.9973552,1,0.99954,1,0.32703203,0
1,0.9999933,1,0.55521446,1,0.0046231193,0,0.0011678382,0,0.0013631085,0
0,1.0,1,0.549704,1,0.99634254,1,0.8328941,1,0.9999404,1
1,6.429492e-07,0,0.55558085,1,0.9932001,1,0.98921114,1,0.57279944,1
1,0.9997298,1,0.5393196,1,0.21354446,0,0.0029302577,0,0.014406054,0
1,1.0301961e-07,0,0.5547766,1,0.010815299,0,0.0014461322,0,0.955229,1
0,1.4467714e-05,0,0.5554155,1,0.0041431165,0,0.0016598408,0,0.009855018,0
1,0.00054965867,0,0.5555203,1,0.88572985,1,0.99985397,1,0.6533051,1
1,2.3447121e-06,0,0.55539125,1,0.0033395658,0,0.0006146198,0,8.578131e-05,0
1,0.9995886,1,0.55539984,1,0.9878404,1,0.9993301,1,0.99839514,1
0,0.39607868,0,0.5556569,1,0.99685717,1,0.99926,1,0.99629956,1
1,0.9996004,1,0.89160687,1,0.99981165,1,0.9996824,1,0.98031545,1
1,0.9999659,1,0.55539316,1,0.0062875184,0,0.0065817675,0,0.20578481,0
1,2.3962758e-07,0,0.004297747,0,0.9388854,1,0.0014515233,0,0.9998203,1
0,0.00017784377,0,0.77783394,1,0.00021447135,0,0.04189015,0,0.96922976,1
0,0.0017277313,0,0.61834073,1,0.0025191836,0,0.00037763055,0,0.015338881,0
1,0.043810006,0,0.5554741,1,0.28658295,0,0.05936664,0,0.053877037,0
0,0.008958432,0,0.55540884,1,0.99396557,1,0.9999879,1,0.98713607,1
1,0.021020979,0,0.87252533,1,0.022575399,0,0.999997,1,0.9992659,1
0,0.99997205,1,0.01616686,0,0.9988048,1,0.98916245,1,0.9999529,1
1,1.6647648e-06,0,0.7912,1,0.001233672,0,0.0004101563,0,4.215295e-05,0
1,1.5432836e-07,0,0.55549824,1,0.0041757585,0,0.00060839095,0,0.5087289,1
0,8.909314e-06,0,0.556419,1,0.16789646,0,0.9995096,1,0.94509727,1
0,0.9999943,1,0.55541354,1,0.98677856,1,0.9985196,1,0.9765812,1
1,7.852206e-06,0,0.55456495,1,0.0067915856,0,0.99278,1,0.0059588403,0
1,0.00011579376,0,0.55550414,1,0.003068602,0,0.00037801254,0,0.000105206724,0
1,1.0,1,0.5553601,1,0.0030704918,0,0.00049432233,0,0.00011275073,0
1,3.90066e-10,0,0.55547035,1,0.9892783,1,0.99348366,1,0.98557556,1
1,4.855778e-06,0,0.5554858,1,0.0030921288,0,0.00061618176,0,0.0010883444,0
1,0.99478346,1,0.21814202,0,0.00024280399,0,9.906066e-07,0,0.007333324,0
1,1.520369e-11,0,0.5553087,1,0.14754404,0,0.9996934,1,0.98683923,1
1,0.99999267,1,0.55626833,1,0.9969729,1,0.7516482,1,0.9583489,1
1,7.748969e-05,0,0.55552536,1,0.0034787694,0,0.00069938734,0,0.0019163705,0
1,1.7750173e-12,0,0.5579293,1,0.99190354,1,0.0029680205,0,0.07561881,0
1,0.16436683,0,0.004783848,0,0.00019994155,0,0.008425447,0,5.419667e-05,0
1,0.00022934748,0,0.55594176,1,0.0066190204,0,0.0008579812,0,0.7095066,1
0,6.863191e-05,0,0.5555267,1,0.9817403,1,0.9997147,1,0.99981105,1
0,0.99808574,1,0.5558273,1,0.97599393,1,0.93551946,1,0.5565658,1
1,0.9999772,1,0.57630634,1,0.99666303,1,0.9999579,1,0.9999972,1
0,0.00020660242,0,0.55861247,1,0.97251266,1,0.8211963,1,0.006201904,0
0,0.00048440514,0,0.101350024,0,0.9953897,1,0.9995097,1,0.99300957,1
1,0.0008494904,0,0.5553417,1,0.0035238722,0,0.026613208,0,0.83089226,1
0,0.0016632419,0,0.5553955,1,0.9890314,1,0.9933631,1,0.9980104,1
0,0.080134116,0,0.55663687,1,0.9970563,1,0.9999971,1,0.99977976,1
0,1.2173398e-05,0,0.5440738,1,0.0069448324,0,0.8574519,1,0.9998371,1
1,0.99999774,1,0.8158627,1,0.99621767,1,0.044345755,0,0.9974392,1
1,0.998098,1,0.55593723,1,0.99616265,1,0.9994665,1,0.99989265,1
0,0.11681793,0,0.55534726,1,0.0065074177,0,0.0012887806,0,0.009474684,0
0,0.99980414,1,0.55501974,1,0.99438506,1,0.9996402,1,0.9466397,1
1,1.0,1,0.55715734,1,0.0044792313,0,0.006108082,0,0.00049872784,0
1,2.1397447e-08,0,0.55546206,1,0.99162835,1,0.99997747,1,0.4788805,0
1,0.9999823,1,0.5552091,1,0.99598604,1,0.97583,1,0.9970434,1
0,9.8310875e-06,0,0.5549828,1,0.98951656,1,0.086791076,0,0.024452236,0
0,0.9999972,1,0.55540705,1,0.81049025,1,0.7687117,1,0.022559138,0
1,0.99923396,1,0.55542797,1,0.7684995,1,0.48706645,0,0.98082894,1
1,1.0215349e-09,0,0.55540204,1,0.007847943,0,0.0032480804,0,0.023738662,0
1,5.101521e-06,0,0.5554734,1,0.004942394,0,0.9803483,1,0.055568665,0
1,9.1202706e-10,0,0.5551852,1,0.013934106,0,0.000438275,0,0.2821098,0
1,0.99999356,1,0.55553025,1,0.0034896897,0,0.039970558,0,0.37343168,0
1,0.23470627,0,0.555409,1,0.99631244,1,0.99931514,1,0.99980974,1
1,0.0004621785,0,0.9738323,1,0.99741846,1,0.99998724,1,0.9999844,1
1,0.9098379,1,0.55595154,1,0.1934472,0,0.005101952,0,0.0032115832,0
0,1.4961107e-05,0,0.6550773,1,0.015639603,0,0.9907311,1,0.9774234,1
1,1.9241446e-08,0,0.55731833,1,0.9969908,1,0.99987125,1,0.9691191,1
0,0.54915774,1,0.612865,1,0.9964195,1,0.9998772,1,0.015879922,0
1,1.0,1,0.55624586,1,0.09697814,0,0.022271426,0,0.58971477,1
0,6.5632757e-06,0,0.5559096,1,0.0040650484,0,0.029354136,0,0.18530087,0
0,0.9999128,1,0.6778533,1,0.16356815,0,0.99878174,1,0.99980587,1
1,0.06916906,0,0.56113005,1,0.006289616,0,0.0015272939,0,0.978945,1
0,0.99999905,1,0.55179554,1,0.9965671,1,0.99524146,1,0.99994266,1
0,0.113790184,0,0.55509394,1,0.003409637,0,0.9988345,1,0.99960536,1
1,0.0063485047,0,0.55550677,1,0.9746577,1,0.0013545582,0,0.9951386,1
1,4.831311e-07,0,0.55598754,1,0.9970123,1,0.9582096,1,0.8312086,1
0,0.83913165,1,0.55540305,1,0.986341,1,0.016849756,0,0.9990533,1
1,0.9998544,1,0.5557709,1,0.0034434958,0,0.2652017,0,0.99724317,1
1,0.08967335,0,0.5655976,1,0.8009199,1,0.8571277,1,0.0010680188,0
1,3.4959594e-08,0,0.99972874,1,0.04046917,0,0.5390745,1,0.0013853447,0
0,3.0380832e-08,0,0.55589575,1,0.03074064,0,0.04328672,0,0.05559617,0
1,1.0,1,0.55603784,1,0.0031366434,0,0.00074419973,0,0.0013245055,0
1,0.0006063472,0,0.5550273,1,0.9711201,1,0.9996483,1,0.99954915,1
1,0.99996144,1,0.55546564,1,0.008773553,0,0.0033527676,0,0.060831062,0
0,2.0064995e-08,0,0.5555796,1,0.99688447,1,0.9999483,1,0.99959093,1
1,1.1646484e-07,0,0.55542344,1,0.008190173,0,0.00090961746,0,0.81324565,1
0,0.99965906,1,0.5554653,1,0.9342694,1,0.004214952,0,0.94658643,1
0,0.99986106,1,0.55585164,1,0.9708962,1,0.0061574257,0,0.025421051,0
0,0.9999743,1,0.55518746,1,0.99537444,1,0.9999939,1,0.9813967,1
0,1.0942606e-06,0,0.04611397,0,0.002011193,0,0.00010142295,0,0.00041134557,0
0,0.9999664,1,0.03565216,0,0.0004913388,0,0.0001208758,0,0.022243915,0
0,0.99997705,1,0.5552869,1,0.92822343,1,0.99595034,1,0.66979694,1
1,0.9998241,1,0.5646197,1,0.004699215,0,0.004092996,0,0.004761109,0
1,2.2500724e-05,0,0.5557486,1,0.07146151,0,0.9991281,1,0.5972731,1
0,0.99999946,1,0.55446726,1,0.003153934,0,0.00048060284,0,0.0003381471,0
0,4.697377e-08,0,0.5563955,1,0.006247364,0,0.022003882,0,0.0014679387,0
1,0.94625247,1,0.55537355,1,0.22326532,0,0.9999803,1,0.99684083,1
0,4.1982422e-14,0,0.9926124,1,0.006162444,0,0.007113788,0,0.8257749,1
1,0.99996054,1,0.49607787,0,0.75495154,1,0.99998224,1,0.99682546,1
0,2.6140717e-05,0,0.62483704,1,0.9842115,1,0.9689325,1,0.00075458776,0
1,5.047389e-05,0,0.5555782,1,0.0032287254,0,0.0005951433,0,0.00022646114,0
1,1.9741128e-10,0,0.55533934,1,0.9962148,1,0.21313675,0,0.013061172,0
1,0.9993564,1,0.55590725,1,0.9846727,1,0.9748038,1,0.99132913,1
0,0.99353534,1,0.5553988,1,0.9947547,1,0.9919643,1,0.6271538,1
0,6.0299815e-10,0,0.5547189,1,0.011927292,0,0.0077207466,0,0.004386793,0
0,0.8712728,1,0.9410137,1,0.00033243428,0,0.006686541,0,0.10552151,0
1,7.532085e-09,0,0.54796803,1,0.98764694,1,0.9999778,1,0.10318261,0
0,0.9999957,1,0.54600626,1,0.994495,1,0.99997103,1,0.99942535,1
0,3.323919e-06,0,0.5556843,1,0.0035262438,0,0.99804664,1,0.0022534565,0
0,3.0308565e-06,0,0.5545278,1,0.99218154,1,0.9999052,1,0.9762312,1
1,0.9999541,1,0.55529386,1,0.0077906903,0,0.22365528,0,0.00060151966,0
1,0.00060592784,0,0.55546033,1,0.003319017,0,0.0010811611,0,0.0005230948,0
0,2.5109013e-14,0,0.5649755,1,0.0035984702,0,0.99777913,1,0.3978122,0
0,0.004420417,0,0.55571926,1,0.99341935,1,0.9877296,1,0.7888861,1
1,0.99999267,1,0.39442414,0,0.00043497526,0,8.149207e-07,0,0.22157685,0
1,1.9241257e-09,0,0.5557871,1,0.08710684,0,0.0021213775,0,0.007811811,0
1,0.9997275,1,0.5561143,1,0.0031002846,0,0.00056882127,0,0.00010227958,0
1,0.39672685,0,0.5543181,1,0.009919811,0,0.9903033,1,0.01509636,0
1,1.2591642e-07,0,0.5553877,1,0.0032394778,0,0.0017597654,0,0.004678213,0
1,8.0666507e-07,0,0.555412,1,0.97501844,1,0.99978954,1,0.99453074,1
0,0.6689615,1,0.55837226,1,0.0034130753,0,0.99531966,1,0.9999013,1
1,4.0164236e-06,0,0.023635803,0,0.9996929,1,4.334782e-06,0,0.8046126,1
1,1.12452575e-07,0,0.55546415,1,0.9943468,1,0.99958724,1,0.99968666,1
1,1.3624721e-07,0,0.9555239,1,0.0046311375,0,0.86236,1,0.0011122107,0
1,0.9998776,1,0.55560154,1,0.0049175494,0,0.99034697,1,0.9465658,1
1,0.28378603,0,0.55540293,1,0.6647703,1,0.91699475,1,0.9995533,1
0,0.9931565,1,0.55522174,1,0.9962337,1,0.99575645,1,0.9931292,1
1,0.99131334,1,0.5568475,1,0.9951715,1,0.9999942,1,0.9990164,1
1,1.0131449e-05,0,0.5564497,1,0.0036417611,0,0.0011957181,0,0.09874416,0
0,4.013491e-08,0,0.5553066,1,0.9964042,1,0.99998295,1,0.99999505,1
1,1.8358887e-06,0,0.00024159717,0,0.72331697,1,5.5214364e-06,0,0.0001709958,0
1,4.1817948e-05,0,0.555455,1,0.99664867,1,0.9944155,1,0.104881585,0
1,6.782523e-10,0,0.9987972,1,0.0050278525,0,0.13074942,0,0.008119363,0
1,0.999183,1,0.55506074,1,0.9966671,1,0.99877274,1,0.27456293,0
0,0.9995352,1,0.55561095,1,0.9081369,1,0.99800354,1,0.9987809,1
1,1.548852e-13,0,0.59744966,1,0.9969939,1,0.999971,1,0.9999789,1
0,9.0897124e-08,0,0.55525136,1,0.023057062,0,0.0021732037,0,0.9984882,1
1,5.35075e-06,0,0.5732996,1,0.0031597682,0,0.00089349074,0,0.0009820638,0
1,3.0884054e-05,0,0.55546254,1,0.98643744,1,0.45534903,0,0.060829204,0
0,0.9994303,1,0.55575234,1,0.003178069,0,0.000545338,0,0.0005101461,0
1,0.0069724475,0,0.55562997,1,0.9960391,1,0.9988566,1,0.9973304,1
1,0.99999,1,0.55543953,1,0.99650353,1,0.9996151,1,0.9995461,1
0,2.1589798e-08,0,0.5466643,1,0.8157221,1,0.9998736,1,0.9998743,1
1,0.010239424,0,0.55540395,1,0.38688856,0,0.002353878,0,0.17296565,0
1,0.99995685,1,0.5597669,1,0.9968578,1,0.99992293,1,0.9787939,1
0,8.103378e-06,0,0.54577327,1,0.0034026832,0,0.0013945488,0,0.00020758598,0
1,1.1771543e-10,0,0.55564153,1,0.9908366,1,0.99951726,1,0.37023196,0
1,0.9999999,1,0.99950045,1,0.00022759366,0,0.65570945,1,0.021611495,0
1,1.0,1,0.578994,1,0.9867842,1,0.14143859,0,0.0018856183,0
0,0.9999704,1,0.57101744,1,0.0051906602,0,0.0022509736,0,0.9958554,1
1,0.9829726,1,0.9575737,1,0.00060388725,0,3.8686817e-06,0,0.04377228,0
0,6.536683e-05,0,0.5467585,1,0.9954617,1,0.99995255,1,0.9986923,1
0,2.0523903e-09,0,0.5554947,1,0.0032727083,0,0.0026049905,0,0.004316878,0
0,1.1509475e-10,0,0.0983864,0,0.00016652662,0,2.8063155e-06,0,0.9999094,1
1,1.0,1,0.89763623,1,0.0015163147,0,0.92919356,1,0.9997765,1
0,0.02136039,0,0.55562663,1,0.96428424,1,0.9996836,1,0.99948514,1
0,0.00019191852,0,0.56514186,1,0.9895842,1,0.061511103,0,0.021380788,0
1,7.816462e-06,0,0.5553776,1,0.005099113,0,0.10535879,0,0.37232286,0
0,9.642291e-06,0,0.5642637,1,0.0032121604,0,0.6026015,1,0.0037737319,0
1,0.22104955,0,0.55534554,1,0.003435753,0,0.05208088,0,0.27955702,0
0,0.99996746,1,0.6659353,1,0.99744165,1,0.9999748,1,0.9989157,1
0,1.0568001e-09,0,0.5504738,1,0.07560021,0,0.9999878,1,0.99995184,1
1,0.8007812,1,0.5553551,1,0.0042624422,0,0.99274516,1,0.00032698954,0
1,0.9994085,1,0.5552637,1,0.28018755,0,0.0019150102,0,0.0031812284,0
1,0.9836055,1,0.55552655,1,0.0031840827,0,0.0006955736,0,0.000573664,0
0,0.9999976,1,0.5529433,1,0.9958946,1,0.9994321,1,0.9973623,1
0,0.9999401,1,0.5553675,1,0.0037589727,0,0.0018644116,0,0.0019247138,0
1,0.4961778,0,0.55532545,1,0.99646014,1,0.99952984,1,0.99970806,1
1,0.9999908,1,0.95910186,1,0.9998375,1,0.9996819,1,0.32320735,0
0,0.9999958,1,0.5572894,1,0.017619282,0,0.9999346,1,0.0013373137,0
1,3.0714193e-05,0,0.55478436,1,0.98844576,1,0.99413,1,0.99974966,1
1,0.87826693,1,0.5751208,1,0.9767436,1,0.9991234,1,0.99974173,1
0,0.96992034,1,0.5551198,1,0.9970331,1,0.99195594,1,0.99824053,1
0,0.99999696,1,0.55506873,1,0.119685225,0,0.30147746,0,0.016380968,0
0,0.3984903,0,0.5540874,1,0.99636006,1,0.9987819,1,0.999952,1
0,0.52166116,1,0.5551259,1,0.006540161,0,0.0017722874,0,0.99388707,1
1,0.99994296,1,0.5549655,1,0.0054448987,0,0.99223495,1,0.77077657,1
0,1.2908873e-05,0,0.5552997,1,0.99337023,1,0.99997306,1,0.9998894,1
0,2.2659795e-05,0,0.55539733,1,0.9669416,1,0.99985063,1,0.9995285,1
1,0.993662,1,0.5552788,1,0.040992048,0,0.038029246,0,0.9595714,1
0,0.00012262873,0,0.55543464,1,0.0053979475,0,0.00057135656,0,0.039445594,0
1,0.016576031,0,0.5552942,1,0.003974331,0,0.00054788997,0,0.00086682057,0
1,0.99178743,1,0.5541614,1,0.9870163,1,0.55536234,1,0.09472154,0
1,0.9999854,1,0.979135,1,0.9994182,1,0.0023231318,0,0.06541651,0
0,1.3972697e-08,0,0.651304,1,0.99983287,1,0.99994564,1,0.99975634,1
1,7.487978e-05,0,0.96519905,1,0.6931482,1,0.99253196,1,0.0042224955,0
1,0.9946505,1,0.55976605,1,0.0030675635,0,0.00047504378,0,3.262244e-05,0
1,0.0002790143,0,0.5554375,1,0.16490552,0,0.9998005,1,0.018476836,0
0,0.99997836,1,0.55627346,1,0.99697,1,0.999938,1,0.9990064,1
1,0.9904801,1,0.5554007,1,0.9729101,1,0.99823815,1,0.80203515,1
1,0.99996173,1,0.55679786,1,0.0041732565,0,0.9984573,1,0.011073824,0
0,0.010283936,0,0.5543727,1,0.5805303,1,0.99860346,1,0.97067237,1
0,9.991905e-07,0,0.5553374,1,0.0044816267,0,0.0003836506,0,0.039183673,0
0,0.25625664,0,0.5572008,1,0.010609964,0,0.95716673,1,0.97042376,1
1,0.9903794,1,0.55546504,1,0.99178845,1,0.9785073,1,0.6815302,1
1,0.95074123,1,0.81196463,1,0.9226243,1,0.0018286969,0,0.5445701,1
1,0.00014645435,0,0.39622906,0,0.00038372487,0,4.9248843e-06,0,0.0031873612,0
0,5.6309057e-07,0,0.555703,1,0.98328704,1,0.9999858,1,0.41238487,0
1,0.51572293,1,0.5555399,1,0.0032078058,0,0.0010664552,0,0.001646853,0
1,6.2265004e-05,0,0.55519664,1,0.9948272,1,0.9189249,1,0.0023313211,0
1,0.016807057,0,0.55508274,1,0.9968773,1,0.9997502,1,0.999913,1
0,0.71906745,1,0.56250703,1,0.105529755,0,0.99038535,1,0.9808553,1
0,2.281367e-07,0,0.5558256,1,0.0057087047,0,0.0075705894,0,0.019509748,0
0,2.6194714e-06,0,0.5553848,1,0.0039954497,0,0.0032809046,0,0.004111512,0
0,0.99999446,1,0.541842,1,0.004379749,0,0.010851799,0,0.0041987924,0
0,2.5290436e-05,0,0.55519783,1,0.99348694,1,0.21223554,0,0.96568274,1
0,5.4332787e-08,0,0.5710495,1,0.99494016,1,0.99692726,1,0.9790696,1
1,0.00044644458,0,0.555503,1,0.99536437,1,0.97939694,1,0.00024849555,0
0,3.418279e-05,0,0.55544907,1,0.9969369,1,0.9999862,1,0.9996463,1
1,0.9794093,1,0.9997671,1,0.00014606705,0,5.352934e-07,0,0.94210035,1
0,1.2258794e-06,0,0.5553802,1,0.99655133,1,0.99996465,1,0.8764539,1
0,0.9994185,1,0.555886,1,0.0032634514,0,0.093449295,0,0.9078155,1
1,0.00011844955,0,0.56123334,1,0.19047935,0,0.024983596,0,0.9773641,1
1,3.959439e-06,0,0.5554741,1,0.9958464,1,0.9999266,1,0.98490155,1
0,5.9213767e-07,0,0.55555546,1,0.9049293,1,0.99998283,1,0.58560926,1
1,0.9992255,1,0.55565685,1,0.004502156,0,0.00036445173,0,0.015435724,0
1,1.6648983e-06,0,0.5601884,1,0.003374344,0,0.0006683448,0,9.8041804e-05,0
1,4.7383836e-08,0,0.0034784898,0,0.05620186,0,3.184164e-05,0,0.14756504,0
0,0.0007969352,0,0.99956965,1,0.0007571005,0,0.005385078,0,0.0045219664,0
0,6.7859805e-06,0,0.5445534,1,0.99479365,1,0.9973429,1,0.026801273,0
0,2.4151894e-05,0,0.55156064,1,0.0034358434,0,0.0019006017,0,0.007308443,0
0,1.9898905e-06,0,0.48021835,0,0.9921947,1,0.39280626,0,0.9272007,1
1,0.99999994,1,0.6351974,1,0.004104102,0,0.0016028511,0,0.0026593788,0
1,0.9999998,1,0.9453604,1,0.00014455523,0,1.6246284e-07,0,0.00014419496,0
0,1.0873368e-06,0,0.52193224,1,0.99692047,1,0.99995345,1,0.0047294665,0
1,2.0949155e-06,0,0.99577326,1,0.0009082404,0,1.1239599e-06,0,0.07815393,0
1,0.999999,1,0.55523556,1,0.0030795329,0,0.00036924463,0,7.562571e-06,0
1,0.9991262,1,0.55526364,1,0.99704975,1,0.99992174,1,0.99903756,1
1,1.0057411e-06,0,0.55364376,1,0.99395686,1,0.9998554,1,0.99732214,1
1,2.36264e-06,0,0.55509937,1,0.282157,0,0.9997633,1,0.9992628,1
1,0.77095896,1,0.5550882,1,0.9613588,1,0.023943314,0,0.36198068,0
1,0.41331148,0,0.63020426,1,0.0032015971,0,0.001593781,0,0.9988018,1
0,0.99988776,1,0.55538845,1,0.99705,1,0.99989516,1,0.9999896,1
0,0.9999267,1,0.5560666,1,0.0069790045,0,0.9999269,1,0.99073786,1
1,0.99999696,1,0.5524193,1,0.003816187,0,0.0010819889,0,0.0025982605,0
1,0.0028474734,0,0.5554186,1,0.97097784,1,0.0023759552,0,0.8088601,1
0,0.9993567,1,0.5591117,1,0.0031732963,0,0.005513115,0,5.3239008e-05,0
0,9.769301e-06,0,0.5550003,1,0.0030873925,0,0.0004957034,0,0.0033915953,0
0,0.9987423,1,0.55471826,1,0.9776112,1,0.99997926,1,0.9982167,1
0,0.006604763,0,0.5552274,1,0.99552125,1,0.9992584,1,0.999236,1
0,0.99999905,1,0.5554013,1,0.7372311,1,0.9972779,1,0.99369556,1
0,0.99718,1,0.5552556,1,0.0030708916,0,0.001407318,0,0.0001351623,0
1,0.037640575,0,0.55539393,1,0.9967736,1,0.9996177,1,0.99996555,1
1,3.99968e-09,0,0.53399825,1,0.9133048,1,0.9994183,1,0.24342413,0
1,6.5494794e-05,0,0.55554694,1,0.0030670506,0,0.0007730742,0,0.00041392416,0
0,0.99734986,1,0.5551038,1,0.0033309679,0,0.00071635575,0,0.00030616485,0
0,1.1136402e-05,0,0.9990053,1,0.5576437,1,0.8775742,1,0.0019497516,0
0,0.99994874,1,0.5554214,1,0.9937964,1,0.050918806,0,0.059959754,0
1,0.9999749,1,0.55703884,1,0.0031387839,0,0.0004759208,0,0.0026802802,0
1,0.9949674,1,0.93525404,1,0.0012162413,0,0.48969272,0,0.017150236,0
0,2.7043826e-10,0,0.552041,1,0.9970556,1,0.9999313,1,0.99900043,1
1,0.00040997416,0,0.5554068,1,0.9843416,1,0.9993055,1,0.9859169,1
0,0.99999696,1,0.5942645,1,0.06521267,0,0.0015535081,0,0.0013929629,0
1,0.99999917,1,0.5884673,1,0.0030945144,0,0.00088369637,0,0.0006894278,0
0,0.996434,1,0.5556533,1,0.003127295,0,0.001313745,0,0.9974815,1
1,8.9145495e-08,0,0.95674866,1,0.00054349046,0,0.9324436,1,0.9015735,1
1,0.99985343,1,0.55520797,1,0.99092317,1,0.9928408,1,0.0019003474,0
0,0.008502783,0,0.09401787,0,0.99738413,1,0.99675065,1,0.9890803,1
1,0.9999105,1,0.55536675,1,0.004346984,0,0.025600241,0,0.8964867,1
0,9.337331e-06,0,0.51503533,1,0.28152382,0,0.89040625,1,0.010846998,0
0,0.8570821,1,0.0019021762,0,0.9995617,1,0.9999989,1,0.99698406,1
1,0.06976413,0,0.55820835,1,0.003145412,0,0.00059437426,0,0.0038243074,0
0,7.599527e-07,0,0.55536014,1,0.99556005,1,0.9761072,1,0.99700296,1
1,0.99995404,1,0.951297,1,0.9992768,1,0.009761943,0,0.9639431,1
0,0.03722613,0,0.5552226,1,0.15278634,0,0.99996364,1,0.99091905,1
1,1.0109932e-07,0,0.58231276,1,0.003087902,0,0.0011641816,0,0.0052902503,0
0,0.8125058,1,0.5691102,1,0.07951719,0,0.68740034,1,0.99619174,1
0,0.010783797,0,0.5554837,1,0.995099,1,0.999979,1,0.99912703,1
0,0.9999489,1,0.55533963,1,0.992884,1,0.011190674,0,0.088110104,0
0,0.9998593,1,0.55454177,1,0.003069705,0,0.9987742,1,0.69290054,1
0,1.0,1,0.5553991,1,0.99703944,1,0.9998555,1,0.99855095,1
0,0.0004168536,0,0.6026091,1,0.0031269998,0,0.012982221,0,0.00023118859,0
0,0.9999555,1,0.5560923,1,0.003399139,0,0.00097410235,0,0.8337284,1
1,0.99998957,1,0.55539906,1,0.5052897,1,0.9884579,1,0.6721498,1
0,0.99983424,1,0.555546,1,0.0032129146,0,0.0006488197,0,0.0030655651,0
1,2.1216449e-05,0,0.5554524,1,0.004103613,0,0.0019870743,0,0.5102922,1
1,7.843778e-08,0,0.8815685,1,0.0029791011,0,9.939289e-05,0,0.00044834946,0
1,3.1376214e-08,0,0.9167016,1,0.9997523,1,0.9999989,1,0.99947953,1
1,0.9998075,1,0.5554564,1,0.008077959,0,0.0005653757,0,0.5146525,1
1,0.07577504,0,0.55540955,1,0.8961497,1,0.99964774,1,0.9667608,1
0,0.2515076,0,0.556293,1,0.005621494,0,0.0012606146,0,0.39668432,0
0,8.8273705e-10,0,0.8646912,1,0.9928127,1,0.9970325,1,0.017424718,0
0,5.241315e-07,0,0.55673945,1,0.003317369,0,0.0010107168,0,3.260387e-05,0
1,0.9999581,1,0.55542636,1,0.0038214598,0,0.0015444462,0,0.00020319085,0
1,0.14665201,0,0.5557662,1,0.42060706,0,0.99986225,1,0.11127973,0
0,0.99998313,1,0.5554522,1,0.99503833,1,0.89928406,1,0.008282602,0
0,0.021457043,0,0.55527383,1,0.003706131,0,0.00089987204,0,0.019410687,0
0,0.9991292,1,0.03728924,0,0.0004247429,0,1.697362e-05,0,0.00017392875,0
1,0.00595897,0,0.5552463,1,0.98634756,1,0.9996837,1,0.902081,1
1,2.4119076e-09,0,0.5552487,1,0.89952266,1,0.10051027,0,0.00062858296,0
1,0.9967081,1,0.55583066,1,0.0056351116,0,0.98053026,1,0.00194745,0
0,0.15070873,0,0.5538653,1,0.004191598,0,0.9830427,1,0.9846818,1
0,6.204821e-08,0,0.9863031,1,0.9984264,1,0.9999934,1,0.9998693,1
1,5.3506578e-11,0,0.25705627,0,0.9508282,1,0.7957896,1,0.99698114,1
0,1.6545339e-06,0,0.05673312,0,0.9964665,1,0.99993867,1,0.4165896,0
0,0.020086685,0,0.55541265,1,0.01132704,0,0.031168183,0,0.0017847798,0
1,0.9997474,1,0.033784285,0,0.9671003,1,2.0065314e-05,0,0.043685365,0
1,0.0039199684,0,0.55572236,1,0.0031635629,0,0.11828302,0,0.015673622,0
1,0.15192673,0,0.5566281,1,0.0036090722,0,0.0063241795,0,0.0037152963,0
0,1.1141617e-08,0,0.55549085,1,0.9751953,1,0.99876904,1,0.99606854,1
0,0.00021162748,0,0.5558842,1,0.009897511,0,0.6692495,1,0.0060686627,0
1,0.99982303,1,0.5562247,1,0.00336869,0,0.00068750465,0,0.0012859474,0
0,0.99992096,1,0.014956518,0,0.99978757,1,0.99783695,1,0.9938412,1
1,0.9999999,1,0.5556764,1,0.0065527237,0,0.00069924403,0,0.006256201,0
1,0.08889827,0,0.55532086,1,0.0047866814,0,0.0043768426,0,0.0007828663,0
1,6.0587812e-05,0,0.93807316,1,0.00044454797,0,0.8541214,1,0.0019896736,0
1,0.9999988,1,0.5554124,1,0.004346315,0,0.10201584,0,0.10309668,0
1,0.99969625,1,0.56214786,1,0.0048792497,0,0.99847203,1,0.20236519,0
1,0.99999404,1,0.5554408,1,0.989503,1,0.0015612796,0,0.0015697165,0
1,0.99994755,1,0.14525658,0,0.99363375,1,0.013848342,0,0.99997884,1
0,0.99917287,1,0.45167354,0,0.99732107,1,0.9999897,1,0.00010905894,0
0,1.5325901e-07,0,0.555538,1,0.006756945,0,0.0020107871,0,0.023710765,0
0,0.85842764,1,0.55621433,1,0.004292722,0,0.2625481,0,0.0010400204,0
0,0.9999477,1,0.54480124,1,0.007446858,0,0.073152125,0,0.0007432323,0
1,0.99956775,1,0.5556464,1,0.0038945049,0,0.0012727567,0,0.005226195,0
1,0.042531367,0,0.5585822,1,0.011556409,0,0.012221547,0,0.9858774,1
1,0.99999446,1,0.55539125,1,0.0034803166,0,0.0007911589,0,0.0013960099,0
1,0.99999803,1,0.554962,1,0.9725747,1,0.97537357,1,0.98664004,1
0,3.6529257e-06,0,0.55494416,1,0.9933613,1,0.9999795,1,0.99788475,1
1,1.4040882e-06,0,0.5553298,1,0.011432621,0,0.0016658774,0,0.9810716,1
0,0.99978256,1,0.46086898,0,0.0047074286,0,0.0016919016,0,0.996723,1
1,3.1295542e-06,0,0.5574811,1,0.003526651,0,0.0005096975,0,3.5003723e-05,0
0,0.9930131,1,0.5553471,1,0.0031352618,0,0.00042132626,0,0.00065499794,0
0,0.9999565,1,0.557463,1,0.0038597921,0,0.0007520622,0,0.0021833703,0
0,2.0470117e-07,0,0.547375,1,0.004126164,0,0.92615086,1,6.674955e-05,0
0,0.001589664,0,0.2928433,0,0.1023258,0,0.9999894,1,0.9996496,1
0,1.5534251e-05,0,0.5555958,1,0.9907447,1,0.9997164,1,0.9999497,1
1,0.98889124,1,0.0016479959,0,0.000614529,0,0.009237554,0,0.80612093,1
1,0.9131756,1,0.55535793,1,0.008882037,0,0.98954284,1,0.0010067716,0
1,0.000342624,0,0.003643024,0,0.0001038888,0,5.7707143e-07,0,0.0011667329,0
0,0.7681682,1,0.55506366,1,0.9965683,1,0.9999881,1,0.998754,1
1,4.6797617e-05,0,0.56272805,1,0.0030690774,0,0.0007840007,0,1.8744915e-05,0
0,9.61982e-09,0,0.5560533,1,0.004115851,0,0.25758308,0,0.0004437351,0
1,0.1017214,0,0.5553685,1,0.9965744,1,0.96545357,1,0.8260293,1
1,0.9999971,1,0.5498804,1,0.00374889,0,0.0011464484,0,0.00115292,0
0,1.5639728e-12,0,0.9510302,1,0.99931103,1,0.9999956,1,0.9992596,1
1,1.2636857e-05,0,0.55547714,1,0.9937864,1,0.9993778,1,0.96027344,1
0,0.91749936,1,0.054122128,0,0.0022588996,0,0.00011909011,0,0.00056718977,0
0,1.4430579e-07,0,0.5553442,1,0.0062624323,0,0.3933025,0,0.00016389185,0
1,0.00129828,0,0.55103207,1,0.0032248148,0,0.001782564,0,3.7312384e-05,0
0,0.993035,1,0.5554169,1,0.036622148,0,0.9942927,1,0.98517865,1
1,0.00023797948,0,0.5553105,1,0.003325663,0,0.00039196186,0,0.00022565312,0
0,2.538809e-07,0,0.5555513,1,0.007797911,0,0.5257524,1,0.0060511003,0
0,4.655017e-07,0,0.5554776,1,0.96141857,1,0.9975361,1,0.9999818,1
0,0.99999934,1,0.5537235,1,0.98504144,1,0.9957205,1,0.99711424,1
1,0.99808186,1,0.5550431,1,0.0041490505,0,0.0007059323,0,0.00017519775,0
1,0.9998751,1,0.55562216,1,0.5466739,1,0.0095766885,0,0.0049735517,0
0,1.3138255e-05,0,0.5553961,1,0.003542769,0,0.46694407,0,0.0007757505,0
0,3.213143e-08,0,0.5571054,1,0.9970481,1,0.9999964,1,0.99982667,1
1,0.9999945,1,0.9870194,1,0.9992606,1,0.036769755,0,0.79926556,1
0,0.97287446,1,0.55528307,1,0.8297854,1,0.4624537,0,0.00033797152,0
0,6.698771e-05,0,0.55553144,1,0.010834654,0,0.28083485,0,0.44752517,0
1,5.41969e-07,0,0.5555319,1,0.9911189,1,0.9762027,1,0.40416515,0
0,2.7025399e-08,0,0.55510867,1,0.9961924,1,0.9998777,1,0.9995228,1
0,2.1542204e-05,0,0.5553298,1,0.55754375,1,0.007916307,0,0.30078086,0
0,0.9999999,1,0.55511165,1,0.99614745,1,0.5055493,1,0.01680319,0
0,0.97906435,1,0.5560327,1,0.0051907166,0,0.00095043884,0,0.010084425,0
1,0.0035682735,0,0.55535096,1,0.0036565373,0,0.00090889493,0,0.00028990555,0
0,0.15424623,0,0.5554746,1,0.0030667412,0,0.0003620773,0,0.0004678483,0
0,0.9866643,1,0.5553496,1,0.011429441,0,0.0017245176,0,0.9692006,1
1,0.97029686,1,0.9980593,1,0.0004074778,0,4.3767e-08,0,0.99277335,1
1,0.9999924,1,0.5474744,1,0.0036612374,0,0.0013240547,0,0.0010890777,0
1,0.9996855,1,0.55758333,1,0.004782531,0,0.13142006,0,0.0003325231,0
0,0.0026649598,0,0.5549094,1,0.0158312,0,0.001129584,0,0.82875615,1
1,0.99994266,1,0.29094124,0,0.0035626087,0,0.94276077,1,0.4285478,0
1,7.664699e-07,0,0.9342132,1,0.9997346,1,0.9999965,1,0.9995573,1
1,0.00038118902,0,0.5553988,1,0.39143753,0,0.6313776,1,0.040662035,0
1,0.0009409967,0,0.55542433,1,0.8523088,1,0.9998445,1,0.9994096,1
1,2.4496276e-07,0,0.55394006,1,0.71331096,1,0.03306061,0,0.85878116,1
1,0.0007528554,0,0.5458037,1,0.003069457,0,0.00050540577,0,6.0245304e-05,0
0,0.99995905,1,0.57584745,1,0.006863542,0,0.99910635,1,0.9891082,1
0,4.9882987e-09,0,0.5559514,1,0.0035214422,0,0.38815922,0,0.007717897,0
1,0.9999897,1,0.554274,1,0.22221582,0,0.9992422,1,0.99052876,1
1,1.0791559e-12,0,0.55522674,1,0.99674916,1,0.99994004,1,0.6753361,1
0,0.0943986,0,0.4899318,0,0.0036649255,0,0.040376652,0,0.03454484,0
1,0.00053325767,0,0.5364111,1,0.9962729,1,0.41980383,0,0.9631039,1
1,0.9999216,1,0.5731615,1,0.07788143,0,0.0055757198,0,0.04268042,0
1,0.8418126,1,0.5553706,1,0.9949203,1,0.998712,1,0.9996652,1
1,1.2639845e-05,0,0.5551112,1,0.98915285,1,0.68891054,1,0.017102333,0
1,4.1841997e-07,0,0.5599916,1,0.0033420282,0,0.0043675383,0,0.0036858614,0
0,0.00064832426,0,0.5554334,1,0.9946273,1,0.9999673,1,0.99995613,1
1,2.1967793e-05,0,0.034266584,0,0.009524829,0,0.0041927923,0,0.0074062776,0
0,2.0012544e-07,0,0.5569823,1,0.0035110458,0,0.030089762,0,0.0003131551,0
1,0.1234049,0,0.55212283,1,0.20004326,0,0.0025442913,0,0.44031447,0
1,0.00048619395,0,0.0008873993,0,0.9962813,1,0.99996805,1,0.0029692103,0
1,1.1682185e-06,0,0.0016426947,0,0.99954027,1,8.92034e-06,0,0.00026408094,0
0,0.9598696,1,0.9804236,1,0.20534548,0,0.99998146,1,0.9994948,1
0,5.949236e-07,0,0.5557999,1,0.0038679081,0,0.721866,1,0.0070383004,0
0,1.4071544e-05,0,0.5552128,1,0.96614784,1,0.9999168,1,0.99964494,1
0,0.0027670173,0,0.5556357,1,0.030614667,0,0.9996085,1,0.018840412,0
1,5.5196512e-08,0,0.5521109,1,0.026053557,0,0.0006644912,0,0.062347416,0
0,0.99880934,1,0.55490434,1,0.9957866,1,0.124006815,0,0.8647514,1
0,0.0024747292,0,0.55858785,1,0.003255177,0,0.00051760575,0,0.99991024,1
1,6.734371e-05,0,0.9997586,1,0.02023944,0,4.841466e-05,0,0.00934122,0
0,6.0798375e-06,0,0.5551072,1,0.9928111,1,0.0008191237,0,0.002538883,0
1,2.1332379e-11,0,0.5538686,1,0.0042496994,0,0.00047248637,0,0.0021015934,0
0,1.7035182e-08,0,0.5552546,1,0.99577165,1,0.9999704,1,0.9985444,1
1,0.9803725,1,0.55539703,1,0.0030727026,0,0.0023776633,0,0.2206419,0
1,2.04865e-05,0,0.9985974,1,0.00024593534,0,3.9273385e-07,0,0.17434685,0
0,4.6252477e-08,0,0.55542636,1,0.99588317,1,0.9997958,1,0.9720931,1
0,0.038902443,0,0.55542946,1,0.9914643,1,0.9923833,1,0.9943768,1
1,0.00041035793,0,0.55522305,1,0.0035704295,0,0.0010629173,0,4.5502573e-05,0
0,0.99147046,1,0.4773799,0,0.9874984,1,2.9526933e-07,0,0.19984365,0
1,0.027160114,0,0.55531555,1,0.99681747,1,0.17293847,0,0.92309594,1
1,0.999884,1,0.5553605,1,0.97494656,1,0.23364003,0,0.00035532544,0
1,0.9994154,1,0.55543953,1,0.027871793,0,0.99948204,1,0.9996027,1
0,0.99991107,1,0.55558735,1,0.99476576,1,0.13576299,0,0.9999641,1
0,2.2011968e-06,0,0.55550337,1,0.007926081,0,0.96467185,1,0.94813085,1
0,6.565082e-08,0,0.55616575,1,0.99158347,1,0.8735849,1,0.09473911,0
1,2.0043797e-05,0,0.1662003,0,0.097094886,0,6.751572e-05,0,0.056874193,0
1,0.9999847,1,0.5553908,1,0.3256299,0,0.0006696875,0,0.0039894595,0
1,0.0009641405,0,0.5551363,1,0.004045101,0,0.0017984009,0,0.0020384188,0
0,0.99989,1,0.55557,1,0.21051806,0,0.782794,1,0.072439745,0
1,0.022226758,0,0.5554679,1,0.7656141,1,0.9957378,1,0.9991549,1
1,1.9455081e-08,0,0.5553569,1,0.9968168,1,0.9999679,1,0.9997456,1
0,2.5707324e-08,0,0.99547774,1,0.9494963,1,0.00026475982,0,0.95102024,1
1,0.998239,1,0.60058093,1,0.99720937,1,0.9998283,1,0.0049693347,0
1,2.1410723e-07,0,0.5556222,1,0.003823915,0,0.0010290787,0,0.00049628614,0
1,0.101822175,0,0.5654625,1,0.9969861,1,0.99998814,1,0.999488,1
0,0.9999994,1,0.55533814,1,0.99671423,1,0.99999434,1,0.9599993,1
1,0.75892854,1,0.55533504,1,0.0074669067,0,0.5554454,1,0.002460643,0
1,0.995722,1,0.55538857,1,0.9909914,1,0.9754398,1,0.6597989,1
1,0.99997735,1,0.55522096,1,0.0030928494,0,0.0012861845,0,0.0008079434,0
0,0.20282088,0,0.30099812,0,0.00021343426,0,2.513077e-05,0,0.0001635673,0
1,1.6073884e-05,0,0.5555152,1,0.9962665,1,0.15624368,0,0.9998914,1
0,1.0,1,0.55538404,1,0.0036991728,0,0.14936674,0,0.019324722,0
0,0.9999996,1,0.55541533,1,0.07046983,0,0.00082519377,0,0.0059657684,0
0,0.9997901,1,0.55547035,1,0.016359784,0,0.99128276,1,0.08234802,0
0,2.222037e-06,0,0.5593258,1,0.73114735,1,0.99866045,1,0.98702234,1
0,0.9999978,1,0.55575037,1,0.27365717,0,0.0015203131,0,0.745019,1
0,0.000853573,0,0.556234,1,0.69702756,1,0.99894744,1,0.99774003,1
0,2.1490025e-05,0,0.5556258,1,0.0075403163,0,0.005027051,0,0.00255053,0
1,0.8923179,1,0.5548701,1,0.004575588,0,0.0022744539,0,0.53435606,1
1,1.2196546e-07,0,0.55533135,1,0.9924597,1,0.3976413,0,0.30235454,0
0,0.9999984,1,0.331695,0,0.0034000617,0,0.016762214,0,0.033413626,0
1,0.00023510016,0,0.5552255,1,0.9923795,1,0.0014525129,0,0.0007688242,0
0,0.9873635,1,0.548386,1,0.994608,1,0.99762577,1,0.9957756,1
1,0.99833053,1,0.5553242,1,0.007699722,0,0.0010057508,0,0.0003299595,0
0,0.9999918,1,0.5491748,1,0.9960867,1,0.079795465,0,0.05262681,0
1,1.5709634e-06,0,0.5552658,1,0.34379354,0,0.012852882,0,0.85126555,1
0,1.7576973e-08,0,0.10513603,0,0.00032106315,0,1.3061672e-05,0,0.5524637,1
1,0.20728517,0,0.09694866,0,0.9884687,1,0.62462467,1,0.058003012,0
0,0.00018863402,0,0.5582901,1,0.9919474,1,0.99997354,1,0.96644104,1
1,1.2259704e-05,0,0.55539274,1,0.81375545,1,0.99997264,1,0.77879196,1
0,4.968358e-09,0,0.5554572,1,0.00419835,0,0.011317869,0,0.9824502,1
1,0.99999714,1,0.55545384,1,0.99625367,1,0.97767115,1,0.99674875,1
1,5.5706504e-08,0,0.97880447,1,0.0010056898,0,2.0839174e-05,0,0.03186435,0
1,9.499445e-07,0,0.5554099,1,0.9297181,1,0.6303689,1,0.4391371,0
0,0.9999931,1,0.5552706,1,0.0031300895,0,0.0010592727,0,0.0003207872,0
1,0.9999852,1,0.5555214,1,0.0031667522,0,0.00042344845,0,8.5069105e-06,0
1,6.572749e-05,0,0.555365,1,0.98821676,1,0.416986,0,0.9903997,1
0,0.007607324,0,0.555113,1,0.9739657,1,0.9992523,1,0.0012062019,0
0,0.99999994,1,0.54399943,1,0.0030985752,0,0.00061672315,0,1.1927079e-05,0
1,0.0015553369,0,0.55538857,1,0.0040595806,0,0.001763266,0,0.013989695,0
0,0.9951094,1,0.57119244,1,0.9969243,1,0.99930227,1,0.98921776,1
1,9.8557315e-08,0,0.55504394,1,0.9962321,1,0.9997325,1,0.9991558,1
1,0.9999814,1,0.5484207,1,0.0030670692,0,0.001741478,0,0.0005550275,0
0,0.032577407,0,0.55530316,1,0.0041973623,0,0.00072300824,0,0.0033683646,0
1,4.4950866e-06,0,0.5553283,1,0.0072652446,0,0.8896103,1,0.07585939,0
1,0.99806035,1,0.5553732,1,0.99686676,1,0.99982554,1,0.9998254,1
0,0.9994658,1,0.5554018,1,0.0043599736,0,0.00046876512,0,0.0004670399,0
1,0.99973726,1,0.5554437,1,0.99005884,1,0.8013242,1,0.9878166,1
0,2.343318e-08,0,0.5547944,1,0.04729571,0,0.9999818,1,0.9532912,1
0,1.0096534e-06,0,0.55541605,1,0.004270778,0,0.0015463805,0,0.0036742561,0
0,8.98005e-05,0,0.5553183,1,0.9962793,1,0.9986462,1,0.98379666,1
1,0.9999933,1,0.5554439,1,0.99657327,1,0.9999844,1,0.99999535,1
1,0.99999934,1,0.8558627,1,0.003565064,0,0.00086998974,0,2.8488532e-05,0
1,0.9998563,1,0.555411,1,0.96733373,1,0.12901297,0,0.8805864,1
1,1.0616727e-06,0,0.5553236,1,0.003251163,0,0.0052625486,0,0.9939476,1
0,0.99952966,1,0.99858296,1,0.0005376935,0,0.018849542,0,0.119351685,0
0,0.74611455,1,0.5380725,1,0.9967035,1,0.9989492,1,0.9999559,1
0,0.5711434,1,0.55540943,1,0.5220375,1,0.9941599,1,0.33816472,0
1,0.9999845,1,0.5548982,1,0.0052270177,0,0.0010208874,0,0.013813287,0
1,0.10949092,0,0.023124378,0,0.9948423,1,0.9993536,1,0.036593854,0
1,0.99988675,1,0.5554416,1,0.6183765,1,0.94771457,1,0.99871784,1
1,0.9994113,1,0.5555229,1,0.9906409,1,0.033152327,0,0.9872058,1
1,1.2191534e-06,0,0.55541825,1,0.23161963,0,0.9993455,1,0.99742836,1
1,0.99998903,1,0.55555856,1,0.9855148,1,0.99944985,1,0.99998415,1
1,0.9663089,1,0.5548139,1,0.10870906,0,0.011066567,0,0.0044527464,0
0,3.1275025e-07,0,0.55526316,1,0.004770805,0,0.684056,1,0.0049661384,0
1,0.9998551,1,0.55540156,1,0.99298733,1,0.005603049,0,0.99684757,1
0,0.053686906,0,0.55536443,1,0.971865,1,0.002181467,0,0.018042535,0
0,1.2941595e-06,0,0.5554235,1,0.9864991,1,0.7048702,1,0.012516757,0
1,0.025098795,0,0.5554018,1,0.0041854945,0,0.023353668,0,0.0053953337,0
1,0.8163867,1,0.5636054,1,0.0037593676,0,0.03626762,0,0.0064561456,0
0,0.99998975,1,0.18671624,0,0.0007569241,0,4.436149e-05,0,0.05843835,0
1,2.7403246e-10,0,0.5558914,1,0.1209385,0,0.15977961,0,0.0025893985,0
0,0.0015416816,0,0.7639677,1,0.003197081,0,0.0046606213,0,0.5719733,1
0,0.9999563,1,0.55541456,1,0.9969449,1,0.8909553,1,0.6688351,1
1,0.010630083,0,0.2316884,0,0.0002302998,0,0.0006315413,0,0.0007359703,0
0,0.99970716,1,0.5554129,1,0.9899459,1,0.9998765,1,0.9965677,1
0,0.00012295376,0,0.55545384,1,0.24201392,0,0.07717849,0,0.88106686,1
0,0.9999994,1,0.56767815,1,0.056575403,0,0.99999577,1,0.9999863,1
1,0.00014651832,0,0.5554092,1,0.071394525,0,0.4835273,0,0.998596,1
0,1.0,1,0.96072817,1,0.99982667,1,0.9998505,1,0.7188623,1
1,0.045985963,0,0.50659263,1,0.0033946065,0,0.0015498307,0,0.0009252486,0
1,0.9999986,1,0.5524586,1,0.00359898,0,0.0050710887,0,0.0001365142,0
0,0.0001809732,0,0.55535,1,0.98396796,1,0.97151136,1,0.056255367,0
0,0.98840505,1,0.538557,1,0.004072123,0,0.011293443,0,0.010014326,0
1,0.011520667,0,0.55540085,1,0.9806916,1,0.9999695,1,0.9919777,1
0,1.9003659e-05,0,0.5555453,1,0.97509116,1,0.0012713537,0,0.0115563935,0
0,1.1287127e-05,0,0.9340637,1,0.99960935,1,0.45522434,0,0.98117524,1
1,0.00022664087,0,0.55667853,1,0.0066282223,0,0.0018392721,0,0.0059829326,0
0,1.1790169e-06,0,0.55529153,1,0.0046997676,0,0.5330147,1,0.003069895,0
1,0.99972403,1,0.5563481,1,0.92528576,1,0.0007077181,0,0.9422956,1
0,8.063831e-05,0,0.55538523,1,0.9882451,1,0.0010461964,0,0.06475772,0
1,0.9999322,1,0.5555263,1,0.98490995,1,0.9995858,1,0.0045562624,0
0,2.6162958e-08,0,0.55440974,1,0.9970099,1,0.99989456,1,0.72101843,1
1,0.9999986,1,0.013519659,0,0.99987656,1,0.71210146,1,0.01908164,0
1,0.33957162,0,0.5555297,1,0.009670039,0,0.0006349772,0,0.00020090603,0
0,0.9994891,1,0.5543888,1,0.9970486,1,0.999884,1,0.97393364,1
1,0.99972194,1,0.55384904,1,0.0042213104,0,0.8722217,1,0.002491061,0
1,0.9981712,1,0.55515766,1,0.996543,1,0.99976313,1,0.9912641,1
1,0.40964982,0,0.5553518,1,0.04914289,0,0.004725154,0,0.9968621,1
1,0.9999995,1,0.55533147,1,0.9967959,1,0.99998283,1,0.9999944,1
1,3.898906e-09,0,0.5568933,1,0.004420801,0,0.07184259,0,0.98447615,1
1,2.826517e-08,0,0.5563262,1,0.99446625,1,0.9875188,1,0.9913524,1
0,0.999632,1,0.9920515,1,0.9433772,1,0.2329548,0,0.97313005,1
1,0.99532956,1,0.55276704,1,0.992383,1,0.9999915,1,0.99897176,1
0,0.999997,1,0.55727094,1,0.9945203,1,0.9997499,1,0.9741764,1
0,0.9993942,1,0.55541784,1,0.38878274,0,0.9951487,1,0.9972755,1
0,9.058449e-10,0,0.99702346,1,0.9961529,1,0.99996364,1,0.99909365,1
0,4.344702e-06,0,0.55530113,1,0.0069522755,0,0.99799836,1,0.9935911,1
1,7.9229096e-05,0,0.5615377,1,0.029589059,0,0.005767457,0,0.025599014,0
1,0.9831496,1,0.55538064,1,0.996743,1,0.99954414,1,0.99993104,1
1,0.6258614,1,0.5561578,1,0.9951997,1,0.64717597,1,0.009554295,0
0,0.02400162,0,0.5384486,1,0.0065319748,0,0.019210191,0,0.008605996,0
0,2.1670972e-10,0,0.5553798,1,0.989323,1,0.004087049,0,0.018515883,0
0,0.0012467044,0,0.55526626,1,0.0035226298,0,0.0021430354,0,8.0689155e-05,0
1,0.9999229,1,0.5514001,1,0.0034400893,0,0.0007933582,0,0.0011812026,0
0,0.9999292,1,0.5553122,1,0.0049609095,0,0.0021771484,0,0.9633126,1
0,0.9485542,1,0.5555249,1,0.9951337,1,0.9984624,1,0.33622202,0
1,0.001476516,0,0.35107785,0,0.002504741,0,0.0019902238,0,0.005129095,0
1,0.9951581,1,0.5553903,1,0.9850977,1,0.0027846678,0,0.07999367,0
0,4.5025505e-08,0,0.55535555,1,0.012191367,0,0.9103429,1,0.012433024,0
0,0.0001597915,0,0.5554053,1,0.9963197,1,0.9999636,1,0.9986543,1
1,0.99999744,1,0.99808586,1,0.9979845,1,1.789153e-06,0,0.0023388304,0
1,4.6230693e-05,0,0.5555324,1,0.9942436,1,0.9998886,1,0.5921437,1
1,2.6973083e-07,0,0.5541885,1,0.99658185,1,0.99913114,1,0.99988884,1
1,0.10697853,0,0.55539185,1,0.99480194,1,0.9999608,1,0.0057115876,0
1,2.7258617e-08,0,0.60093725,1,0.0030705265,0,0.007425515,0,0.010683264,0
1,0.99387,1,0.5554108,1,0.0054541547,0,0.007416195,0,0.0052603474,0
1,2.3668686e-05,0,0.5551789,1,0.003124407,0,0.0011184866,0,0.020752816,0
0,2.949228e-06,0,0.5558655,1,0.9962959,1,0.99968433,1,0.12464893,0
1,0.9999995,1,0.55040276,1,0.0031567984,0,0.0007751283,0,0.00014783735,0
1,9.8149205e-05,0,0.55505556,1,0.9789242,1,0.0017449433,0,0.009189757,0
1,0.9832219,1,0.55529726,1,0.006480655,0,0.9970195,1,0.45694366,0
1,1.1836308e-11,0,0.02212367,0,0.0034575658,0,0.13714282,0,0.033762846,0
1,0.22598018,0,0.55542505,1,0.019699011,0,0.011639128,0,0.014135883,0
1,0.0017209449,0,0.5553865,1,0.99647605,1,0.9999932,1,0.9997657,1
0,1.1932386e-07,0,0.5645224,1,0.9969911,1,0.999193,1,0.00010737497,0
0,0.9999976,1,0.554992,1,0.17519997,0,0.016344817,0,8.679924e-05,0
0,0.99999607,1,0.5547961,1,0.84316874,1,0.9978852,1,0.9928675,1
1,0.99969035,1,0.5553983,1,0.00810532,0,0.0812077,0,0.000104147686,0
1,1.2794103e-06,0,0.5601165,1,0.99381495,1,0.9735192,1,0.049851328,0
1,0.9998691,1,0.555411,1,0.9962571,1,0.99996454,1,0.99998766,1
0,1.0492947e-08,0,0.55555344,1,0.90473545,1,0.99983877,1,0.9976267,1
0,0.022505214,0,0.5555477,1,0.0034310806,0,0.010921937,0,0.00057925255,0
1,0.9999996,1,0.62313646,1,0.003125995,0,0.0074299173,0,0.0011930622,0
1,1.3375581e-08,0,0.5686457,1,0.03241879,0,0.9988592,1,0.934793,1
1,0.9999892,1,0.5549289,1,0.0030706057,0,0.00144947,0,0.0013813921,0
0,0.9999862,1,0.5557354,1,0.98326087,1,0.94017655,1,0.9991341,1
1,0.9999064,1,0.5436251,1,0.011245439,0,0.9998482,1,0.013958164,0
1,0.9999916,1,0.61496943,1,0.009962971,0,0.0023719503,0,0.0027184798,0
1,1.8532223e-08,0,0.5435296,1,0.9970137,1,0.99968094,1,0.9999493,1
1,4.025988e-08,0,0.5554219,1,0.021114148,0,0.790912,1,0.04381841,0
0,0.005871377,0,0.5551797,1,0.99577767,1,0.99694145,1,0.7807756,1
1,0.9979834,1,0.5548504,1,0.003433575,0,0.0005534182,0,3.2198175e-05,0
0,0.9997232,1,0.5553053,1,0.003360102,0,0.0014706523,0,0.009272318,0
0,0.9999315,1,0.56452924,1,0.995962,1,0.9999117,1,0.9423119,1
1,1.0,1,0.54411805,1,0.9881041,1,0.9999909,1,0.9967548,1
1,0.9999974,1,0.55527544,1,0.006008384,0,0.0036883962,0,0.30844858,0
1,0.00020321527,0,0.55562234,1,0.00763518,0,0.83098835,1,3.108495e-05,0
0,0.10963425,0,0.554534,1,0.0044813952,0,0.0009881303,0,0.0061089094,0
0,0.9999966,1,0.5557728,1,0.96981263,1,0.042468786,0,0.39370707,0
0,2.3070277e-06,0,0.5536671,1,0.034130055,0,0.998177,1,0.012582341,0
0,9.104338e-09,0,0.62997633,1,0.008326058,0,0.9909851,1,0.9997952,1
1,0.0002966659,0,0.5554038,1,0.006455907,0,0.9999257,1,0.9462779,1
0,6.2848795e-07,0,0.55526066,1,0.99616325,1,0.57111937,1,0.99993485,1
1,0.0033560852,0,0.89452916,1,0.003507238,0,0.9986118,1,2.7587948e-05,0
0,1.15984396e-10,0,0.8021708,1,0.9939482,1,0.9983846,1,0.0019881574,0
0,6.5279055e-05,0,0.5551928,1,0.010557497,0,0.0012808557,0,0.9998293,1
0,0.9957632,1,0.5557911,1,0.08644762,0,0.88682294,1,0.6237237,1
0,0.4499088,0,0.55561024,1,0.025441688,0,0.00090577913,0,0.008103476,0
1,0.99996996,1,0.5555214,1,0.9969419,1,0.99998033,1,0.99997336,1
0,2.4424446e-05,0,0.5547634,1,0.0035937747,0,0.001076632,0,0.018912185,0
0,1.1776471e-08,0,0.55335724,1,0.0040506446,0,0.0009755466,0,0.00017526724,0
1,0.9999549,1,0.0043244497,0,0.92403626,1,0.9852517,1,0.25066245,0
1,2.9182253e-12,0,0.17888473,0,0.9950666,1,0.0001870659,0,0.057628475,0
1,0.035629254,0,0.55520463,1,0.39446956,0,0.99745786,1,0.45094866,0
1,1.2838789e-06,0,0.5389583,1,0.0032580907,0,0.57374746,1,0.009088378,0
0,0.9558588,1,0.55539197,1,0.9965307,1,0.0127081545,0,0.0022672943,0
1,9.5923415e-06,0,0.55511594,1,0.0034296655,0,0.00090905325,0,0.0046406733,0
0,0.99957335,1,0.5552245,1,0.0030721463,0,0.00044028094,0,0.08418604,0
1,5.9338513e-06,0,0.555201,1,0.043699216,0,0.00552903,0,0.0071403887,0
1,2.0084293e-08,0,0.5555594,1,0.12921949,0,0.0038385235,0,0.002736655,0
0,7.3118654e-06,0,0.5550243,1,0.6729908,1,0.99733746,1,0.27609396,0
0,1.3295023e-07,0,0.55552113,1,0.185569,0,0.000663775,0,0.07529526,0
1,0.9681496,1,0.55788594,1,0.003093095,0,0.0044314163,0,0.0003345142,0
0,0.9996959,1,0.55539507,1,0.98505807,1,0.97955537,1,0.99981195,1
0,2.7714626e-11,0,0.9815365,1,0.0018592675,0,0.9555331,1,0.0036701388,0
1,2.209854e-08,0,0.9185776,1,0.99967396,1,0.00047143002,0,0.9418976,1
0,7.6169245e-11,0,0.55476266,1,0.09857483,0,0.06046717,0,0.80151683,1
1,0.9999999,1,0.41112036,0,0.9947594,1,0.9998933,1,0.999914,1
1,0.98245436,1,0.5553743,1,0.027434502,0,0.9874621,1,0.030908592,0
1,3.593443e-05,0,0.5346531,1,0.9573326,1,0.99816775,1,0.00039988462,0
1,0.9968232,1,0.55734056,1,0.004078971,0,0.039794862,0,0.004700011,0
0,0.08278735,0,0.5561891,1,0.0036914586,0,0.0026576754,0,0.2911005,0
0,0.99892396,1,0.5553973,1,0.011416491,0,0.0022157829,0,0.06966131,0
0,0.85623515,1,0.6132948,1,0.9961665,1,0.99933004,1,0.179554,0
0,1.0,1,0.5554271,1,0.02005729,0,0.0610545,0,0.007110579,0
0,0.07445861,0,0.048684735,0,0.9998618,1,0.874052,1,0.89722365,1
0,6.373955e-08,0,0.55533826,1,0.004134545,0,0.001650038,0,0.0008733232,0
0,0.48885176,0,0.55519766,1,0.0053534317,0,0.0011330907,0,0.0047637555,0
0,0.0072196564,0,0.7562813,1,0.025764499,0,0.9497852,1,0.9966702,1
1,0.9999601,1,0.554811,1,0.0048815357,0,0.0010131425,0,0.0001162368,0
1,0.22538204,0,0.5554451,1,0.013916177,0,0.9941812,1,0.13741492,0
1,3.712036e-08,0,0.5549273,1,0.0031606648,0,0.0021291983,0,0.014555079,0
1,0.9999864,1,0.9988264,1,0.0009411371,0,0.998527,1,0.044450745,0
1,0.021858118,0,0.55314416,1,0.0056766514,0,0.00091934914,0,0.26387048,0
1,1.61031e-05,0,0.99715626,1,0.00036658792,0,1.2337659e-08,0,0.0962021,0
1,0.0512592,0,0.55570686,1,0.0031568885,0,0.039219577,0,0.0011930071,0
0,0.09855959,0,0.5556475,1,0.99207073,1,0.015128405,0,0.041644953,0
1,0.9997423,1,0.99939907,1,0.0009595865,0,0.002790366,0,0.0019694634,0
1,0.97450185,1,0.55546933,1,0.0030769825,0,0.00036502356,0,0.00013916552,0
0,0.009039226,0,0.55535054,1,0.008017215,0,0.03905098,0,0.96552306,1
1,0.029916693,0,0.5554027,1,0.92313576,1,0.018036425,0,0.5649556,1
1,0.9830327,1,0.5553391,1,0.0031788305,0,0.0005991363,0,0.0001261494,0
0,2.9387126e-09,0,0.55541694,1,0.1170208,0,0.0074149864,0,0.0074839876,0
0,0.99863225,1,0.5510379,1,0.99139446,1,0.99949074,1,0.058560975,0
1,0.9999819,1,0.5541474,1,0.0040681204,0,0.0007931004,0,0.000740995,0
1,8.3209756e-07,0,0.5552261,1,0.008312274,0,0.99629843,1,0.14004664,0
1,4.4391923e-05,0,0.5211126,1,0.9910316,1,0.9986668,1,0.003555851,0
1,0.9999777,1,0.5550056,1,0.9940914,1,0.9989301,1,0.9998072,1
1,0.998684,1,0.555666,1,0.0072062872,0,0.007568157,0,0.9961541,1
1,0.99375963,1,0.55565184,1,0.005312679,0,0.5889819,1,0.11887252,0
0,0.99999946,1,0.6766631,1,0.0032238627,0,0.0018862016,0,0.016650496,0
1,0.9958392,1,0.73372805,1,0.9978801,1,0.9998736,1,0.999987,1
1,0.9958194,1,0.5551604,1,0.9959718,1,0.9998105,1,0.05714035,0
1,6.976612e-09,0,0.84908074,1,0.9996761,1,0.99860877,1,0.8992192,1
0,0.49183726,0,0.9925564,1,0.589369,1,0.035580996,0,0.14886226,0
0,1.0854179e-06,0,0.555341,1,0.08284029,0,0.038761005,0,0.9971068,1
1,0.9994598,1,0.55505735,1,0.99315065,1,0.9999711,1,0.87193686,1
0,1.9507424e-07,0,0.55537647,1,0.011055343,0,0.044010215,0,0.91216576,1
1,0.9996478,1,0.5558087,1,0.0045861374,0,0.0017939154,0,9.2831484e-05,0
1,5.508723e-12,0,0.5560283,1,0.9929389,1,0.9732575,1,0.9931826,1
0,3.824274e-06,0,0.55538356,1,0.9866113,1,0.6264321,1,0.9941418,1
0,0.00050962,0,0.555427,1,0.9805469,1,0.97918844,1,0.0037351828,0
1,6.131076e-10,0,0.555549,1,0.0732613,0,0.9997197,1,0.7866546,1
0,0.99671847,1,0.55544144,1,0.99685764,1,0.99842787,1,0.99506354,1
1,1.4733463e-07,0,0.55537546,1,0.9501241,1,0.99994403,1,0.022225669,0
0,2.2235483e-06,0,0.5989225,1,0.004465347,0,0.0063895686,0,0.36882162,0
0,2.448221e-10,0,0.99933237,1,0.0003121613,0,4.897508e-06,0,0.0045455922,0
1,0.9998879,1,0.7852587,1,0.048860576,0,0.0016505695,0,6.6454936e-06,0
1,5.150808e-07,0,0.5554502,1,0.7149733,1,0.9999725,1,0.11918951,0
0,0.99912214,1,0.55547994,1,0.0031570464,0,0.0044274637,0,0.7034305,1
1,0.17298117,0,0.55539393,1,0.9853162,1,0.9464442,1,0.9991931,1
0,0.3330146,0,0.55624235,1,0.0032951208,0,0.0025036724,0,0.09404589,0
0,0.9999974,1,0.5548619,1,0.0034114262,0,0.0007964812,0,0.00054819766,0
0,0.9999607,1,0.55556446,1,0.02425202,0,0.5908737,1,0.011659919,0
1,0.9999999,1,0.55550784,1,0.06370862,0,0.0016623433,0,0.9634537,1
0,0.16184223,0,0.66964555,1,0.003247937,0,0.0021600807,0,0.009853171,0
1,0.00075076334,0,0.5554049,1,0.9969774,1,0.9999891,1,0.9998928,1
1,4.9889877e-07,0,0.5553974,1,0.9943532,1,0.9986856,1,0.01197263,0
1,3.2919925e-05,0,0.5564,1,0.9963381,1,0.97795147,1,0.6537439,1
0,9.839791e-06,0,0.5552628,1,0.0055604405,0,0.00086574414,0,0.00094959926,0
1,1.92894e-08,0,0.5551635,1,0.0066688024,0,0.00065695436,0,0.002362416,0
1,0.9999985,1,0.16898964,0,0.99115956,1,0.8775851,1,0.00014741223,0
0,0.8435706,1,0.55550396,1,0.0039458135,0,0.0007893189,0,0.3586874,0
0,0.18598063,0,0.5445769,1,0.0034489806,0,0.014636561,0,0.09769437,0
0,0.99999595,1,0.55011517,1,0.9970572,1,0.99998796,1,0.9998761,1
1,0.99988496,1,0.55556417,1,0.9945323,1,0.990022,1,0.99975276,1
0,0.9999146,1,0.5309423,1,0.99504554,1,0.9998911,1,0.9973487,1
0,1.2666837e-08,0,0.55529016,1,0.588852,1,0.99589485,1,0.033557374,0
0,0.9999962,1,0.55515236,1,0.99654615,1,0.99996,1,0.99955404,1
1,0.9984555,1,0.81810683,1,0.99954957,1,0.09323999,0,0.0011174998,0
0,0.9999601,1,0.55337095,1,0.60902965,1,0.9998222,1,0.98504454,1
1,0.9993612,1,0.55542094,1,0.9596047,1,0.99958146,1,0.9827601,1
1,0.9999989,1,0.55519843,1,0.9960342,1,0.9999166,1,0.86615676,1
1,2.6870046e-07,0,0.41372478,0,0.0022558041,0,9.347817e-06,0,0.0010366723,0
0,0.99555784,1,0.5552916,1,0.06532886,0,0.9876357,1,0.18599224,0
1,1.4997093e-08,0,0.49053776,0,0.0036502976,0,0.004029073,0,0.048948985,0
1,0.9998954,1,0.55565345,1,0.013425701,0,0.005246085,0,0.039979637,0
0,5.318822e-05,0,0.5554173,1,0.0043143006,0,0.071409605,0,0.2460664,0
0,0.9999014,1,0.55541265,1,0.9951673,1,0.9969088,1,0.9919339,1
0,1.0,1,0.558514,1,0.9969529,1,0.97395927,1,0.99798155,1
0,0.99977416,1,0.55550635,1,0.0076969643,0,0.00061215105,0,0.0001723982,0
0,0.13442665,0,0.5550693,1,0.99440086,1,0.9797223,1,0.99330825,1
1,3.0187582e-06,0,0.55544704,1,0.0032558101,0,0.0009900018,0,0.0011488899,0
0,0.99947345,1,0.5562715,1,0.98217183,1,0.4707837,0,0.9975129,1
1,4.336762e-09,0,0.012755799,0,0.99960095,1,0.99999624,1,0.49371442,0
0,2.9837154e-05,0,0.555348,1,0.016165886,0,0.0015148643,0,0.001169719,0
0,0.10958049,0,0.5553985,1,0.996052,1,0.992685,1,0.984442,1
0,0.9999857,1,0.5715187,1,0.34774968,0,0.0010261695,0,0.019997017,0
0,2.9749868e-05,0,0.5552852,1,0.0049795066,0,0.9972719,1,0.9726307,1
0,1.871709e-07,0,0.5563511,1,0.99527985,1,0.9999811,1,0.011184477,0
1,0.40175557,0,0.5553925,1,0.98652303,1,0.99998856,1,0.9444042,1
0,0.9604172,1,0.55541015,1,0.0065904222,0,0.12071857,0,0.9837908,1
0,0.00014809919,0,0.55526984,1,0.9851646,1,0.0006851014,0,0.082591936,0
0,0.0077640424,0,0.55470634,1,0.003142117,0,0.0010359837,0,0.00082743383,0
1,1.3519316e-08,0,0.5553717,1,0.7656087,1,0.99714196,1,0.9944761,1
0,0.99520624,1,0.55542886,1,0.23155685,0,0.91519225,1,0.026104081,0
0,5.000224e-07,0,0.55333996,1,0.9961666,1,0.9999401,1,0.99900794,1
1,0.45458147,0,0.9994516,1,0.9996038,1,0.9999982,1,0.9999809,1
1,0.9999982,1,0.5551624,1,0.16819842,0,0.013769438,0,0.17804,0
1,0.00065161265,0,0.55538476,1,0.04290698,0,0.9846349,1,0.9354311,1
0,4.1590027e-08,0,0.5554012,1,0.0054658167,0,0.0070852903,0,0.9952044,1
0,7.425752e-10,0,0.5553556,1,0.99586284,1,0.999959,1,0.9999766,1
1,1.0772012e-06,0,0.4263739,0,0.0030693167,0,0.0012982861,0,0.0001748228,0
0,0.99602354,1,0.56682503,1,0.5234224,1,0.083782926,0,0.022326676,0
0,0.35035938,0,0.5552195,1,0.99351096,1,0.041936032,0,0.70191216,1
1,0.9839384,1,0.5538065,1,0.144837,0,0.020298852,0,0.77501315,1
0,1.0,1,0.555445,1,0.97526145,1,0.0018180051,0,0.009984526,0
0,3.56221e-05,0,0.5554107,1,0.9205554,1,0.96791935,1,0.9999771,1
1,0.9999873,1,0.55587906,1,0.8283775,1,0.012455398,0,0.9997638,1
0,0.9999392,1,0.5553304,1,0.05739146,0,0.994193,1,0.99996924,1
1,9.12601e-07,0,0.5564492,1,0.0033252123,0,0.9569431,1,0.8005818,1
1,1.157419e-05,0,0.5553364,1,0.003482403,0,0.47953233,0,0.9550423,1
1,0.99997574,1,0.552884,1,0.9947933,1,0.99950427,1,0.0038115473,0
1,0.9999995,1,0.55531937,1,0.44720146,0,0.9802946,1,0.82943434,1
0,0.9999912,1,0.5282199,1,0.0034840547,0,0.0016805107,0,0.0006368666,0
1,0.97536564,1,0.5565045,1,0.0031782005,0,0.0028509062,0,0.0008952876,0
1,0.5618899,1,0.5553198,1,0.99679476,1,0.9993026,1,0.8324585,1
0,0.004086195,0,0.4848817,0,0.0045664716,0,0.9993073,1,0.00048047674,0
1,0.002337698,0,0.55537516,1,0.030759977,0,0.2681339,0,0.9988194,1
1,0.004562168,0,0.55171883,1,0.9968704,1,0.0010991938,0,0.9963375,1
0,0.9999417,1,0.99834496,1,0.9989328,1,0.9999833,1,0.9884408,1
0,3.768446e-10,0,0.55394185,1,0.0052950685,0,0.0039827027,0,0.012341695,0
0,1.043092e-06,0,0.5223606,1,0.99704593,1,0.99998856,1,0.9964287,1
0,0.0013978602,0,0.7808112,1,0.9995824,1,0.2869072,0,0.98363376,1
1,0.99983746,1,0.5589736,1,0.9838232,1,0.025084963,0,0.003149176,0
0,0.99974674,1,0.5554322,1,0.98644406,1,0.4538075,0,0.04787573,0
1,0.9998965,1,0.5554963,1,0.00554374,0,0.12432799,0,0.29883856,0
1,0.0027197353,0,0.553479,1,0.003420426,0,0.00086756336,0,0.0001088826,0
1,0.14188413,0,0.5553641,1,0.124595396,0,0.6230348,1,0.2785616,0
0,0.0003161962,0,0.5553706,1,0.99619496,1,0.90649664,1,0.75357544,1
0,1.5373964e-05,0,0.55394447,1,0.9336401,1,0.9999693,1,0.8379233,1
1,0.99948686,1,0.5558776,1,0.9963533,1,0.91773105,1,0.96370375,1
1,0.99982405,1,0.5555004,1,0.0036169838,0,0.0013392504,0,0.00147948,0
1,0.9999997,1,0.555418,1,0.9853208,1,0.970988,1,0.9756749,1
1,0.9999998,1,0.55256397,1,0.53870416,1,0.00083325524,0,0.0009351078,0
1,1.6116315e-08,0,0.99959886,1,0.9998275,1,0.19596075,0,0.99945337,1
1,0.060367197,0,0.5552928,1,0.0036310237,0,0.002197607,0,0.94687194,1
1,4.864938e-07,0,0.5552818,1,0.0075378255,0,0.0019609714,0,0.32410613,0
0,6.146569e-05,0,0.5555601,1,0.005512935,0,0.9993268,1,0.01400136,0
1,0.99554604,1,0.55542433,1,0.99605995,1,0.99989307,1,0.30719596,0
0,0.03345142,0,0.5552853,1,0.007016904,0,0.011598431,0,0.069999054,0
1,0.012486076,0,0.5553848,1,0.007275979,0,0.0052371365,0,0.40532067,0
0,0.9999877,1,0.5554704,1,0.0030866133,0,0.0004226771,0,0.00010758272,0
1,6.170358e-06,0,0.5554074,1,0.007432249,0,0.0011947686,0,0.9476301,1
0,0.9497507,1,0.5558613,1,0.96080524,1,0.009630396,0,0.00022158217,0
0,2.677678e-06,0,0.5560234,1,0.003075339,0,0.000521246,0,7.451904e-06,0
0,0.0009855308,0,0.55530876,1,0.003465672,0,0.00048287044,0,0.023507956,0
0,0.00036553515,0,0.55566543,1,0.99704254,1,0.9999895,1,0.9997892,1
1,0.5112747,1,0.55358493,1,0.0041010063,0,0.0014974504,0,0.0011771118,0
1,0.0015091046,0,0.55548143,1,0.012189893,0,0.0011354474,0,0.016420882,0
0,0.00011342416,0,0.39751393,0,0.00082873664,0,0.96295625,1,0.029856144,0
1,0.9999728,1,0.55526984,1,0.003072333,0,0.00048672743,0,8.82333e-05,0
1,0.99998873,1,0.5554374,1,0.009872407,0,0.001168964,0,0.055463243,0
1,2.2316765e-08,0,0.65216666,1,0.9973798,1,0.026184749,0,0.025573796,0
0,9.842019e-08,0,0.5552381,1,0.009326017,0,0.99729306,1,0.9755934,1
1,2.9222915e-06,0,0.5551456,1,0.987894,1,0.0008863072,0,0.00031889635,0
1,0.99991316,1,0.55522645,1,0.99654114,1,0.9958041,1,0.9998482,1
0,1.5700316e-11,0,0.5544163,1,0.003250621,0,0.0006441839,0,0.00028626996,0
1,7.080574e-08,0,0.55462813,1,0.7824107,1,0.0008297164,0,0.98970985,1
0,0.99924725,1,0.5551954,1,0.71037036,1,0.9998476,1,0.006003789,0
0,7.493493e-06,0,0.553695,1,0.9959724,1,0.9995963,1,0.99667233,1
0,3.1588737e-05,0,0.5555003,1,0.0030721836,0,0.00040533187,0,0.00031339645,0
0,1.0203812e-05,0,0.5611332,1,0.9899809,1,0.9824494,1,0.22525352,0
0,0.9174437,1,0.5549033,1,0.036517736,0,0.9995122,1,0.5886196,1
1,0.99999243,1,0.55551136,1,0.99457765,1,0.21831208,0,0.99964297,1
1,0.14498262,0,0.9999812,1,0.00043666025,0,8.599179e-06,0,0.002480283,0
0,0.0002940564,0,0.9649684,1,0.99736637,1,0.99999094,1,0.99992895,1
1,0.9999965,1,0.5566406,1,0.99599916,1,0.9999676,1,0.13663948,0
0,0.9844088,1,0.55542636,1,0.012590816,0,0.0009099017,0,0.01646395,0
0,7.438218e-07,0,0.55548054,1,0.006803176,0,0.0010108887,0,0.0026858996,0
1,7.8520975e-07,0,0.43793675,0,0.0037064834,0,0.005100711,0,0.05787906,0
0,3.6520245e-09,0,0.55539215,1,0.97645414,1,0.99996936,1,0.98656905,1
0,0.9956667,1,0.5541938,1,0.004524536,0,0.9868233,1,0.0006376155,0
1,0.06666705,0,0.5553185,1,0.91764367,1,0.86025876,1,0.18235332,0
0,0.9999957,1,0.5560432,1,0.99607855,1,0.99796396,1,0.008644845,0
1,0.9997835,1,0.55576706,1,0.6699063,1,0.0024388856,0,0.022272721,0
0,0.0002700349,0,0.5554804,1,0.0040564644,0,0.0007689414,0,0.0022201496,0
1,7.795252e-07,0,0.55525327,1,0.09767713,0,0.9992023,1,0.99856675,1
1,0.9976062,1,0.55565363,1,0.0031032877,0,0.00050159125,0,0.0012501294,0
0,0.9996449,1,0.55544955,1,0.42057127,0,0.020356305,0,0.008843866,0
1,1.8589574e-08,0,0.5097064,1,0.99992263,1,0.9999877,1,0.99804586,1
0,0.0006676913,0,0.5536241,1,0.99634624,1,0.9982586,1,0.99852055,1
1,0.8433632,1,0.55538356,1,0.0036880525,0,0.000999698,0,0.0033929322,0
1,0.9786855,1,0.5554068,1,0.50761205,1,0.005584765,0,0.2360692,0
0,0.99999434,1,0.5553755,1,0.005359092,0,0.0064588506,0,0.47889802,0
1,0.99133754,1,0.5482474,1,0.003130886,0,0.0015529345,0,7.997118e-06,0
1,1.7047672e-05,0,0.5553262,1,0.0762294,0,0.01291309,0,0.024148475,0
0,0.99980295,1,0.55635965,1,0.9965982,1,0.97433037,1,0.97663385,1
0,0.99991125,1,0.5555025,1,0.99677664,1,0.70174783,1,0.82211214,1
1,3.9916413e-06,0,0.54891723,1,0.99653447,1,0.0027179883,0,0.0017920684,0
0,0.99995244,1,0.5554235,1,0.013385883,0,0.99795437,1,0.028012471,0
0,0.99978495,1,0.5555948,1,0.0045974934,0,0.0011630373,0,0.008737519,0
1,0.99996734,1,0.555187,1,0.021589553,0,0.018934488,0,0.0017625513,0
0,0.62000924,1,0.5334416,1,0.1639073,0,0.93861365,1,0.90124893,1
0,8.144714e-05,0,0.5559203,1,0.93657964,1,0.9999661,1,0.9923352,1
1,0.9999973,1,0.55475074,1,0.0031919773,0,0.00063980406,0,0.0008778634,0
1,0.9875993,1,0.56162393,1,0.004336323,0,0.0007764631,0,0.00022498347,0
1,0.999962,1,0.55544275,1,0.18317217,0,0.8221913,1,0.027047444,0
0,0.6585656,1,0.5553291,1,0.0032145733,0,0.0006513054,0,0.0017405797,0
0,0.011055369,0,0.555515,1,0.9969186,1,0.99997497,1,0.9995881,1
1,0.98411167,1,0.5554174,1,0.3170635,0,0.3289433,0,0.8339102,1
1,0.9398252,1,0.5554009,1,0.06269039,0,0.9985192,1,0.9769455,1
0,0.9944202,1,0.5608625,1,0.06718201,0,0.007892735,0,0.0010330647,0
0,0.13262388,0,0.20687087,0,0.9884705,1,0.99997836,1,0.99986863,1
0,0.999236,1,0.95845544,1,0.9974224,1,0.99853104,1,0.9987882,1
1,1.7834496e-06,0,0.60394543,1,0.0030988166,0,0.0012004912,0,5.7025914e-05,0
0,6.972333e-11,0,0.5555715,1,0.9943737,1,0.0013828131,0,0.00046356357,0
0,9.863894e-08,0,0.55521315,1,0.99656886,1,0.9998,1,0.9310034,1
0,0.5481316,1,0.5553724,1,0.004836448,0,0.0012794267,0,0.02125257,0
0,0.9999991,1,0.5550055,1,0.99688023,1,0.9999922,1,0.9986256,1
1,9.3171656e-07,0,0.55538756,1,0.0055868085,0,0.00060544355,0,0.0058284546,0
0,0.090741985,0,0.55509114,1,0.098946646,0,0.66907823,1,0.9690852,1
0,4.05178e-05,0,0.55546033,1,0.012051302,0,0.0007505012,0,0.00068506534,0
0,0.99999243,1,0.8827632,1,0.9995318,1,0.9999746,1,0.99868876,1
0,0.999945,1,0.5537574,1,0.0030820386,0,0.00069708825,0,1.7012724e-05,0
0,5.2720606e-09,0,0.5551894,1,0.9945126,1,0.9936288,1,0.0025033047,0
1,0.0027958234,0,0.55476826,1,0.99041396,1,0.9999571,1,0.9934258,1
1,0.0017365223,0,0.99973845,1,0.00010798922,0,8.261704e-08,0,0.9999144,1
1,0.0045405175,0,0.18545395,0,0.17557758,0,7.747604e-07,0,0.27804947,0
0,1.3183524e-05,0,0.5555573,1,0.0032793863,0,0.00031474684,0,0.18453075,0
0,1.0707513e-09,0,0.5226669,1,0.996498,1,0.99978805,1,0.9999033,1
0,1.2629931e-06,0,0.5559597,1,0.003329814,0,0.0067591025,0,0.006615817,0
0,0.9999311,1,0.6666768,1,0.9973256,1,0.99991983,1,0.9836427,1
1,0.99993664,1,0.5558775,1,0.9968033,1,0.9998084,1,0.9997053,1
1,0.985733,1,0.55534226,1,0.97569185,1,0.99832886,1,0.99937046,1
0,0.9999958,1,0.5555452,1,0.0043267705,0,0.9994534,1,0.013542011,0
0,0.029575836,0,0.5550813,1,0.9963544,1,0.99996716,1,0.026286006,0
1,2.1379458e-06,0,0.5552859,1,0.99706715,1,0.9999306,1,0.99990845,1
1,6.731784e-06,0,0.55561095,1,0.84316,1,0.99043775,1,0.9918926,1
0,0.99999964,1,0.55791444,1,0.12668826,0,0.9997218,1,0.257892,0
0,0.35506195,0,0.9924378,1,0.9969003,1,0.010922001,0,0.08550387,0
0,0.9997778,1,0.55539995,1,0.8813058,1,0.9579648,1,0.036051046,0
1,2.303105e-05,0,0.5556103,1,0.006130174,0,0.48136353,0,0.0021667662,0
1,0.9999783,1,0.5555544,1,0.005823287,0,0.0010133503,0,0.6868716,1
1,3.134892e-06,0,0.5554456,1,0.004728187,0,0.0010236688,0,0.0011606392,0
1,0.0022039379,0,0.17923182,0,0.00028477082,0,0.00019492571,0,0.0035982342,0
0,2.2631413e-05,0,0.5551877,1,0.006305279,0,0.0021304074,0,0.0006674597,0
1,2.5596337e-06,0,0.55560285,1,0.013736047,0,0.0010629153,0,0.12716106,0
1,0.5369796,1,0.5554644,1,0.0033803997,0,0.0019136266,0,0.8767083,1
0,2.2277112e-05,0,0.5624282,1,0.35125586,0,0.99876636,1,0.31955636,0
0,0.94173366,1,0.5620627,1,0.95267814,1,0.0009148856,0,0.003656939,0
1,0.00016962862,0,0.12828593,0,0.0030397456,0,0.0014911678,0,0.0020969207,0
1,0.0019619246,0,0.99894744,1,0.0010272246,0,0.002899296,0,0.019335555,0
0,6.179733e-09,0,0.55508274,1,0.003631082,0,0.980135,1,8.229506e-05,0
1,1.827462e-06,0,0.55543447,1,0.8553816,1,0.3696124,0,0.57472086,1
1,0.1013291,0,0.03854567,0,0.8938111,1,0.008233312,0,0.002902652,0
1,0.99937755,1,0.5551796,1,0.003274862,0,0.0006218326,0,0.000998344,0
0,2.8454999e-05,0,0.5553108,1,0.046528045,0,0.9564911,1,0.0036512094,0
0,0.99912226,1,0.55553913,1,0.0034086406,0,0.0009214538,0,0.020590547,0
0,9.913574e-08,0,0.06465751,0,0.0036305164,0,0.00017704467,0,0.00020969185,0
0,0.9999886,1,0.5554111,1,0.0059966054,0,0.9911933,1,9.328512e-05,0
0,0.99965566,1,0.3255294,0,0.042838193,0,0.9972557,1,0.99500006,1
1,0.00033102883,0,0.5541576,1,0.45058906,0,0.99538684,1,0.995382,1
1,0.7838916,1,0.041754976,0,0.8714967,1,0.0064787306,0,0.0004959239,0
0,5.839807e-06,0,0.5748382,1,0.19580707,0,0.020434486,0,0.031690393,0
1,2.594916e-07,0,0.5553385,1,0.0112226205,0,0.0012709867,0,0.0006451845,0
0,3.4138036e-08,0,0.55535257,1,0.97623926,1,0.526173,1,0.999342,1
1,0.9898094,1,0.5546464,1,0.9714513,1,0.9992213,1,0.99921286,1
0,0.013029598,0,0.5552585,1,0.0040610726,0,0.0008633436,0,0.12347272,0
0,0.04318158,0,0.5538594,1,0.9968538,1,0.99999505,1,0.99982816,1
1,9.338598e-05,0,0.55538136,1,0.0032714645,0,0.0022911574,0,0.019559342,0
1,4.027784e-09,0,0.5552535,1,0.047831893,0,0.07406295,0,0.9999164,1
1,0.0010107952,0,0.55533,1,0.9672853,1,0.9247628,1,0.06286715,0
0,0.5420771,1,0.5556912,1,0.99682635,1,0.99994063,1,0.977179,1
0,0.029412447,0,0.38634998,0,0.15904047,0,0.00011549359,0,0.00014074762,0
0,0.00020587171,0,0.5554113,1,0.020716667,0,0.0017510003,0,0.42073786,0
0,0.9999939,1,0.5554112,1,0.005938306,0,0.001971489,0,0.21913697,0
1,0.9999669,1,0.55538505,1,0.9378463,1,0.058583077,0,0.00065995776,0
0,0.99996287,1,0.5553421,1,0.0034146977,0,0.0016582098,0,0.026688725,0
1,0.9999678,1,0.55550724,1,0.97487026,1,0.9453917,1,0.928872,1
1,4.7687024e-08,0,0.55543125,1,0.78515184,1,0.9989301,1,0.27421173,0
0,0.00059379934,0,0.5558456,1,0.0037848048,0,0.0012271261,0,0.0143533535,0
1,2.0377163e-08,0,0.26345667,0,0.030348664,0,0.59201264,1,0.009356889,0
1,0.99997735,1,0.55538744,1,0.0037570556,0,0.0011365802,0,0.0004320284,0
1,0.81507957,1,0.55592114,1,0.0080919275,0,0.997015,1,0.0034953372,0
0,0.9928255,1,0.5440797,1,0.003102471,0,0.0020105003,0,1.1367306e-06,0
0,0.9969819,1,0.55528456,1,0.0033324694,0,0.0012046369,0,3.933906e-05,0
1,0.9999965,1,0.5554006,1,0.964417,1,0.0019062798,0,0.010404979,0
0,0.9997894,1,0.5554,1,0.7890161,1,0.9993128,1,0.960477,1
1,0.0007674696,0,0.5554993,1,0.996047,1,0.99941653,1,0.9999178,1
0,0.24329212,0,0.5562109,1,0.9968296,1,0.9999602,1,0.96414906,1
0,0.9996706,1,0.555335,1,0.0068348884,0,0.0008656902,0,0.0011938035,0
1,0.9999221,1,0.5534312,1,0.01283655,0,0.0007747299,0,0.59352684,1
0,1.01846204e-07,0,0.60982686,1,0.2719189,0,0.019155266,0,0.12713824,0
1,0.99895626,1,0.43777558,0,0.99738795,1,0.9999392,1,0.99984235,1
1,0.0055784485,0,0.98375285,1,0.004285936,0,0.0030798109,0,0.0010008948,0
0,0.97998035,1,0.5554103,1,0.98477566,1,0.9999924,1,0.974896,1
1,3.1087447e-07,0,0.55539626,1,0.99422324,1,0.0032052866,0,0.060825173,0
0,0.99947596,1,0.55514824,1,0.2939141,0,0.0013400967,0,0.0009295457,0
0,0.992534,1,0.5557355,1,0.9914949,1,0.9999889,1,0.9999816,1
1,0.99998486,1,0.55541396,1,0.98903996,1,0.92207474,1,0.9877252,1
0,4.0106343e-07,0,0.035757538,0,0.99982727,1,0.9999979,1,0.92016226,1
0,0.0017621041,0,0.5554055,1,0.99506456,1,0.98890847,1,0.9996036,1
0,0.9999831,1,0.5574651,1,0.9957125,1,0.874784,1,0.19233093,0
0,1.2683933e-05,0,0.8629135,1,0.001996973,0,5.8019086e-06,0,0.9995039,1
1,0.013039193,0,0.5553217,1,0.30527416,0,0.9564293,1,0.9997574,1
0,1.768735e-08,0,0.5558491,1,0.005081239,0,0.00042950327,0,0.0019036526,0
0,0.020727945,0,0.55529624,1,0.99667805,1,0.9999863,1,0.9947273,1
1,1.0132646e-05,0,0.555038,1,0.0047219032,0,0.0009645872,0,0.00057100406,0
0,2.933279e-06,0,0.55427533,1,0.007937578,0,0.024933519,0,0.07073991,0
1,0.0011205662,0,0.5495701,1,0.97772115,1,0.99581313,1,0.35000893,0
0,0.9999491,1,0.5700319,1,0.0033084245,0,0.0008705203,0,0.18533623,0
1,0.9970663,1,0.5565121,1,0.0030874906,0,0.00042393935,0,0.0055697896,0
1,0.9203824,1,0.7033281,1,0.99724907,1,0.99978536,1,0.987268,1
0,0.99999326,1,0.70756984,1,0.9998488,1,0.9999999,1,0.002048437,0
0,3.208441e-06,0,0.55549747,1,0.9969696,1,0.99930245,1,0.9583828,1
0,0.9308871,1,0.55542153,1,0.004549418,0,0.0008797059,0,0.0015976,0
1,0.5949617,1,0.55489427,1,0.4806376,0,0.99697804,1,0.99868166,1
1,0.1022577,0,0.5560171,1,0.27170002,0,0.99377644,1,0.9998544,1
0,3.2181183e-06,0,0.55537885,1,0.9630322,1,0.0026962373,0,0.0063293283,0
0,0.99915826,1,0.55557287,1,0.056252256,0,0.99547666,1,0.3135652,0
0,0.9999879,1,0.7989967,1,0.9869454,1,0.99911666,1,0.99928516,1
1,0.99997115,1,0.555237,1,0.0030685435,0,0.0008226813,0,0.00036677514,0
0,0.99999934,1,0.55541885,1,0.079429284,0,0.003032545,0,0.14796671,0
0,0.00017541288,0,0.5551277,1,0.0036141912,0,0.00089251425,0,1.6854834e-05,0
1,5.107497e-05,0,0.5594477,1,0.9969221,1,0.99991274,1,0.99993116,1
0,0.9988886,1,0.55541193,1,0.9350072,1,0.99996793,1,0.9996625,1
1,0.013099571,0,0.65700024,1,0.005075575,0,0.012191209,0,0.73330796,1
1,4.013863e-10,0,0.6041142,1,0.011110468,0,0.9997323,1,0.20780338,0
1,0.99999624,1,0.5554222,1,0.12683319,0,0.051746823,0,0.6477529,1
1,7.838399e-07,0,0.5537924,1,0.9956985,1,0.049019445,0,0.99991864,1
0,0.9984288,1,0.5553957,1,0.0035727082,0,0.0461717,0,0.02057574,0
0,0.9999119,1,0.033290118,0,0.00029373073,0,6.7230144e-06,0,0.0022062543,0
1,0.9162687,1,0.9999545,1,0.00027199436,0,2.2635818e-06,0,0.000119690885,0
0,0.9627224,1,0.55552584,1,0.004134649,0,0.0010458287,0,4.9783584e-06,0
1,0.98287976,1,0.55549306,1,0.9946694,1,0.99999076,1,0.9982438,1
0,0.00081899733,0,0.55546236,1,0.0031449741,0,0.0003160832,0,8.32242e-06,0
1,0.9999422,1,0.75743973,1,0.00019876647,0,3.6332788e-06,0,0.0025715637,0
0,9.862649e-06,0,0.51354367,1,0.99223995,1,0.8181671,1,0.004173118,0
0,0.9995356,1,0.55559856,1,0.9885831,1,0.9180694,1,0.005713072,0
0,0.001068357,0,0.86590046,1,0.00019961926,0,0.00017557538,0,0.8845544,1
0,0.9998863,1,0.5556026,1,0.99689853,1,0.99488616,1,0.98294103,1
0,7.057979e-11,0,0.55547184,1,0.070920505,0,0.00042711635,0,0.024266677,0
1,1.2327447e-05,0,0.55640703,1,0.9862976,1,0.0030639628,0,0.97263914,1
0,0.8567689,1,0.5558493,1,0.7503857,1,0.00061081845,0,0.002928747,0
1,0.9916353,1,0.5554516,1,0.07882989,0,0.0016871919,0,0.6480535,1
1,0.99999833,1,0.55524534,1,0.17873488,0,0.99984306,1,0.36030725,0
0,7.8555296e-08,0,0.40041813,0,0.00071035436,0,3.57057e-06,0,0.00443969,0
1,0.9999999,1,0.55506706,1,0.026545234,0,0.0007733789,0,0.9791022,1
0,0.99999976,1,0.84859914,1,0.98577946,1,0.4698927,0,0.9834622,1
0,1.8145464e-13,0,0.55534065,1,0.004079132,0,0.9992494,1,0.9709442,1
0,0.0016053898,0,0.55470645,1,0.9283042,1,0.09644887,0,0.02590772,0
0,0.99994737,1,0.5552503,1,0.003104992,0,0.00042673442,0,0.0031785015,0
0,0.99932295,1,0.55512625,1,0.95378804,1,0.99630606,1,0.99976504,1
1,7.544666e-09,0,0.56281257,1,0.19802646,0,0.000762036,0,0.0006280721,0
1,6.845134e-06,0,0.5555988,1,0.0033036936,0,0.00040306832,0,2.7122174e-05,0
1,0.9999982,1,0.55538327,1,0.005158974,0,0.9901441,1,0.005259602,0
1,0.9999997,1,0.55542237,1,0.99083424,1,0.99998975,1,0.9999495,1
1,0.97874933,1,0.59994954,1,0.9965474,1,0.9667725,1,0.9963575,1
1,0.999029,1,0.6884171,1,0.98651874,1,0.9999987,1,0.91143036,1
0,5.790086e-08,0,0.5549403,1,0.039725944,0,0.99428123,1,0.00452742,0
1,1.1133217e-06,0,0.0008812105,0,9.329581e-05,0,0.00014883111,0,0.9269348,1
1,5.7295154e-07,0,0.55558753,1,0.0031054614,0,0.5928762,1,0.0013765257,0
0,0.00017687508,0,0.55509186,1,0.67630297,1,0.9986713,1,0.54054743,1
0,0.0010018108,0,0.5557735,1,0.003110353,0,0.0003498688,0,0.000108181535,0
0,0.991639,1,0.5863286,1,0.0032204748,0,0.0012746945,0,9.129205e-05,0
0,0.00080926716,0,0.54898685,1,0.050088502,0,0.0016169342,0,0.0008796058,0
1,0.9992841,1,0.55379134,1,0.9930053,1,0.9999467,1,0.8952292,1
0,0.9960575,1,0.55541915,1,0.02000021,0,0.9997821,1,0.9622583,1
1,1.7715884e-11,0,0.52450264,1,0.00309948,0,0.00043190425,0,0.00475132,0
1,0.46230778,0,0.9802118,1,0.00028863864,0,0.07247251,0,0.34841973,0
0,0.026541172,0,0.5555791,1,0.9074526,1,0.0011907596,0,0.97427577,1
0,8.197886e-05,0,0.5555023,1,0.018205393,0,0.0043764277,0,0.042633142,0
1,0.052457165,0,0.55542904,1,0.9960238,1,0.99993956,1,0.99196637,1
0,1.6441449e-09,0,0.26324856,0,0.9998321,1,0.99973536,1,0.55128264,1
0,0.9999996,1,0.5551704,1,0.68227243,1,0.002674688,0,0.96889216,1
1,3.970555e-05,0,0.55536467,1,0.05122478,0,0.98977965,1,0.99663985,1
0,1.3675457e-10,0,0.55589896,1,0.0030865618,0,0.002348327,0,0.22028127,0
0,5.28454e-07,0,0.00151199,0,0.038193222,0,0.99999994,1,0.02718282,0
1,0.40019143,0,0.55538005,1,0.09135127,0,0.29748294,0,0.98404765,1
1,0.99961627,1,0.55540854,1,0.9947537,1,0.9979099,1,0.99994934,1
0,0.0006034519,0,0.55548483,1,0.003205998,0,0.04455477,0,0.98277754,1
1,0.064946115,0,0.55552095,1,0.018041816,0,0.9021664,1,0.963018,1
0,6.595528e-06,0,0.5550942,1,0.9967743,1,0.9753331,1,0.98834777,1
0,0.0027657785,0,0.5810064,1,0.3905463,0,0.0019189754,0,0.0068521355,0
0,0.007469908,0,0.5535931,1,0.99704194,1,0.99999326,1,0.9991533,1
0,2.722181e-07,0,0.55536765,1,0.99698794,1,0.9999916,1,0.99997354,1
1,0.9667336,1,0.7602077,1,0.34805542,0,0.016163077,0,0.00025440464,0
1,0.99959606,1,0.55512524,1,0.9949045,1,0.86800814,1,0.9995689,1
0,0.0023571309,0,0.5602808,1,0.030669691,0,0.13154075,0,5.2763706e-05,0
1,3.984975e-10,0,0.5554168,1,0.78145385,1,0.002613446,0,0.993492,1
1,3.0552158e-06,0,0.55541843,1,0.054074455,0,0.05159127,0,0.94471735,1
1,0.9999863,1,0.55542886,1,0.025984664,0,0.0027037656,0,0.95861065,1
1,1.5043747e-05,0,0.5161809,1,0.004183416,0,0.040570475,0,0.0022676676,0
0,1.2075129e-06,0,0.8494761,1,0.99676293,1,0.96472585,1,0.9749511,1
1,0.0035865833,0,0.555428,1,0.4107848,0,0.9996087,1,0.45660773,0
1,1.3774085e-11,0,0.33474237,0,0.9991326,1,0.9999724,1,0.99741936,1
0,3.3719161e-06,0,0.5553956,1,0.03048854,0,0.5667678,1,0.3098078,0
0,0.014781608,0,0.5555499,1,0.0041235867,0,0.9973655,1,0.5330807,1
1,0.999911,1,0.5554689,1,0.011812233,0,0.014365818,0,0.010981894,0
1,0.9999117,1,0.555118,1,0.0032104277,0,0.97696537,1,0.06499087,0
1,0.9999615,1,0.009443321,0,0.9855972,1,0.9997497,1,0.49227595,0
1,0.9997352,1,0.55424815,1,0.0057094325,0,0.0013405614,0,0.040930763,0
1,0.00041711936,0,0.5543595,1,0.9963015,1,0.9998389,1,0.9981832,1
1,0.9999999,1,0.5585562,1,0.0074251494,0,0.0010679772,0,0.2809212,0
0,5.563542e-10,0,0.56055504,1,0.018661276,0,0.99860543,1,0.4222094,0
0,0.9653792,1,0.018032748,0,0.9999052,1,0.00013068321,0,0.98920554,1
1,0.025592824,0,0.555328,1,0.0064188577,0,0.00058243045,0,0.9748457,1
1,0.047693245,0,0.5554154,1,0.99497604,1,0.0073323213,0,0.0012606321,0
0,0.00018009938,0,0.55536675,1,0.98997086,1,0.9922188,1,0.24522331,0
1,1.0,1,0.5514691,1,0.9969713,1,0.9999651,1,0.9999753,1
0,4.5905606e-05,0,0.5554432,1,0.005790046,0,0.0013492677,0,0.00017007838,0
1,0.0012557139,0,0.5577208,1,0.9706001,1,0.99999386,1,0.9999152,1
1,1.5476734e-10,0,0.5553364,1,0.9772528,1,0.00114312,0,0.9958314,1
1,0.0005598273,0,0.5555345,1,0.95221496,1,0.99985266,1,0.99345165,1
0,8.464222e-06,0,0.8244946,1,0.0074051637,0,0.034183215,0,0.0012195414,0
0,0.99999326,1,0.003768361,0,0.9988724,1,0.99999934,1,0.9838,1
1,0.14665508,0,0.55617076,1,0.005669012,0,0.0023126507,0,0.90008724,1
0,2.0378434e-07,0,0.62324905,1,0.019359384,0,2.1143227e-07,0,1.5547828e-05,0
1,8.523016e-08,0,0.5553822,1,0.96110785,1,0.9074439,1,0.71772814,1
0,3.648364e-08,0,0.9899282,1,0.99979085,1,0.99501246,1,0.9884972,1
0,0.15334092,0,0.5559888,1,0.011024547,0,0.99898964,1,0.17205885,0
0,3.108563e-05,0,0.555646,1,0.0045271525,0,0.008883012,0,0.023103176,0
0,0.9999622,1,0.5582206,1,0.0030818423,0,0.00086601026,0,8.489325e-05,0
1,0.99995965,1,0.5431012,1,0.0031268767,0,0.0010334227,0,4.524145e-05,0
0,0.9999953,1,0.5555448,1,0.98092717,1,0.8408859,1,0.99977213,1
1,0.99999946,1,0.5532757,1,0.0030822146,0,0.0004261279,0,0.018813634,0
0,1.6474426e-10,0,0.9998659,1,0.20832138,0,0.99247026,1,0.9991722,1
1,0.9999982,1,0.55523634,1,0.9964669,1,0.999223,1,0.9998201,1
0,0.0037039516,0,0.55551344,1,0.21769777,0,0.98965096,1,0.99993527,1
0,3.0922806e-07,0,0.5554886,1,0.0036857913,0,0.0019180794,0,0.0021020118,0
1,0.999998,1,0.555386,1,0.0047746715,0,0.08309677,0,0.0035352244,0
0,0.99999857,1,0.5596086,1,0.9969238,1,0.9992891,1,0.9906243,1
1,0.047472525,0,0.55545396,1,0.3821167,0,0.99953556,1,0.9803451,1
1,0.9999993,1,0.5553536,1,0.99579084,1,0.99998724,1,0.9989493,1
0,5.738388e-09,0,0.55539995,1,0.99649,1,0.9998683,1,0.999448,1
0,0.0016433784,0,0.5554104,1,0.5037454,1,0.5892823,1,0.3831209,0
0,0.9999989,1,0.5554104,1,0.8450977,1,0.974204,1,0.69693935,1
1,3.6882776e-07,0,0.5559551,1,0.6377647,1,0.0057515632,0,0.7198967,1
0,0.044375397,0,0.5281061,1,0.995097,1,0.9997113,1,0.99907,1
0,0.9999989,1,0.55547553,1,0.00342305,0,0.00122813,0,0.00034476194,0
0,0.010375815,0,0.5555171,1,0.004296033,0,0.99021256,1,5.957968e-06,0
1,3.6709247e-05,0,0.55536693,1,0.0055922475,0,0.0010124235,0,0.029540801,0
1,1.0,1,0.55544955,1,0.012557854,0,0.9952852,1,0.008030781,0
1,4.35241e-11,0,0.55538696,1,0.0065639676,0,0.00044481084,0,0.0006083159,0
0,8.457445e-06,0,0.55512273,1,0.98861504,1,0.99928194,1,0.99929905,1
1,1.2080298e-07,0,0.555232,1,0.0032699334,0,0.0009788964,0,0.021281831,0
1,1.0,1,0.55541885,1,0.0030739617,0,0.0005136569,0,5.4209772e-06,0
1,0.9999993,1,0.9997906,1,0.0002812859,0,5.5884765e-08,0,0.0005352271,0
1,0.84132874,1,0.5553516,1,0.386861,0,0.99970716,1,0.9797237,1
1,0.9448856,1,0.56301844,1,0.016569516,0,0.18654943,0,0.9975872,1
0,6.2441606e-05,0,0.55537564,1,0.0034000226,0,0.0012843827,0,0.29263175,0
0,0.9999989,1,0.5546876,1,0.21785684,0,0.6787397,1,0.009412426,0
0,2.4587358e-05,0,0.554171,1,0.043095097,0,0.99395335,1,0.008468864,0
1,0.96081805,1,0.5554708,1,0.9956672,1,0.99999386,1,0.947035,1
0,1.18845565e-08,0,0.5546716,1,0.0031118689,0,0.0006038412,0,1.2970314e-05,0
0,0.94089025,1,0.5556349,1,0.99457127,1,0.9996213,1,0.9996635,1
1,1.8499612e-05,0,0.009697541,0,0.000100819525,0,0.9999013,1,0.0002484761,0
0,0.05725927,0,0.9809594,1,0.9993178,1,0.31491613,0,0.03596621,0
1,5.9166787e-06,0,0.55491024,1,0.0037227522,0,0.0042210394,0,0.00045776807,0
1,0.9999707,1,0.026728448,0,0.00053774787,0,0.033968553,0,0.0028841875,0
0,0.9901853,1,0.555388,1,0.0058008977,0,0.9342732,1,0.99439144,1
0,9.583842e-07,0,0.555362,1,0.003978068,0,0.001542709,0,0.9567343,1
1,4.347794e-06,0,0.5553521,1,0.008374259,0,0.001110931,0,0.004366951,0
1,5.3869368e-05,0,0.55533874,1,0.47557214,0,0.9998712,1,0.9727731,1
1,2.0579766e-05,0,0.5554014,1,0.9910858,1,0.99950635,1,0.9998141,1
1,0.9996747,1,0.5552516,1,0.9873387,1,0.38998622,0,0.013005674,0
0,9.424302e-06,0,0.5552767,1,0.9968964,1,0.99996614,1,0.9997914,1
0,1.0,1,0.5555013,1,0.0035043138,0,0.00034317115,0,0.061634302,0
0,0.046665747,0,0.55579495,1,0.0032922511,0,0.0010806934,0,0.00055094465,0
0,1.1703934e-05,0,0.0018552898,0,0.0035012085,0,0.9930993,1,0.9977005,1
0,0.9999709,1,0.55562013,1,0.99698836,1,0.54284644,1,0.020056715,0
0,0.9998796,1,0.5557966,1,0.99589646,1,0.9999476,1,0.9996852,1
1,0.93195176,1,0.060738903,0,0.0041895243,0,0.0015140923,0,0.013037314,0
1,0.00012540171,0,0.5554519,1,0.99243146,1,0.99590284,1,0.99828476,1
0,4.5347803e-10,0,0.9764048,1,0.07934518,0,0.7517858,1,0.2572904,0
0,0.99999964,1,0.5539473,1,0.9911131,1,0.00071634346,0,0.9995579,1
0,0.9193282,1,0.5444047,1,0.97791845,1,0.9999277,1,0.99938166,1
1,6.008398e-07,0,0.5550683,1,0.003763016,0,0.47644615,0,0.8294476,1
1,2.1315332e-06,0,0.5552831,1,0.003298441,0,0.00096128654,0,0.007226983,0
0,0.99999034,1,0.5554349,1,0.0035526662,0,0.0015767682,0,0.58617926,1
0,1.8311698e-09,0,0.5553347,1,0.9969059,1,0.9999764,1,0.99975884,1
1,0.9999997,1,0.9892315,1,0.9997563,1,0.9999719,1,0.6271205,1
1,0.96360576,1,0.5721859,1,0.037743535,0,0.0026622424,0,9.58648e-06,0
0,8.546835e-12,0,0.55618054,1,0.99642444,1,0.999971,1,0.9999382,1
0,0.10287635,0,0.62634295,1,0.9971209,1,0.9999526,1,0.8887206,1
1,0.00038764442,0,0.55542684,1,0.9938999,1,0.9998266,1,0.15642197,0
0,1.2281812e-06,0,0.5555649,1,0.0038355908,0,0.00043765895,0,0.0001303094,0
1,4.4129692e-06,0,0.55536777,1,0.993063,1,0.99925524,1,0.9983681,1
0,0.99999934,1,0.55541563,1,0.004540806,0,0.9927111,1,0.0006272965,0
0,0.112858795,0,0.5551615,1,0.0035327994,0,0.0035767998,0,0.00029307455,0
1,0.9890456,1,0.5552114,1,0.9956904,1,0.979155,1,0.1182875,0
1,0.9995115,1,0.5561398,1,0.0030676732,0,0.0005240889,0,0.0141862575,0
1,4.7054086e-06,0,0.61208344,1,0.99706906,1,0.9999819,1,0.9964403,1
1,0.99930245,1,0.5584929,1,0.9966136,1,0.99952507,1,0.9282556,1
0,0.99946505,1,0.56714356,1,0.0038203893,0,0.0058598737,0,0.77336836,1
1,0.998979,1,0.5553922,1,0.005570172,0,0.04800404,0,0.0033055248,0
1,7.2033494e-08,0,0.035764772,0,0.95069945,1,0.9986721,1,9.711438e-05,0
0,0.99997336,1,0.5561915,1,0.017656855,0,0.0023982327,0,0.8972282,1
0,1.5560284e-08,0,0.55545026,1,0.012979722,0,0.00489691,0,0.0011249846,0
1,3.367123e-07,0,0.5554274,1,0.99483013,1,0.99993885,1,0.99558485,1
0,0.999984,1,0.45622906,0,0.99535704,1,0.69934195,1,0.04014022,0
1,4.617313e-09,0,0.47932035,0,0.9446868,1,0.9990279,1,0.0030364282,0
1,0.004534514,0,0.58788306,1,0.0031371892,0,0.0024137534,0,0.0027148179,0
0,0.4921027,0,0.55630773,1,0.020820774,0,0.91628337,1,0.001983585,0
1,0.99987674,1,0.056023784,0,0.0027203946,0,7.301806e-05,0,0.010134131,0
1,1.1103135e-08,0,0.5554744,1,0.9970387,1,0.9943684,1,0.18354073,0
1,3.4256293e-06,0,0.5554238,1,0.004603906,0,0.0008744019,0,0.0009752835,0
0,0.0034012413,0,0.55567604,1,0.00308313,0,0.00040880317,0,0.00021639957,0
1,1.6431788e-05,0,0.55560964,1,0.5748195,1,0.98379415,1,0.9978794,1
0,0.048692446,0,0.555396,1,0.049669057,0,0.89891505,1,0.20567228,0
0,2.8037498e-06,0,0.55537266,1,0.9646042,1,0.9978716,1,0.99725574,1
1,5.4415887e-05,0,0.5555104,1,0.021078786,0,0.0013483415,0,3.0004441e-05,0
0,0.2845579,0,0.10843117,0,0.99967104,1,0.93379176,1,0.98126805,1
0,0.9999949,1,0.555562,1,0.006473122,0,0.0020334483,0,0.99316335,1
1,0.9999999,1,0.5527178,1,0.9941463,1,0.034963593,0,0.9923348,1
0,5.3412355e-06,0,0.55554074,1,0.0031506766,0,0.0006955676,0,6.6261535e-05,0
1,0.99992037,1,0.5554374,1,0.90376693,1,0.00090215047,0,0.046330377,0
1,8.391392e-09,0,0.56531334,1,0.0032300437,0,0.00095891097,0,0.003221554,0
0,0.9991781,1,0.5551302,1,0.0033207308,0,0.00068250083,0,1.2902091e-05,0
0,2.2645935e-07,0,0.87416035,1,0.87716216,1,0.00074957625,0,0.995296,1
0,0.99997985,1,0.5676212,1,0.99700916,1,0.99999094,1,0.99569255,1
1,0.99779415,1,0.99957114,1,0.9996131,1,0.99986625,1,0.07303544,0
0,0.4545927,0,0.5557219,1,0.8514337,1,0.0032472408,0,3.9152746e-05,0
1,0.9967807,1,0.5553214,1,0.9722759,1,0.0013513175,0,0.98583215,1
0,7.349714e-05,0,0.55539453,1,0.7704805,1,0.0010653791,0,0.0013414077,0
1,0.99952924,1,0.08550394,0,0.003031072,0,0.067518696,0,0.99083763,1
1,0.9987197,1,0.55524707,1,0.98989785,1,0.9999961,1,0.92025656,1
1,0.013832112,0,0.55469334,1,0.007888131,0,0.9609713,1,0.91998047,1
1,0.999984,1,0.9548107,1,0.03411989,0,0.9996609,1,0.06259018,0
1,0.027314655,0,0.5545907,1,0.0046562655,0,0.9849218,1,0.0044185584,0
1,0.17595896,0,0.55545706,1,0.004797634,0,0.0040639164,0,0.00054335484,0
0,1.0989531e-08,0,0.55529565,1,0.057618935,0,0.0008350273,0,4.030688e-05,0
1,0.9995493,1,0.5581892,1,0.9915976,1,0.8373557,1,0.9835373,1
1,0.06768211,0,0.555634,1,0.0031075994,0,0.00044831767,0,0.0009127868,0
1,0.9990217,1,0.5555182,1,0.010353404,0,0.029769748,0,0.44379038,0
1,3.363588e-05,0,0.55540323,1,0.93230945,1,0.6978021,1,0.9999631,1
1,0.9998059,1,0.5554072,1,0.9955464,1,0.99989706,1,0.9839948,1
0,0.9999871,1,0.5520027,1,0.99628574,1,0.99345315,1,3.2869175e-05,0
0,0.9999997,1,0.55547625,1,0.003639834,0,0.02614277,0,0.05562819,0
1,6.317582e-10,0,0.99912184,1,0.98965394,1,0.9993432,1,0.9882328,1
1,0.9835292,1,0.5555606,1,0.9969395,1,0.9999668,1,0.99912786,1
1,0.99997944,1,0.5562032,1,0.9965945,1,0.9996144,1,0.99862725,1
1,4.529753e-05,0,0.5884668,1,0.9959665,1,0.9628074,1,0.8777428,1
1,0.9999989,1,0.55545044,1,0.0055873673,0,0.08869565,0,0.990529,1
1,3.9581323e-06,0,0.55537874,1,0.007076125,0,0.0015247938,0,0.97210234,1
0,0.00016252331,0,0.55578554,1,0.0037528956,0,0.0973322,0,0.00030818462,0
0,0.9987183,1,0.55538005,1,0.0037104893,0,0.00080523797,0,0.9670146,1
0,0.85342073,1,0.5627517,1,0.56896055,1,0.9992381,1,0.54479253,1
0,9.328436e-10,0,0.556497,1,0.0030671423,0,0.0004285967,0,4.262871e-05,0
0,0.9998848,1,0.92281586,1,9.626981e-05,0,3.243674e-06,0,0.000110686415,0
1,0.010956602,0,0.59735805,1,0.99665153,1,0.99999326,1,0.9999708,1
1,0.47304237,0,0.8771166,1,0.00026168983,0,0.0034866151,0,0.00016740288,0
1,0.8610833,1,0.5553885,1,0.9898851,1,0.9998803,1,0.0039976286,0
1,0.99999917,1,0.5556358,1,0.67648226,1,0.5019891,1,0.0028452717,0
1,0.13659194,0,0.55583614,1,0.99652016,1,0.75152475,1,0.9942168,1
1,0.28192863,0,0.5544925,1,0.0067751,0,0.8754213,1,0.003511675,0
1,0.999985,1,0.55542904,1,0.990014,1,0.2694502,0,0.9982308,1
1,0.08728772,0,0.7846257,1,0.0028286004,0,0.000101138634,0,6.278056e-05,0
0,0.9954482,1,0.5554691,1,0.97757787,1,0.9998789,1,0.9851425,1
0,0.9988806,1,0.5559083,1,0.99304074,1,0.01070443,0,0.99997115,1
0,5.19312e-12,0,0.9617762,1,0.995433,1,0.99396116,1,0.17380637,0
0,0.91376823,1,0.5553734,1,0.994412,1,0.055985145,0,0.01458149,0
1,0.99952966,1,0.55541134,1,0.12974961,0,0.99292547,1,0.04915918,0
0,0.0020029112,0,0.5556927,1,0.007624305,0,0.20482883,0,0.9960923,1
0,2.4593633e-06,0,0.5579611,1,0.9911587,1,0.99994385,1,0.8947863,1
0,0.99997467,1,0.5553546,1,0.012729873,0,0.99988264,1,0.10153199,0
0,0.3164149,0,0.5552177,1,0.0030790865,0,0.00036475138,0,9.194504e-05,0
1,0.999932,1,0.56885284,1,0.0037551923,0,0.001988107,0,2.8232977e-05,0
0,0.9999919,1,0.5545821,1,0.9770079,1,0.08452367,0,0.4646578,0
0,0.00015443507,0,0.55539197,1,0.9942278,1,0.9995884,1,0.99993545,1
1,0.99998045,1,0.553813,1,0.010276377,0,0.30396503,0,0.0016699465,0
1,1.093468e-06,0,0.5563016,1,0.0031162153,0,0.00089297956,0,0.0050348304,0
0,0.12594897,0,0.5553708,1,0.49231523,0,0.9726839,1,0.9799525,1
1,0.00027409903,0,0.55561024,1,0.00635496,0,0.0008282022,0,0.024198718,0
1,7.393709e-06,0,0.56191355,1,0.12670706,0,0.0013611683,0,0.14895673,0
1,0.9999917,1,0.77557105,1,0.9974128,1,0.99997425,1,0.9991508,1
1,0.00019060184,0,0.94445205,1,0.99717826,1,0.9993686,1,0.9156345,1
0,0.9901539,1,0.570772,1,0.0030792446,0,0.0005137352,0,0.0024186464,0
0,6.3391596e-08,0,0.58224934,1,0.99688405,1,0.99958587,1,0.98408556,1
0,9.789729e-05,0,0.74884427,1,0.0006150186,0,0.8581906,1,0.0016107968,0
1,0.00030481315,0,0.5554116,1,0.006909979,0,0.007161024,0,0.8549926,1
0,0.5708332,1,0.5553165,1,0.8964616,1,0.8983448,1,0.0022735768,0
1,0.99423337,1,0.55571276,1,0.9961031,1,0.99997896,1,0.98614204,1
1,7.105848e-08,0,0.013415315,0,0.99877626,1,0.0020630658,0,0.99980634,1
0,0.9334225,1,0.55552846,1,0.9955841,1,0.99988604,1,0.035697132,0
0,0.40492842,0,0.5551573,1,0.008555007,0,0.99396217,1,0.0368781,0
1,3.3772204e-10,0,0.5927257,1,0.0049356655,0,0.001974355,0,0.00012635055,0
1,0.99986607,1,0.5554156,1,0.010524421,0,0.9934724,1,0.99484956,1
1,0.9999853,1,0.55526304,1,0.99285406,1,0.9989649,1,0.99594474,1
1,0.9999723,1,0.55554324,1,0.99625474,1,0.9996567,1,0.9991277,1
0,0.9999537,1,0.55504036,1,0.9954453,1,0.9990042,1,0.9993557,1
1,0.9996404,1,0.55541015,1,0.03731845,0,0.9995379,1,0.0035450172,0
1,9.449781e-06,0,0.55887794,1,0.44405344,0,0.0008315567,0,3.9790568e-05,0
1,0.00010512831,0,0.55523115,1,0.97961265,1,0.001449281,0,0.007448546,0
1,3.9138765e-08,0,0.5544881,1,0.99608916,1,0.66783047,1,0.004440712,0
1,3.6655651e-06,0,0.5589023,1,0.0057223313,0,0.001979634,0,0.004904974,0
0,0.9985573,1,0.003059413,0,0.9991733,1,0.02281468,0,0.93839574,1
0,0.0059139812,0,0.63543224,1,0.996786,1,0.99997693,1,0.99996066,1
0,0.99868536,1,0.55529815,1,0.993072,1,0.70702285,1,0.9935629,1
0,0.00060581753,0,0.34219378,0,0.003245436,0,0.9826287,1,0.0019468829,0
0,0.011512395,0,0.555278,1,0.32260403,0,0.9990169,1,0.9983853,1
1,0.3769556,0,0.031303275,0,0.99967897,1,0.7863934,1,0.0010196592,0
1,2.6031375e-06,0,0.55238265,1,0.004280293,0,0.00050476525,0,9.917647e-05,0
0,0.9996675,1,0.5547147,1,0.16375065,0,0.004785973,0,0.98996496,1
0,2.6345413e-07,0,0.5554091,1,0.6843553,1,0.9999129,1,0.075768135,0
0,3.2743386e-10,0,0.65445894,1,0.00050248613,0,0.009510918,0,0.00020277068,0
1,0.9999451,1,0.5547068,1,0.11743814,0,0.99987966,1,0.9997236,1
1,0.0520661,0,0.9982472,1,0.92542386,1,0.9854115,1,0.875909,1
0,0.95458436,1,0.5457786,1,0.9888183,1,0.9995953,1,0.99998504,1
0,1.3058892e-07,0,0.60780835,1,0.9969304,1,0.99998695,1,0.9348842,1
0,0.99942106,1,0.5553529,1,0.9966252,1,0.99921757,1,0.99992925,1
1,9.43919e-06,0,0.555136,1,0.007461044,0,0.9004209,1,0.9843025,1
0,0.99848783,1,0.56003624,1,0.99311286,1,0.9552466,1,0.9591647,1
0,5.638751e-07,0,0.55487907,1,0.99604416,1,0.9999638,1,0.9986912,1
0,0.9999964,1,0.55541146,1,0.007593333,0,0.0052467715,0,0.005727777,0
0,1.3485114e-12,0,0.49369273,0,0.042962126,0,1.0769661e-06,0,0.00042927093,0
0,0.9999837,1,0.5589298,1,0.9853468,1,0.9999948,1,0.9999858,1
1,0.94454104,1,0.5558135,1,0.061138403,0,0.0009675209,0,0.09155706,0
0,0.999561,1,0.55539644,1,0.0047841403,0,0.0018377992,0,0.60820884,1
0,0.000512163,0,0.5605905,1,0.78074276,1,0.20597173,0,0.99995553,1
1,0.13204202,0,0.5637986,1,0.9532171,1,0.99922675,1,0.79680496,1
0,0.99998283,1,0.99778247,1,0.99983585,1,0.9999951,1,0.073460266,0
0,0.77005076,1,0.96221274,1,0.0010272367,0,0.15693903,0,0.06002457,0
0,0.5714142,1,0.5554547,1,0.9159819,1,0.98952043,1,0.039986745,0
0,4.914698e-06,0,0.5547772,1,0.00588735,0,0.017826566,0,1.390457e-05,0
1,2.1733703e-08,0,0.3847837,0,0.00492198,0,0.0020699424,0,0.79722494,1
1,1.2187697e-07,0,0.4437024,0,0.99744827,1,0.9999946,1,0.99845666,1
1,1.6751753e-07,0,0.5552577,1,0.7967407,1,0.5394382,1,0.99940234,1
1,0.98415524,1,0.55533683,1,0.9199049,1,0.6592616,1,0.97608644,1
1,0.9999999,1,0.65681386,1,0.99577546,1,0.3183607,0,0.99236166,1
0,1.4234559e-09,0,0.55557823,1,0.99339086,1,0.9754196,1,0.9999249,1
0,0.9999275,1,0.5554566,1,0.9969743,1,0.9999918,1,0.9982871,1
0,1.2067999e-07,0,0.5558061,1,0.99187165,1,0.97181875,1,0.99974364,1
1,5.9256695e-07,0,0.58264405,1,0.0030849145,0,0.0042417827,0,0.03676821,0
1,0.0041784863,0,0.5555957,1,0.0034816018,0,0.0019622047,0,0.0002265188,0
0,0.9999738,1,0.5555193,1,0.9964496,1,0.99994415,1,0.97218895,1
1,1.1159909e-08,0,0.5551311,1,0.76347554,1,0.0031635084,0,0.99995965,1
1,0.00082058896,0,0.55556226,1,0.0031378875,0,0.0006375044,0,0.9127121,1
1,4.670194e-11,0,0.6542086,1,0.9969953,1,0.9995616,1,0.9997562,1
1,0.00021307639,0,0.56356204,1,0.9959384,1,0.999896,1,0.9921205,1
0,1.6031143e-05,0,0.555743,1,0.01029044,0,0.9807399,1,0.010342362,0
1,2.1757096e-06,0,0.020382822,0,0.9973721,1,0.00019150595,0,0.9756504,1
1,9.989488e-10,0,0.5552282,1,0.07067403,0,0.9999932,1,0.18347248,0
0,0.9999935,1,0.5550685,1,0.01861423,0,0.009974049,0,0.22487077,0
1,0.99994224,1,0.5545427,1,0.004756039,0,0.005897319,0,0.008828572,0
0,0.018549496,0,0.5554116,1,0.01715124,0,0.0022518863,0,0.00078554533,0
1,6.5436407e-09,0,0.5549511,1,0.0049504633,0,0.000888374,0,0.0007517538,0
1,6.47394e-07,0,0.99780047,1,0.99861634,1,0.42065877,0,0.039306946,0
0,0.00032918152,0,0.5558769,1,0.79253864,1,0.72036463,1,0.5018666,1
1,0.99994963,1,0.54136175,1,0.007139349,0,0.6101307,1,0.35048833,0
1,0.9977241,1,0.55551136,1,0.99543065,1,0.9998071,1,0.84290457,1
1,1.9169644e-09,0,0.55496264,1,0.0056141,0,0.9964366,1,0.0007045357,0
0,6.717663e-06,0,0.5467618,1,0.16894221,0,0.015737893,0,0.97590584,1
1,0.99992275,1,0.61451703,1,0.98717725,1,0.7430957,1,0.8917405,1
0,0.98962826,1,0.555374,1,0.9964189,1,0.9978957,1,0.9405288,1
0,0.7944065,1,0.856943,1,0.00014185732,0,0.018276012,0,0.0008147205,0
0,0.9999325,1,0.55546236,1,0.9479466,1,0.9980646,1,0.9996829,1
1,0.99988985,1,0.5554006,1,0.0038526326,0,0.0006380461,0,0.007374642,0
0,5.1562466e-08,0,0.99904823,1,0.99989486,1,0.9998804,1,0.99987686,1
1,4.7229682e-07,0,0.5490416,1,0.0031153234,0,0.0004865192,0,0.0010773174,0
1,0.9992633,1,0.55540633,1,0.9949339,1,0.9608277,1,0.9931152,1
1,5.269125e-07,0,0.5355581,1,0.99009466,1,0.41064537,0,0.45463404,0
1,0.9717003,1,0.55544484,1,0.9957189,1,0.9994922,1,0.99994266,1
0,0.9994822,1,0.55494905,1,0.013360865,0,0.9974821,1,0.10448146,0
1,0.99197954,1,0.5552551,1,0.96757734,1,0.22946446,0,0.79950947,1
1,0.90702015,1,0.5553526,1,0.003300707,0,0.008975263,0,8.858207e-05,0
1,3.8309904e-07,0,0.5555414,1,0.0030686224,0,0.0005785275,0,0.00014427226,0
1,0.99999,1,0.55553204,1,0.9968127,1,0.99992937,1,0.99890774,1
0,0.0055700094,0,0.40329427,0,0.9448007,1,0.99851143,1,0.9596282,1
1,0.00011038812,0,0.9914838,1,0.99641126,1,2.6555886e-06,0,0.7298321,1
0,5.509979e-10,0,0.96980315,1,0.9821025,1,0.9996706,1,0.9978069,1
0,1.291088e-05,0,0.99897695,1,0.9756506,1,0.00271724,0,0.99350905,1
0,0.036025245,0,0.55539393,1,0.005396307,0,0.00087005924,0,0.0045369407,0
0,0.000598052,0,0.8949632,1,0.0012121287,0,0.9591767,1,0.9999611,1
0,0.99518013,1,0.5553995,1,0.84119517,1,0.9999958,1,0.9797375,1
1,0.99999994,1,0.5576012,1,0.003112749,0,0.00040394228,0,0.19187741,0
0,0.99807733,1,0.55544585,1,0.014494334,0,0.9629991,1,0.00016704015,0
0,4.1099215e-06,0,0.5546384,1,0.9967083,1,0.9994306,1,0.9996937,1
0,1.2447284e-12,0,0.56200093,1,0.9935521,1,0.9999722,1,0.54402,1
0,7.5807104e-05,0,0.55546445,1,0.0030980306,0,0.00047594437,0,0.0002542844,0
0,0.99906504,1,0.56284237,1,0.97960764,1,0.0006587294,0,0.9971295,1
0,2.9572045e-10,0,0.9925458,1,0.9987973,1,0.01866371,0,0.5287899,1
0,0.99999976,1,0.49945092,0,0.0065395166,0,0.0009980509,0,0.00035011081,0
0,0.99999595,1,0.555409,1,0.004031773,0,0.0018358987,0,0.5300955,1
1,8.797642e-07,0,0.55536366,1,0.0044033746,0,0.001347171,0,0.0020779232,0
1,8.337411e-06,0,0.5553878,1,0.0036015236,0,0.0004061902,0,0.00019092906,0
1,0.99990135,1,0.55543464,1,0.9373177,1,0.81308407,1,0.9614758,1
0,0.9999715,1,0.55216986,1,0.14275463,0,0.0013731054,0,0.03915284,0
0,3.7694133e-06,0,0.5673003,1,0.0032499998,0,0.27223593,0,0.0004970268,0
0,0.0005831148,0,0.9897689,1,0.00024777825,0,0.002487955,0,0.031165946,0
0,0.9999998,1,0.03048803,0,0.0028216538,0,0.0044067875,0,0.00080552604,0
1,1.202435e-08,0,0.55533326,1,0.006202721,0,0.004499434,0,0.99862236,1
0,0.07806816,0,0.5555796,1,0.009980058,0,0.0015285093,0,0.9988532,1
1,0.7275354,1,0.55520105,1,0.99617463,1,0.98795044,1,0.9987527,1
0,0.093765214,0,0.54182285,1,0.003109837,0,0.0031324998,0,0.98888737,1
1,1.9392863e-05,0,0.5556561,1,0.0061784186,0,0.25372574,0,0.9011069,1
0,0.42203912,0,0.9988789,1,0.99993527,1,0.9999955,1,0.9994146,1
1,7.1768244e-07,0,0.55931693,1,0.00318852,0,0.0006617957,0,0.0024638132,0
0,0.999973,1,0.0023529758,0,0.99738383,1,0.976488,1,0.99985754,1
1,5.91514e-08,0,0.55364233,1,0.0031445373,0,0.0010995145,0,7.5714626e-05,0
1,0.9962645,1,0.55533934,1,0.989799,1,0.9562716,1,0.99733967,1
0,2.1808615e-08,0,0.5593115,1,0.0035045093,0,0.99728817,1,0.9674997,1
1,0.9386241,1,0.55540544,1,0.99683005,1,0.93659055,1,0.63228726,1
0,0.93955916,1,0.576908,1,0.09354359,0,0.9999917,1,0.999903,1
0,0.99995,1,0.556273,1,0.007776373,0,0.002785555,0,0.9450781,1
0,0.9999352,1,0.5647631,1,0.9946783,1,0.9995478,1,0.9839123,1
0,0.96347713,1,0.55649304,1,0.009574436,0,0.998486,1,0.021728558,0
1,0.9989614,1,0.55530185,1,0.9969549,1,0.9999959,1,0.9996255,1
1,5.6727824e-11,0,0.55520296,1,0.0034752896,0,0.00040211002,0,0.00092329504,0
1,1.0,1,0.5577922,1,0.0031150822,0,0.00061608193,0,0.00027900925,0
0,0.868297,1,0.5553903,1,0.035275634,0,0.00088840065,0,1.6667673e-05,0
1,0.9999998,1,0.0049823634,0,0.001273388,0,0.0028842627,0,0.014361173,0
1,1.9832136e-05,0,0.53510255,1,0.0064468207,0,0.0004039789,0,0.007989624,0
0,0.9999183,1,0.55543786,1,0.99698627,1,0.9999909,1,0.9997002,1
1,0.99576104,1,0.55298,1,0.9966626,1,0.9999548,1,0.9985713,1
1,0.99995744,1,0.555505,1,0.6930363,1,0.99836785,1,0.99864274,1
1,7.834119e-08,0,0.5444221,1,0.9971853,1,0.99493295,1,0.97156775,1
1,0.000278679,0,0.5555703,1,0.006695335,0,0.0033410704,0,0.13952062,0
1,0.001901835,0,0.899868,1,0.997451,1,0.99996936,1,0.9976458,1
0,3.5016985e-08,0,0.57038945,1,0.99706215,1,0.99998546,1,0.99988616,1
0,0.06796643,0,0.55537933,1,0.004771928,0,0.61296254,1,0.0012941824,0
1,0.00023278802,0,0.5555144,1,0.9898936,1,0.8932417,1,0.9789505,1
0,0.0001228039,0,0.5553595,1,0.95065314,1,0.9998344,1,0.69851166,1
1,0.0032841514,0,0.5709961,1,0.74078006,1,0.0031204384,0,0.09689459,0
1,0.99999964,1,0.53107876,1,0.004540636,0,0.99981964,1,0.020576091,0
0,8.670885e-08,0,0.61075026,1,0.9848762,1,0.36080372,0,0.8964151,1
0,3.0375617e-08,0,0.99128205,1,0.00077104877,0,0.00015403637,0,0.0009910095,0
0,7.668512e-06,0,0.31976104,0,0.0036960228,0,0.014899509,0,0.000633015,0
0,0.999947,1,0.5556489,1,0.78002053,1,0.0063601653,0,0.43261296,0
0,0.9999997,1,0.5554165,1,0.012551252,0,0.99695677,1,0.84996957,1
0,0.99999976,1,0.55401224,1,0.018125905,0,0.9999068,1,0.064025216,0
1,0.005688838,0,0.34889233,0,0.00015045088,0,0.9454245,1,9.924119e-05,0
0,0.99932,1,0.55530626,1,0.003717779,0,0.00041972,0,0.00051029277,0
1,0.9992314,1,0.552931,1,0.009915083,0,0.99925107,1,0.012251627,0
1,0.9999569,1,0.01681282,0,0.99975544,1,0.99938935,1,0.15330851,0
0,0.12998447,0,0.559165,1,0.995053,1,0.97045565,1,0.20195472,0
0,0.3762839,0,0.55534667,1,0.8282344,1,0.19353323,0,0.96098155,1
0,1.4274451e-08,0,0.5555144,1,0.9968222,1,0.99993336,1,0.97379446,1
1,0.919508,1,0.55514276,1,0.9970086,1,0.999889,1,0.99998784,1
0,1.5841708e-07,0,0.5013317,1,0.0031779935,0,0.0007202247,0,0.00011726236,0
0,0.99999845,1,0.5554653,1,0.005047856,0,0.9999735,1,0.99909127,1
1,0.5522871,1,0.5554943,1,0.003300864,0,0.0006601966,0,0.0070055914,0
0,0.004177259,0,0.55526614,1,0.11828363,0,0.010725472,0,0.00015996801,0
0,0.0033575979,0,0.55492616,1,0.011762177,0,0.99968034,1,0.99025404,1
0,7.3686024e-08,0,0.55538845,1,0.99679005,1,0.9953449,1,0.99878854,1
1,0.99999994,1,0.55596215,1,0.0030912678,0,0.0004781516,0,0.00011813732,0
0,0.99972147,1,0.5548912,1,0.9872509,1,0.99964803,1,0.99657714,1
1,3.5940266e-09,0,0.5530392,1,0.9951966,1,0.89507,1,0.99532723,1
0,0.9993672,1,0.5554561,1,0.004738621,0,0.1475397,0,0.007904318,0
1,0.9999999,1,0.6163484,1,0.9972754,1,0.99983925,1,0.99803835,1
1,0.99994797,1,0.5554016,1,0.010637167,0,0.0007416365,0,0.00015117538,0
0,0.9999952,1,0.89521843,1,0.0018393096,0,7.0762812e-06,0,9.998734e-05,0
1,0.00013249896,0,0.5938064,1,0.99438834,1,0.99797094,1,0.999531,1
0,0.9777595,1,0.5553316,1,0.933844,1,0.02946158,0,0.00043342492,0
0,6.7219796e-14,0,0.55510056,1,0.99313414,1,0.9987352,1,0.9893303,1
1,0.98896974,1,0.5554199,1,0.99602735,1,0.9997106,1,0.9920807,1
0,1.0754715e-08,0,0.5558513,1,0.94984144,1,0.0018564193,0,0.0023522829,0
0,0.9999997,1,0.55538255,1,0.9579012,1,0.73415107,1,0.98812866,1
1,4.822215e-10,0,0.5942789,1,0.9940912,1,0.99877214,1,0.9998785,1
0,1.9442916e-06,0,0.9864257,1,0.99987173,1,0.9999938,1,0.13973188,0
1,0.9996175,1,0.5554112,1,0.96181434,1,0.13733307,0,0.9896123,1
0,0.99999934,1,0.59398955,1,0.99736243,1,0.9998114,1,0.9829739,1
0,0.99988747,1,0.5573476,1,0.99701065,1,0.9999336,1,0.999108,1
0,1.43194675e-05,0,0.5556188,1,0.0031070993,0,0.00062091823,0,0.00014060075,0
0,0.99978334,1,0.55607945,1,0.030130243,0,0.960439,1,0.9429385,1
0,0.87951535,1,0.55543965,1,0.005446866,0,0.0218448,0,0.01838417,0
0,4.804849e-05,0,0.8698227,1,0.003123697,0,0.0014095797,0,5.4007476e-05,0
0,4.148973e-12,0,0.5480818,1,0.0032311445,0,0.001081578,0,0.17293794,0
0,0.6357816,1,0.55502975,1,0.0050926465,0,0.06114466,0,0.44430742,0
1,0.019661544,0,0.5554403,1,0.9158453,1,0.9320644,1,0.9837056,1
1,1.3304979e-05,0,0.55349237,1,0.0031160284,0,0.00040006693,0,0.024923401,0
1,0.56135225,1,0.5551928,1,0.02858121,0,0.0017244453,0,0.9009738,1
0,1.3172059e-11,0,0.5561653,1,0.97266763,1,0.21295938,0,0.027604716,0
1,6.6318904e-07,0,0.5586792,1,0.0031465637,0,0.0740618,0,0.98929757,1
0,1.107922e-05,0,0.5554418,1,0.044071976,0,0.99936324,1,0.99607015,1
1,0.9999996,1,0.5543715,1,0.10347744,0,0.0004899755,0,0.0031262434,0
1,0.9558705,1,0.5554153,1,0.08755146,0,0.9917066,1,0.9514498,1
0,0.9998469,1,0.55538195,1,0.0038066632,0,0.00075281586,0,0.2587124,0
0,0.816554,1,0.5482965,1,0.9720174,1,0.9999399,1,0.9964282,1
0,0.9902851,1,0.109463684,0,0.99726737,1,0.9999701,1,0.9481158,1
0,1.8671929e-07,0,0.6054382,1,0.0030911544,0,0.015972173,0,0.0028219493,0
0,0.15538931,0,0.09640485,0,0.0001104194,0,2.5068505e-08,0,0.0028376933,0
0,0.021385374,0,0.55519974,1,0.9900785,1,0.99991786,1,0.99385697,1
1,1.0,1,0.55808455,1,0.9926157,1,0.9999381,1,0.48343155,0
1,0.99999887,1,0.55541813,1,0.9818563,1,0.95976156,1,0.9631235,1
1,1.6339317e-09,0,0.5558159,1,0.011055103,0,0.9998466,1,0.9992011,1
0,4.1604303e-06,0,0.665441,1,0.9928546,1,0.002370624,0,0.91901517,1
0,0.99965507,1,0.5554906,1,0.05949059,0,0.036677625,0,0.8246294,1
1,0.23674852,0,0.5572688,1,0.99676853,1,0.99994576,1,0.27476627,0
1,1.0,1,0.55539507,1,0.9968771,1,0.9999854,1,0.9994445,1
0,0.99998313,1,0.55564404,1,0.9885889,1,0.9903967,1,0.9994737,1
0,0.52426344,1,0.55566984,1,0.951955,1,0.99986273,1,0.99679977,1
1,3.1452705e-09,0,0.99278605,1,0.000797608,0,1.6505212e-05,0,0.079201706,0
0,0.99713576,1,0.55522686,1,0.9961692,1,0.99992484,1,0.9991382,1
0,0.99999964,1,0.55412793,1,0.995843,1,0.97926706,1,0.99971634,1
0,4.2770816e-07,0,0.55525607,1,0.0037405218,0,0.028509188,0,0.9138179,1
0,1.1271992e-05,0,0.5564489,1,0.007981008,0,0.004460843,0,0.019257884,0
0,0.99997056,1,0.5565206,1,0.939554,1,0.0009444774,0,0.18661843,0
1,6.4667493e-06,0,0.6532146,1,0.0033475142,0,0.99996567,1,2.2748303e-05,0
1,0.9999991,1,0.5552684,1,0.0055781575,0,0.0007783884,0,0.09438429,0
0,0.29165193,0,0.99922645,1,0.0033775603,0,4.0748267e-09,0,0.00021140931,0
1,0.6388664,1,0.25699875,0,0.0031401867,0,0.0024928781,0,0.0032536152,0
0,0.99840504,1,0.55541646,1,0.99247414,1,0.9999532,1,0.9916347,1
1,0.4514877,0,0.55663234,1,0.004247833,0,0.0019956394,0,0.96909094,1
1,9.94003e-07,0,0.55555916,1,0.99602914,1,0.99854136,1,0.99980927,1
1,1.1468267e-08,0,0.55579126,1,0.0038715864,0,0.81176585,1,0.0020885738,0
1,0.9999873,1,0.5579663,1,0.98925745,1,0.001787619,0,0.99892193,1
1,7.87263e-08,0,0.5556798,1,0.9970269,1,0.9997112,1,0.99930036,1
0,5.587283e-06,0,0.5554187,1,0.03163428,0,0.020076666,0,0.0009117168,0
0,7.5182804e-08,0,0.557454,1,0.003185613,0,0.0011902559,0,0.008264616,0
1,4.7071817e-06,0,0.1421141,0,0.983475,1,0.0315888,0,0.9995365,1
0,0.0016062756,0,0.55534697,1,0.96056825,1,0.9991857,1,0.99930626,1
0,0.991119,1,0.55568993,1,0.0073577315,0,0.06715217,0,0.1567728,0
1,2.4720052e-11,0,0.5554551,1,0.0032096773,0,0.00079315924,0,8.359017e-06,0
1,0.003394011,0,0.5557854,1,0.004094238,0,0.00048426914,0,0.0043941964,0
0,0.99998933,1,0.55539155,1,0.005713625,0,0.0049124253,0,0.9117547,1
0,0.00031639764,0,0.5541348,1,0.9963335,1,0.99988985,1,0.9947643,1
0,0.9999867,1,0.55370265,1,0.0064345514,0,0.0027444717,0,0.9995637,1
0,0.9997743,1,0.55575675,1,0.0038959736,0,0.00057390705,0,6.3134416e-05,0
1,0.99934673,1,0.555221,1,0.9874466,1,0.99900687,1,0.00029099747,0
0,3.5747806e-07,0,0.51508284,1,0.9490608,1,0.7314896,1,0.004429151,0
0,0.0005062003,0,0.55542636,1,0.004648835,0,0.00044261813,0,0.15430336,0
0,3.9025284e-07,0,0.5552485,1,0.6809672,1,0.99980533,1,0.9929111,1
0,1.8163713e-07,0,0.5530494,1,0.053749338,0,0.9997359,1,0.0008431647,0
0,3.4859717e-05,0,0.5555274,1,0.9957449,1,0.9996714,1,0.003084967,0
0,3.6515506e-09,0,0.55532396,1,0.99703795,1,0.99244034,1,0.02012011,0
0,0.012739478,0,0.55546147,1,0.0030731345,0,0.00041637366,0,0.30822355,0
0,0.26187775,0,0.5552189,1,0.003988033,0,0.0016251552,0,1.5842792e-05,0
0,1.8716286e-06,0,0.75028837,1,0.99372387,1,0.9999142,1,0.0041583716,0
0,0.007356227,0,0.5608259,1,0.0042141173,0,0.18173248,0,0.00028641903,0
0,0.55302787,1,0.55524284,1,0.9961445,1,0.9999615,1,0.99808365,1
0,1.510728e-08,0,0.5555156,1,0.9877095,1,0.91990954,1,0.0017587933,0
1,0.99107534,1,0.5557083,1,0.008517733,0,0.000587648,0,0.01514646,0
0,0.99947566,1,0.5555593,1,0.0030787599,0,0.0005033865,0,0.00065602054,0
0,2.5806197e-09,0,0.5554423,1,0.008301201,0,0.7632726,1,0.86723864,1
0,0.9999189,1,0.555276,1,0.9934707,1,0.9359563,1,0.00025657256,0
1,0.0003975997,0,0.57668215,1,0.986634,1,0.9962354,1,0.9999161,1
0,7.368335e-07,0,0.55562544,1,0.013830127,0,0.0017626442,0,0.014266294,0
0,0.9929993,1,0.5552255,1,0.003620106,0,0.99959385,1,0.00059871934,0
0,4.2779313e-05,0,0.5523138,1,0.8499915,1,0.99957705,1,0.9860436,1
1,1.0309601e-08,0,0.5552496,1,0.1251828,0,0.9958685,1,0.005109803,0
1,0.9994117,1,0.5553969,1,0.0034000552,0,0.0019749221,0,0.0008574912,0
1,0.81132257,1,0.5548418,1,0.0037306482,0,0.18249846,0,0.00014891116,0
1,0.027959539,0,0.5526756,1,0.9958101,1,0.99995184,1,0.9997846,1
0,0.00020556826,0,0.55552953,1,0.0030689666,0,0.0003544142,0,0.0014050938,0
0,2.1694055e-07,0,0.55527383,1,0.93670344,1,0.99975944,1,0.65565443,1
0,2.3104987e-05,0,0.9974289,1,0.00061595277,0,0.0004039521,0,0.013572372,0
0,5.618142e-09,0,0.5414455,1,0.0037052613,0,0.0004477225,0,0.30936015,0
0,0.76982594,1,0.5554442,1,0.0041144663,0,0.0074359407,0,0.0005195585,0
0,0.99950796,1,0.5564048,1,0.9878303,1,0.9999869,1,0.008972446,0
1,1.2889644e-12,0,0.5226572,1,0.99380016,1,0.9947222,1,0.022747982,0
1,0.99999416,1,0.55511844,1,0.0056078476,0,0.0011873047,0,1.2878747e-05,0
1,1.2803084e-06,0,0.73657835,1,0.8663645,1,4.2847947e-05,0,4.321637e-05,0
1,0.9997324,1,0.55537635,1,0.997036,1,0.9998323,1,0.999844,1
0,1.0,1,0.5553786,1,0.9969043,1,0.9998742,1,0.9999519,1
0,0.16522495,0,0.5569253,1,0.0031121557,0,0.0008853223,0,4.202291e-05,0
0,0.99989635,1,0.55520475,1,0.022229912,0,0.1191165,0,0.9940421,1
0,0.99999976,1,0.56006896,1,0.0034074376,0,0.0005167551,0,9.375402e-05,0
1,0.00023609036,0,0.5518317,1,0.9918411,1,0.9999664,1,0.057512462,0
0,0.17438927,0,0.5554154,1,0.48088443,0,0.19103651,0,0.4838598,0
1,1.8092527e-05,0,0.55071914,1,0.0040163468,0,0.018986544,0,0.074718244,0
0,0.10257185,0,0.5578921,1,0.92961454,1,0.9941813,1,0.97675586,1
0,0.002124993,0,0.9998628,1,0.00049367035,0,7.505248e-05,0,0.99987864,1
0,0.99987644,1,0.55542934,1,0.74006224,1,0.9998818,1,0.72638035,1
1,0.98207617,1,0.5551791,1,0.1262452,0,0.99967647,1,0.16108087,0
0,5.1535932e-11,0,0.555244,1,0.0031464084,0,0.0011101918,0,9.551497e-05,0
1,0.9999969,1,0.55496943,1,0.0075141536,0,0.02928885,0,0.99912876,1
0,2.9511563e-07,0,0.555752,1,0.81584984,1,0.99257517,1,0.9992915,1
1,0.99995935,1,0.5554355,1,0.007785706,0,0.9997316,1,0.0009840231,0
0,0.9999971,1,0.09629963,0,0.99565506,1,0.99932545,1,0.6331454,1
1,0.9999334,1,0.5553861,1,0.0034017311,0,0.001545863,0,0.48711124,0
0,8.757611e-09,0,0.55512595,1,0.027526222,0,0.008323684,0,0.29369357,0
1,0.99998474,1,0.55613315,1,0.0030765096,0,0.0006262965,0,0.00010144106,0
0,0.92562413,1,0.5553791,1,0.9746664,1,0.0029754383,0,0.4595902,0
0,0.99999666,1,0.4908348,0,0.003121285,0,0.00069889694,0,0.0010800692,0
0,0.9999938,1,0.55513906,1,0.9956858,1,0.998133,1,0.99176717,1
0,0.2274473,0,0.555478,1,0.79519266,1,0.99923664,1,0.062440254,0
0,0.93224585,1,0.5595888,1,0.0034991945,0,0.0040718173,0,0.009958353,0
0,0.9999999,1,0.61589,1,0.00019019573,0,8.177968e-05,0,0.011498246,0
1,0.9999998,1,0.02570791,0,0.9994576,1,0.99967796,1,0.89646196,1
1,0.097728446,0,0.5055654,1,0.003112258,0,0.0005386045,0,5.4696775e-05,0
0,0.29547134,0,0.55534595,1,0.3408259,0,0.8204864,1,0.080739126,0
0,0.35051313,0,0.55535835,1,0.95454776,1,0.9952121,1,0.95476687,1
0,7.1094815e-05,0,0.5554956,1,0.7927382,1,0.9890148,1,0.0016178103,0
1,0.9982653,1,0.6706095,1,0.35468638,0,0.016638838,0,0.97585297,1
0,3.8388213e-11,0,0.9764632,1,0.00072536396,0,0.0024834436,0,0.00047266,0
0,0.9993519,1,0.5554104,1,0.9140717,1,0.99420875,1,0.99813217,1
1,0.9885142,1,0.55959046,1,0.99656963,1,0.9993425,1,0.9998313,1
0,6.796318e-05,0,0.5553828,1,0.96570814,1,0.9999765,1,0.9999815,1
0,1.4786046e-05,0,0.5497313,1,0.8179239,1,0.999535,1,0.9444487,1
1,0.9998793,1,0.5548203,1,0.0033694934,0,0.18224654,0,0.6062217,1
1,2.5957843e-06,0,0.5635167,1,0.012046091,0,0.8258409,1,0.71708876,1
0,0.0011996665,0,0.9754164,1,0.04871479,0,0.0025591573,0,0.008447463,0
0,0.9831222,1,0.016001554,0,0.00014703909,0,0.99998343,1,0.6522105,1
1,0.8671038,1,0.5131399,1,0.37028944,0,0.00049723743,0,0.00066921447,0
0,0.008932784,0,0.5555126,1,0.0032960873,0,0.00083272706,0,0.00032484622,0
0,0.94653916,1,0.5765897,1,0.01644934,0,0.06870495,0,0.8412515,1
1,0.99648726,1,0.55544394,1,0.30996734,0,0.9997561,1,0.21099189,0
0,0.016677657,0,0.555096,1,0.68566096,1,0.9999968,1,0.0015370452,0
1,0.9999997,1,0.2338999,0,0.99678427,1,0.9999996,1,0.020742554,0
1,0.9999867,1,0.5550246,1,0.0031143802,0,0.0014991008,0,0.025506549,0
1,0.782028,1,0.55613804,1,0.948559,1,0.5418669,1,0.99984884,1
0,4.227027e-09,0,0.55661386,1,0.9896064,1,0.9996816,1,0.99991125,1
0,1.0,1,0.9452879,1,0.21961056,0,9.008741e-05,0,0.0028489714,0
1,0.99912065,1,0.55557096,1,0.07599594,0,0.9931711,1,0.31645456,0
0,4.5584708e-05,0,0.5555478,1,0.0032716726,0,0.0014371363,0,0.00020222059,0
0,0.9996271,1,0.5555181,1,0.9670743,1,0.9999143,1,0.7321769,1
0,0.00017308055,0,0.5462872,1,0.020554744,0,0.48993352,0,0.99189436,1
1,1.393462e-07,0,0.55533934,1,0.005182831,0,0.008745652,0,0.6994863,1
0,1.4272119e-05,0,0.5553785,1,0.009553568,0,0.00959649,0,0.9925896,1
0,0.13055673,0,0.9998229,1,0.91191065,1,0.1678346,0,0.46566194,0
0,0.0021466187,0,0.5554175,1,0.9969778,1,0.99999034,1,0.99809283,1
0,0.99999934,1,0.55538946,1,0.009647019,0,0.044829078,0,0.0082287835,0
0,0.00059716695,0,0.28901333,0,0.0027210664,0,0.00011573755,0,0.0013000742,0
0,0.00021356616,0,0.5553929,1,0.9954028,1,0.03392746,0,0.99708223,1
0,0.99999267,1,0.55396,1,0.005048541,0,0.99364394,1,0.00037423102,0
0,0.99291813,1,0.5567099,1,0.9957642,1,0.9998117,1,0.002019828,0
0,0.999767,1,0.4988417,0,0.9831878,1,0.21281841,0,0.71349895,1
0,3.2900584e-07,0,0.5550117,1,0.004530986,0,0.001381047,0,0.9846532,1
1,2.6859107e-07,0,0.55536026,1,0.18239996,0,0.84756297,1,0.9643628,1
1,1.8325598e-05,0,0.5554604,1,0.99695474,1,0.032605223,0,0.599336,1
1,0.9999969,1,0.5549587,1,0.0032341918,0,0.13681176,0,0.007911736,0
0,0.1444598,0,0.5571701,1,0.99680907,1,0.9999873,1,0.9995243,1
1,0.9999752,1,0.55291367,1,0.003073208,0,0.00059270236,0,0.0066838525,0
1,0.99987966,1,0.551756,1,0.009020004,0,0.9971745,1,0.9119217,1
0,0.6535927,1,0.5554313,1,0.0037551515,0,0.00085686834,0,0.80515325,1
1,0.99999994,1,0.5538608,1,0.02242233,0,0.00639426,0,0.9944441,1
0,0.9999846,1,0.555304,1,0.003255417,0,0.095247276,0,0.11213151,0
0,0.9999434,1,0.55575365,1,0.936476,1,0.1509902,0,0.040655278,0
1,0.0012639511,0,0.5667644,1,0.97921824,1,0.010623637,0,0.9756391,1
0,0.95969206,1,0.5554655,1,0.06623524,0,0.75489205,1,0.8561623,1
0,5.0910252e-08,0,0.55561745,1,0.007338849,0,0.0019109142,0,0.0002946072,0
1,1.4230894e-09,0,0.5553931,1,0.018595027,0,0.00066088646,0,0.006206578,0
0,0.999903,1,0.97619367,1,0.00011770844,0,0.99532646,1,0.34025958,0
0,1.9532308e-08,0,0.5566054,1,0.84904695,1,0.44185048,0,0.032387603,0
0,0.00017014518,0,0.5553082,1,0.0056743096,0,0.010399927,0,0.029584222,0
0,0.0029021522,0,0.56022245,1,0.003072152,0,0.00046255023,0,0.009489939,0
0,1.0,1,0.99885184,1,0.314972,0,0.9468775,1,0.000196048,0
1,2.522643e-10,0,0.5657972,1,0.003069498,0,0.0004058157,0,0.0021554742,0
1,0.20384128,0,0.9859708,1,0.99984014,1,0.9999995,1,0.9999771,1
0,3.433938e-11,0,0.55660707,1,0.9969254,1,0.99978834,1,0.9961666,1
1,9.521716e-10,0,0.041228812,0,0.99974793,1,0.9093512,1,0.42744046,0
1,0.9999974,1,0.92954665,1,0.0011045064,0,0.99726087,1,0.02808733,0
1,0.00017482678,0,0.5455414,1,0.0030725026,0,0.000537062,0,1.0690337e-05,0
0,0.99999857,1,0.5555349,1,0.0051103234,0,0.9980514,1,0.00041897825,0
0,0.86153466,1,0.5555247,1,0.004741168,0,0.03372372,0,0.9951207,1
0,9.2114374e-07,0,0.55551296,1,0.9892827,1,0.9749827,1,0.55675477,1
1,0.03517146,0,0.55534565,1,0.015570685,0,0.0053414996,0,0.80227304,1
1,0.76592714,1,0.5554572,1,0.004212421,0,0.99486583,1,0.09468003,0
1,2.1460984e-05,0,0.9923842,1,0.9998649,1,0.9999997,1,0.21903694,0
0,0.07246046,0,0.55828726,1,0.0031210333,0,0.0012785533,0,0.0024285975,0
1,0.99999535,1,0.5554819,1,0.0038674192,0,0.0029352454,0,0.0007634951,0
1,0.1445714,0,0.5553931,1,0.22140846,0,0.0019094471,0,0.013255444,0
0,7.442254e-05,0,0.86793613,1,0.985259,1,0.14539003,0,0.9998376,1
0,0.73584807,1,0.9654023,1,0.99735546,1,0.006921457,0,0.8352526,1
1,0.9608586,1,0.7417183,1,0.9813861,1,0.0021784839,0,0.0010250263,0
1,0.9989323,1,0.5497133,1,0.99617314,1,0.99976355,1,0.9990735,1
0,6.7077366e-10,0,0.99908024,1,0.99948686,1,0.9978728,1,0.9921382,1
1,0.99998164,1,0.99395764,1,0.00025233367,0,0.0009768506,0,0.03218766,0
1,8.264872e-09,0,0.55936855,1,0.995855,1,0.9999581,1,0.49673355,0
0,0.46814674,0,0.556583,1,0.9969894,1,0.9999411,1,0.999656,1
0,7.473601e-08,0,0.555359,1,0.0030905434,0,0.0005857097,0,4.4837292e-05,0
0,1.396587e-09,0,0.55548286,1,0.99315447,1,0.017494002,0,0.9464284,1
0,0.1276504,0,0.5567762,1,0.9964609,1,0.99992216,1,0.9598926,1
1,0.8006852,1,0.51006013,1,0.99981314,1,0.9848379,1,0.7502271,1
1,1.0160061e-06,0,0.5554091,1,0.9939077,1,0.08075351,0,0.9634875,1
0,1.1020155e-05,0,0.5540756,1,0.0036901801,0,0.0007082082,0,0.0036311254,0
1,0.9795149,1,0.5553982,1,0.07360583,0,0.00073117536,0,0.9825425,1
0,1.3773741e-05,0,0.5554562,1,0.032867484,0,0.0118498895,0,0.00056535314,0
0,0.0015315994,0,0.5557977,1,0.9847487,1,0.9998122,1,0.9993713,1
1,0.999934,1,0.99888754,1,0.00016227094,0,0.066883944,0,0.8945001,1
0,0.99905914,1,0.555549,1,0.99701506,1,0.99999774,1,0.9999206,1
0,3.534667e-06,0,0.55549085,1,0.6133626,1,0.99991596,1,6.46568e-05,0
1,1.0517388e-05,0,0.5553726,1,0.047494546,0,0.9995099,1,0.05889571,0
1,0.089029245,0,0.0015426164,0,0.000111214365,0,1.6591564e-08,0,0.09690049,0
1,0.9972178,1,0.5891099,1,0.0034722511,0,0.013739056,0,0.033095747,0
1,0.00022552363,0,0.55557764,1,0.004308942,0,0.00090959104,0,0.000133217,0
1,2.0443895e-05,0,0.55513,1,0.096380934,0,0.20387128,0,0.9625918,1
0,3.16971e-06,0,0.55415815,1,0.99455154,1,0.9985268,1,0.9844189,1
1,0.99992865,1,0.55537856,1,0.006285618,0,0.008625706,0,0.9438588,1
0,0.99969935,1,0.5554379,1,0.0062752226,0,0.16089407,0,0.98604393,1
1,1.4203017e-07,0,0.5534527,1,0.0033294044,0,0.04779871,0,0.0037244733,0
1,0.99999875,1,0.5554668,1,0.0034211657,0,0.006692903,0,0.6353175,1
1,1.0202801e-06,0,0.55684966,1,0.02280918,0,0.00087429024,0,0.0018257808,0
1,0.00021765917,0,0.5554695,1,0.0052265944,0,0.9653009,1,0.9982549,1
1,0.15919109,0,0.60687864,1,0.0060929977,0,0.0029087956,0,0.012116217,0
1,5.1597213e-05,0,0.5554032,1,0.83186054,1,0.008162748,0,0.008320111,0
0,0.033828594,0,0.56081444,1,0.8385293,1,0.60335714,1,0.017482268,0
1,0.9999961,1,0.5266191,1,0.99590653,1,0.9999478,1,0.9874257,1
0,0.99999666,1,0.55585754,1,0.005835327,0,0.002431292,0,0.8855137,1
0,0.013435389,0,0.5555475,1,0.007825809,0,0.78363425,1,0.99633795,1
1,4.981773e-06,0,0.5553693,1,0.995754,1,0.99992144,1,0.9966797,1
0,1.1791755e-08,0,0.00083463435,0,0.0004403468,0,0.0026292815,0,0.97816396,1
0,0.9996157,1,0.55524486,1,0.055869,0,0.0014071813,0,7.8872305e-05,0
0,0.98051906,1,0.5585081,1,0.99672693,1,0.9999783,1,0.0023390907,0
1,0.00031835414,0,0.5582849,1,0.9958737,1,0.6732056,1,0.9133944,1
0,0.9999991,1,0.55568564,1,0.3199409,0,0.0012146783,0,0.9999026,1
0,0.087782115,0,0.9984373,1,0.94440436,1,0.9999983,1,0.99766994,1
0,0.9999972,1,0.5554095,1,0.0045886612,0,0.0017442653,0,0.029689947,0
1,1.5534577e-05,0,0.5551795,1,0.9966275,1,0.9999911,1,0.99401397,1
1,0.09784651,0,0.7829979,1,0.06470817,0,0.92742354,1,0.3886277,0
1,0.1386931,0,0.5551914,1,0.007017174,0,0.00076690014,0,0.00074927387,0
1,0.9999997,1,0.59077543,1,0.9968973,1,0.99190134,1,0.00050676934,0
1,0.9995146,1,0.5555417,1,0.04450935,0,0.0009276771,0,0.00012859827,0
1,0.9938622,1,0.5554175,1,0.97521335,1,0.9994135,1,0.99318016,1
0,0.99999636,1,0.5553664,1,0.0038788181,0,0.011085997,0,0.00047386182,0
0,0.9999995,1,0.5548747,1,0.97369605,1,0.0012901523,0,0.35917068,0
0,0.9999784,1,0.5556314,1,0.99682665,1,0.99992293,1,0.9993644,1
0,4.7134254e-05,0,0.5580522,1,0.99220765,1,0.99876255,1,0.9980159,1
0,2.8549428e-05,0,0.5550127,1,0.0038982746,0,0.00479084,0,0.0064480943,0
0,0.085886516,0,0.55514425,1,0.99284655,1,0.99707466,1,0.96451527,1
1,0.92799735,1,0.5517497,1,0.005014474,0,0.9995002,1,0.03932185,0
1,0.9999999,1,0.5544527,1,0.020065738,0,0.0037188565,0,0.9647258,1
1,7.909499e-06,0,0.55500543,1,0.9961165,1,0.99996424,1,0.99951535,1
1,0.9984045,1,0.55860245,1,0.0060167853,0,0.5526703,1,0.0014975293,0
1,0.9999671,1,0.55539984,1,0.69747025,1,0.84727836,1,0.010890925,0
1,0.9922562,1,0.5554189,1,0.91103077,1,0.61099863,1,0.89983195,1
0,0.99310005,1,0.5551071,1,0.007043177,0,0.97560483,1,0.982105,1
1,6.1356736e-10,0,0.5554173,1,0.02975296,0,0.99844074,1,0.017445268,0
1,0.00014800746,0,0.55613506,1,0.0048471685,0,0.48000205,0,0.021643221,0
1,0.99990696,1,0.5551763,1,0.0040823426,0,0.0040927837,0,0.02706734,0
0,0.32312983,0,0.6565984,1,0.003511827,0,0.00086176815,0,0.0015330024,0
1,0.416324,0,0.5553141,1,0.021780245,0,0.999953,1,0.93418413,1
1,2.0488062e-05,0,0.55543584,1,0.63802177,1,0.013371154,0,0.004550947,0
1,0.65338004,1,0.49542883,0,0.004964399,0,0.0072798366,0,0.0024397573,0
1,1.0,1,0.5549113,1,0.07095627,0,0.0052472698,0,0.0006695542,0
1,1.3227578e-06,0,0.5553937,1,0.99682903,1,0.9950883,1,0.9980577,1
1,0.99999374,1,0.99338716,1,0.030094903,0,0.04599806,0,0.9946532,1
0,9.944131e-10,0,0.55499095,1,0.0034107857,0,0.00058633136,0,8.162814e-05,0
0,1.750227e-08,0,0.026594123,0,0.0029076217,0,0.99979264,1,0.001102984,0
0,0.0010293898,0,0.5564866,1,0.29840273,0,0.8621978,1,0.9948453,1
0,5.068173e-06,0,0.5561121,1,0.04802509,0,0.014997854,0,7.9848694e-05,0
0,0.4444814,0,0.55545855,1,0.7059173,1,0.9977116,1,0.47620758,0
1,0.99650466,1,0.5545429,1,0.005484304,0,0.002934456,0,0.348665,0
1,1.4801175e-06,0,0.17417738,0,0.00075913966,0,0.99661505,1,0.06429797,0
1,0.99959713,1,0.5557329,1,0.9751032,1,0.9999807,1,0.23403671,0
1,2.6158623e-05,0,0.55547583,1,0.014466712,0,0.83181226,1,0.9974763,1
1,1.2812745e-09,0,0.55675465,1,0.0057729394,0,0.0018708598,0,0.00100189,0
1,0.99999857,1,0.51908934,1,0.0031566438,0,0.000769217,0,5.513641e-05,0
0,9.136819e-08,0,0.55523825,1,0.9966149,1,0.006782926,0,0.18928032,0
1,0.06263909,0,0.041503437,0,0.0010377528,0,0.0016033,0,0.01747512,0
1,9.638366e-10,0,0.55593836,1,0.00811969,0,0.99946934,1,0.00035729748,0
0,0.9882043,1,0.55553323,1,0.5202582,1,0.08796102,0,0.0011397781,0
1,0.00037363992,0,0.99098814,1,0.00011480382,0,0.024126476,0,0.023487387,0
0,0.9999356,1,0.5554394,1,0.004264096,0,0.0031689673,0,0.004780643,0
0,2.5028598e-05,0,0.55540884,1,0.0041858456,0,0.034886327,0,0.0052685733,0
1,1.2423196e-05,0,0.5694289,1,0.99700165,1,0.99996185,1,0.99991184,1
0,5.861956e-09,0,0.99828476,1,0.0005007152,0,0.0013240068,0,0.00032141779,0
1,0.96110076,1,0.555425,1,0.00865555,0,0.041141838,0,0.0017673954,0
1,0.99975383,1,0.558965,1,0.00310554,0,0.0010513929,0,0.00081822235,0
1,0.3305983,0,0.54911464,1,0.017220497,0,0.03177377,0,0.0021855736,0
1,2.9150866e-07,0,0.55538136,1,0.9969746,1,0.9985593,1,0.9836549,1
1,1.7478741e-06,0,0.55887187,1,0.9945142,1,0.99915487,1,0.26807946,0
1,0.024536027,0,0.55647963,1,0.99523425,1,0.9998042,1,0.98261964,1
0,1.1138208e-06,0,0.55538654,1,0.9824665,1,0.97801393,1,0.9962226,1
0,0.18527816,0,0.5559671,1,0.9878127,1,0.969963,1,7.727083e-05,0
0,0.79111505,1,0.55553985,1,0.96867555,1,0.9960135,1,0.00021975422,0
0,0.99999267,1,0.5543777,1,0.0044241296,0,0.0014233915,0,0.14439338,0
0,1.0,1,0.9977111,1,0.996652,1,0.9991008,1,0.976236,1
0,0.004695452,0,0.61476845,1,0.9613395,1,0.0028291089,0,0.7524602,1
0,2.3674754e-07,0,0.9993547,1,0.9998881,1,0.9999999,1,0.5381257,1
0,2.4897247e-08,0,0.5578929,1,0.013860199,0,0.00084845535,0,0.9994393,1
1,0.99953395,1,0.5553996,1,0.9274577,1,0.016821632,0,0.95018464,1
0,0.9991991,1,0.55537844,1,0.0045391507,0,0.00062192336,0,0.09074361,0
1,0.09701211,0,0.5553175,1,0.99607533,1,0.9999856,1,0.030719541,0
0,3.205186e-08,0,0.53793,1,0.96135896,1,0.99986726,1,0.99997675,1
1,0.9999966,1,0.55534303,1,0.9970582,1,0.99997246,1,0.99080175,1
0,0.79711694,1,0.5556361,1,0.012137896,0,0.9913021,1,0.0011116919,0
1,0.9805058,1,0.555453,1,0.0031756049,0,0.0006861089,0,0.0055468413,0
1,0.9999781,1,0.4904497,0,0.99895513,1,0.9936231,1,0.33317307,0
0,9.30844e-05,0,0.6231977,1,0.9957538,1,0.9999428,1,0.99983525,1
1,0.94791627,1,0.55512625,1,0.01334464,0,0.9998418,1,0.9985612,1
1,8.52698e-06,0,0.5554318,1,0.0047754035,0,0.001173371,0,0.009686087,0
0,2.8837914e-09,0,0.5549261,1,0.0036413663,0,0.00040739044,0,2.601855e-05,0
1,9.055285e-06,0,0.5552112,1,0.9953601,1,0.99931633,1,0.999797,1
0,0.9999696,1,0.5549696,1,0.99194854,1,0.9992276,1,0.99455196,1
1,0.99999815,1,0.5554147,1,0.9136479,1,0.9030147,1,0.81692225,1
0,8.9202986e-05,0,0.5553491,1,0.0032054163,0,0.0007063031,0,0.0010863671,0
1,1.2082562e-08,0,0.99989784,1,0.99807304,1,0.9998196,1,0.99916476,1
1,0.00011862034,0,0.5555205,1,0.9970163,1,0.9995334,1,0.99998665,1
1,0.007416773,0,0.5591184,1,0.99703485,1,0.99999034,1,0.9999715,1
0,0.99999434,1,0.46117115,0,0.01605996,0,0.0025673925,0,0.059886593,0
1,5.499408e-09,0,0.5553942,1,0.8353219,1,0.99939686,1,0.6004608,1
1,0.90806377,1,0.55560035,1,0.9968133,1,0.9998104,1,0.9962839,1
1,0.9999961,1,0.5553983,1,0.008447681,0,0.0013766994,0,0.06472033,0
1,0.0027911237,0,0.55387276,1,0.004736708,0,0.021690808,0,0.0075162663,0
0,0.001196927,0,0.56891704,1,0.0031535022,0,0.00111238,0,0.0005852685,0
1,0.00013924587,0,0.9880615,1,0.0001332691,0,9.865707e-06,0,0.0069432836,0
0,0.8591798,1,0.55549085,1,0.99694854,1,0.99985826,1,0.9954494,1
1,0.99810696,1,0.55519646,1,0.003252751,0,0.0008164377,0,0.002767228,0
1,1.0579077e-08,0,0.5553465,1,0.0076375627,0,0.01669768,0,0.27503455,0
1,0.009872483,0,0.5554916,1,0.6380672,1,0.0009933477,0,0.9614111,1
1,0.0015711745,0,0.5552264,1,0.00311755,0,0.0008345795,0,0.0029974345,0
1,0.99999386,1,0.55552423,1,0.12174662,0,0.30342332,0,0.11555033,0
1,0.9997964,1,0.5718324,1,0.99487424,1,0.98730576,1,0.95153534,1
1,0.99999964,1,0.555428,1,0.9944218,1,0.999944,1,0.9974216,1
1,0.81125116,1,0.555395,1,0.9959537,1,0.9970882,1,0.96018696,1
1,6.8506495e-07,0,0.55621445,1,0.43874437,0,0.030358529,0,0.005216422,0
0,0.0002426908,0,0.5553959,1,0.015239459,0,0.9834954,1,0.9687219,1
1,2.186793e-06,0,0.55596054,1,0.0030705896,0,0.0009511536,0,9.444574e-06,0
1,0.9999991,1,0.555428,1,0.1518871,0,0.009212433,0,0.021283852,0
1,0.6755588,1,0.5557375,1,0.0031586883,0,0.0011786474,0,0.004310775,0
1,0.9999899,1,0.55587846,1,0.99705946,1,0.9999772,1,0.9944556,1
1,1.928436e-08,0,0.5558203,1,0.9970383,1,0.84791327,1,0.9995695,1
1,0.99999875,1,0.55516714,1,0.0057752444,0,0.0091281785,0,1.6633296e-05,0
1,0.9925538,1,0.55671406,1,0.0031240487,0,0.0004771781,0,0.00035903632,0
1,0.966158,1,0.55542964,1,0.0037874705,0,0.0032617238,0,0.7587235,1
0,1.48114505e-05,0,0.5526985,1,0.19092748,0,0.99336314,1,0.05719012,0
1,0.99999994,1,0.9964806,1,0.99965143,1,4.444983e-05,0,0.003881288,0
0,5.521588e-08,0,0.55631524,1,0.09697593,0,0.99993014,1,0.94604254,1
0,7.511555e-09,0,0.5591206,1,0.98064965,1,0.002308074,0,0.9992774,1
1,0.9999177,1,0.55590045,1,0.6757553,1,0.021173025,0,0.9993845,1
1,2.0321436e-06,0,0.55606365,1,0.3623107,0,0.0010227761,0,0.38717982,0
1,2.4270905e-06,0,0.9555291,1,0.99978536,1,0.99998,1,0.9740166,1
0,6.496366e-10,0,0.56505907,1,0.0055080988,0,0.31350887,0,0.01786517,0
1,1.8405835e-06,0,0.483942,0,0.0032815908,0,0.9980635,1,0.002820046,0
0,0.00056915666,0,0.55542314,1,0.99700165,1,0.9988627,1,0.99995804,1
0,0.99997026,1,0.55544883,1,0.0069230045,0,0.07585612,0,0.013688634,0
0,0.20440519,0,0.5545813,1,0.99676174,1,0.99999446,1,0.9999569,1
1,0.33969846,0,0.94473106,1,0.0005527668,0,2.1847703e-05,0,0.0008417872,0
0,2.0465227e-09,0,0.55516845,1,0.9970175,1,0.9999931,1,0.9999422,1
0,0.1538385,0,0.5554322,1,0.05579372,0,0.62014824,1,0.99925554,1
1,0.98304546,1,0.5314756,1,0.0031141436,0,0.002897224,0,0.0027274997,0
1,0.98908204,1,0.5587196,1,0.9966221,1,0.9988641,1,0.88274485,1
1,0.98331153,1,0.5553856,1,0.005295709,0,0.034535713,0,0.011240419,0
1,0.9999541,1,0.55546415,1,0.005010721,0,0.7212174,1,0.9230654,1
1,0.9995992,1,0.5554945,1,0.9967864,1,0.99983376,1,0.9990274,1
0,0.9996538,1,0.55542856,1,0.012984945,0,0.004612014,0,0.9867615,1
0,0.99999446,1,0.017152471,0,0.0017620326,0,0.64458996,1,0.062354684,0
1,0.9999974,1,0.5552771,1,0.9679307,1,0.99979687,1,0.5813898,1
0,3.5336638e-05,0,0.55538183,1,0.0030664513,0,0.00060229196,0,0.0006693858,0
0,2.75072e-07,0,0.55538887,1,0.89337045,1,0.99700016,1,0.99419254,1
0,4.5296505e-07,0,0.55540544,1,0.6030053,1,0.995691,1,0.9972711,1
1,0.050443456,0,0.5554172,1,0.9967553,1,0.9999008,1,0.13254459,0
0,9.028599e-12,0,0.52451736,1,0.99660325,1,0.999923,1,0.9998891,1
1,0.98596656,1,0.99917215,1,0.9901564,1,5.2025294e-05,0,0.9981392,1
1,0.9999482,1,0.55162096,1,0.9731273,1,0.021313438,0,0.9907577,1
1,0.9782048,1,0.55570567,1,0.0030667079,0,0.0007926832,0,2.449914e-05,0
1,0.0015306787,0,0.53907555,1,0.995954,1,0.9290166,1,0.9998667,1
1,1.0,1,0.55662924,1,0.993603,1,0.9999639,1,0.9976088,1
0,0.9057628,1,0.55540025,1,0.058299094,0,0.0022262495,0,0.5320012,1
1,0.9999922,1,0.5555364,1,0.9965138,1,0.99993235,1,0.010016293,0
0,0.0026083663,0,0.5552875,1,0.64951694,1,0.9974791,1,0.9923972,1
1,0.7444006,1,0.55563885,1,0.99084204,1,0.49692035,0,0.67580575,1
0,0.2588642,0,0.5492931,1,0.0031279407,0,0.00061510765,0,7.3103183e-07,0
0,0.99999964,1,0.5554149,1,0.993365,1,0.9997799,1,0.9507969,1
1,3.9128763e-06,0,0.5550455,1,0.005763008,0,0.00102839,0,0.99897885,1
0,2.4631559e-08,0,0.5552871,1,0.0032918665,0,0.0013391501,0,0.005820228,0
1,1.1452479e-09,0,0.54388344,1,0.0045978227,0,0.03783004,0,0.00027758043,0
0,1.0,1,0.5553079,1,0.8255268,1,0.22346596,0,0.96827656,1
1,0.98582095,1,0.55512947,1,0.37111604,0,0.0018598702,0,0.38954505,0
1,0.14819287,0,0.5540991,1,0.118326545,0,0.9989911,1,0.0048791473,0
1,0.9999301,1,0.9961278,1,0.00031015679,0,3.082665e-09,0,0.40671626,0
0,0.9999997,1,0.5542566,1,0.0054432093,0,0.0015264659,0,0.012809888,0
0,0.98012197,1,0.009338967,0,0.0029445377,0,0.0013064318,0,0.00018796454,0
1,8.361499e-05,0,0.500874,1,0.0084020635,0,0.0011076926,0,2.1633306e-05,0
0,1.29012915e-05,0,0.55541515,1,0.0033245091,0,0.0018971694,0,0.001947842,0
1,3.183105e-09,0,0.55604786,1,0.0034785413,0,0.9894871,1,0.97874004,1
1,0.9031738,1,0.29525054,0,0.8992587,1,0.9995117,1,0.6260262,1
1,0.9980056,1,0.55492145,1,0.9852554,1,0.3865805,0,4.6562935e-05,0
1,8.450497e-09,0,0.55433863,1,0.9625717,1,0.16551566,0,0.8421264,1
0,0.00016236484,0,0.5555416,1,0.9948282,1,0.9980791,1,0.9948986,1
1,0.9999414,1,0.5557359,1,0.9883341,1,0.05357947,0,0.0013928068,0
1,0.9999995,1,0.5554711,1,0.88274205,1,0.9492011,1,0.9992678,1
1,0.91523015,1,0.55549663,1,0.004657095,0,0.003769935,0,0.83980083,1
1,3.106598e-06,0,0.5553775,1,0.99504894,1,0.9991924,1,0.9975443,1
0,0.9310954,1,0.55540663,1,0.005104819,0,0.0011128517,0,0.97720003,1
1,2.5130166e-08,0,0.56993604,1,0.20299812,0,0.9995753,1,0.00093247305,0
1,0.99984604,1,0.9784647,1,0.99805355,1,0.9963103,1,0.04192834,0
1,0.9999998,1,0.5553687,1,0.2448042,0,0.99908155,1,0.0101475855,0
0,4.5102406e-06,0,0.55475855,1,0.0038896054,0,0.00090795325,0,0.1071375,0
0,8.1729006e-05,0,0.5552893,1,0.9968691,1,0.99996823,1,0.99923664,1
1,0.9986432,1,0.58539385,1,0.99601364,1,0.08619037,0,0.007793405,0
0,9.916923e-08,0,0.55195194,1,0.99515116,1,0.99945027,1,0.00025620492,0
1,1.185743e-06,0,0.55567396,1,0.95448303,1,0.9998224,1,0.93883413,1
1,0.036969267,0,0.55550754,1,0.011211693,0,0.001124407,0,0.3602411,0
1,8.0143695e-07,0,0.5532791,1,0.003775729,0,0.89208436,1,0.0016135991,0
0,0.9999994,1,0.558286,1,0.0033227797,0,0.0021273906,0,0.001497023,0
0,0.9999841,1,0.43652055,0,0.9967723,1,0.9999776,1,0.9861897,1
1,0.99999857,1,0.55578506,1,0.0033323695,0,0.001688814,0,0.015355901,0
0,0.999902,1,0.555554,1,0.007715516,0,0.9998565,1,0.98167074,1
0,0.23067714,0,0.0025306477,0,0.0012968791,0,5.1015934e-07,0,0.14449802,0
1,0.9821901,1,0.5575832,1,0.99640536,1,0.99983704,1,0.9646645,1
1,0.998936,1,0.555022,1,0.9766029,1,0.021839842,0,0.016330298,0
0,4.9218092e-06,0,0.5554906,1,0.994834,1,0.9992397,1,0.9998296,1
0,0.22469185,0,0.55171615,1,0.97556,1,0.024446324,0,0.0003622447,0
0,1.0,1,0.57161,1,0.9813827,1,0.9954786,1,0.0047475537,0
0,7.565289e-08,0,0.99570364,1,0.067765824,0,0.00037644457,0,0.1737632,0
0,1.3983356e-07,0,0.5584325,1,0.996905,1,0.9999657,1,0.9998198,1
0,0.2505867,0,0.55289024,1,0.0031634497,0,0.00073826965,0,7.2511255e-05,0
0,0.102858655,0,0.556877,1,0.003263341,0,0.0007074821,0,0.0023951684,0
1,0.9995429,1,0.5541498,1,0.0056077433,0,0.5045742,1,0.99672085,1
1,4.5239193e-14,0,0.9999329,1,0.995128,1,0.99999946,1,0.9997097,1
0,0.999997,1,0.5554062,1,0.0044464944,0,0.00090408744,0,0.03284343,0
0,1.6383972e-05,0,0.55562735,1,0.97941726,1,0.15810548,0,0.86537963,1
0,0.5697026,1,0.54758364,1,0.064725526,0,0.016715446,0,0.25964165,0
0,0.7973216,1,0.54896516,1,0.0039004798,0,0.0018127542,0,0.0013075803,0
0,8.123137e-07,0,0.28431502,0,0.0084877405,0,0.05333573,0,0.9989215,1
0,0.997224,1,0.55605227,1,0.98247015,1,0.9999784,1,0.9998882,1
1,1.1075596e-08,0,0.48751795,0,0.0015442433,0,1.5699712e-05,0,0.9905603,1
0,0.99999833,1,0.5553423,1,0.93264157,1,0.99999285,1,0.997172,1
1,0.9999739,1,0.5553742,1,0.0031180286,0,0.0012125069,0,0.00051904295,0
1,9.557474e-09,0,0.9775074,1,0.00012730998,0,2.60621e-06,0,0.018306512,0
0,1.6930872e-09,0,0.5552967,1,0.0031054013,0,0.0009627692,0,0.0002595252,0
1,1.1698753e-10,0,0.4436399,0,0.99567384,1,0.9999799,1,0.99996525,1
0,0.5337148,1,0.49730307,0,0.99460274,1,0.42830238,0,0.99888164,1
0,0.9905619,1,0.5554012,1,0.9959395,1,0.99995005,1,0.9995567,1
1,0.014547728,0,0.55535924,1,0.0035850382,0,0.0006879658,0,0.013280389,0
1,1.0,1,0.75252765,1,0.99689305,1,0.9655211,1,0.9999223,1
0,0.061576903,0,0.44540152,0,0.092570566,0,0.0046072616,0,5.7830166e-06,0
1,4.8247824e-07,0,0.55547583,1,0.0061195814,0,0.24521749,0,0.95039266,1
1,1.06714495e-08,0,0.5555878,1,0.0032153716,0,0.0050991573,0,0.9788495,1
0,0.99999666,1,0.5547284,1,0.1522702,0,0.9514779,1,0.9999162,1
0,0.9999965,1,0.55540454,1,0.96181715,1,0.0038616154,0,0.99613595,1
0,5.2911737e-08,0,0.215617,0,0.53598297,1,0.8580089,1,0.9997636,1
1,0.003997296,0,0.2462683,0,8.436296e-05,0,0.00027519645,0,6.242911e-05,0
1,4.5031487e-05,0,0.55543447,1,0.9951983,1,0.99989754,1,0.9914537,1
1,0.9999996,1,0.5554351,1,0.04074308,0,0.0008708182,0,0.0013844852,0
0,0.9996523,1,0.557403,1,0.0032975788,0,0.7788891,1,0.03959918,0
0,0.9999584,1,0.55560106,1,0.004356936,0,0.8524675,1,0.94138604,1
1,0.006050779,0,0.55685043,1,0.0031968409,0,0.0012464597,0,8.75792e-05,0
0,0.99992895,1,0.55576134,1,0.34231296,0,0.0040157195,0,0.98636997,1
0,0.99999696,1,0.9102215,1,0.071163155,0,0.009113875,0,0.980644,1
0,0.9968642,1,0.5601697,1,0.0037622938,0,0.0010583599,0,0.28779024,0
1,0.06612378,0,0.5554271,1,0.99591005,1,0.99929464,1,0.99864274,1
1,0.99968135,1,0.9974479,1,0.005146503,0,0.0002897931,0,0.038855262,0
1,0.9637464,1,0.47114232,0,0.9918781,1,0.0019884098,0,0.99279773,1
1,0.00011974544,0,0.6598247,1,0.99983865,1,0.99999946,1,0.99994016,1
1,0.99119514,1,0.55540794,1,0.013257577,0,0.00077513536,0,0.0006302127,0
0,0.99998707,1,0.55543494,1,0.012348434,0,0.37033424,0,0.9863979,1
0,0.9999095,1,0.5555193,1,0.0030932068,0,0.00058476167,0,5.5757162e-05,0
1,5.112216e-07,0,0.55524826,1,0.99586976,1,0.9999852,1,0.9709696,1
0,0.99994355,1,0.5558923,1,0.9962489,1,0.99996465,1,0.99451786,1
0,0.99970436,1,0.5553986,1,0.004122805,0,0.0033643937,0,0.02022252,0
1,0.04743722,0,0.55698615,1,0.9615197,1,0.057821717,0,0.44430473,0
1,0.9999987,1,0.9992684,1,0.9998809,1,0.9752254,1,0.057531934,0
0,0.9959523,1,0.9820611,1,0.00038007635,0,0.0010860546,0,0.03230395,0
0,7.179466e-09,0,0.46120307,0,0.003108563,0,0.002307749,0,4.4457915e-06,0
0,0.99561155,1,0.5553935,1,0.006153514,0,0.055288244,0,0.99581677,1
0,3.4050436e-07,0,0.55447286,1,0.99617344,1,0.9999635,1,0.707465,1
0,6.1839853e-07,0,0.54155064,1,0.004677205,0,0.9834842,1,0.00029963063,0
0,0.015095418,0,0.7070656,1,0.9733344,1,0.9995552,1,0.99976766,1
0,1.7098222e-07,0,0.5554743,1,0.0031357524,0,0.0009433162,0,0.0016021532,0
1,0.7871117,1,0.5553441,1,0.0036197933,0,0.0024537104,0,0.00425265,0
0,4.8256417e-05,0,0.5556959,1,0.92304516,1,0.99938387,1,0.8881705,1
1,0.98991793,1,0.55577475,1,0.006255374,0,0.999827,1,0.077142105,0
1,4.8589604e-06,0,0.25841954,0,0.0052482244,0,0.6107362,1,0.005913628,0
0,0.9999991,1,0.5555747,1,0.004477788,0,0.005641084,0,9.840804e-05,0
0,6.198735e-07,0,0.5552788,1,0.0050321985,0,0.0021154552,0,0.32075065,0
1,0.9991748,1,0.009982006,0,0.98955965,1,0.00053468376,0,0.00027301584,0
0,0.003504374,0,0.55542845,1,0.0048030764,0,0.0006353477,0,0.03648712,0
1,5.539751e-09,0,0.5552627,1,0.991767,1,0.99378186,1,0.0042747143,0
0,3.7938644e-05,0,0.546679,1,0.99239093,1,0.9889177,1,0.81365424,1
0,0.99993634,1,0.5556389,1,0.9816549,1,0.14547533,0,0.06738874,0
1,4.2884094e-06,0,0.55537075,1,0.022068474,0,0.99922854,1,0.9827133,1
0,0.6644191,1,0.5557544,1,0.0032727208,0,0.00042703858,0,0.00307682,0
1,0.9999501,1,0.5554157,1,0.016403155,0,0.8635808,1,0.6942563,1
0,3.05303e-08,0,0.66953915,1,0.9995443,1,0.9992212,1,0.9998358,1
1,8.064922e-08,0,0.5562424,1,0.9968198,1,0.99998903,1,0.9995058,1
1,0.014305609,0,0.9693052,1,0.9997827,1,0.9968316,1,0.75462735,1
1,0.010294089,0,0.5553023,1,0.9471043,1,0.39510748,0,0.9993927,1
0,2.8103436e-06,0,0.5440053,1,0.008723431,0,0.01792653,0,0.20646109,0
1,7.019156e-07,0,0.55521166,1,0.99706775,1,0.99992603,1,0.9993679,1
0,0.968273,1,0.55482584,1,0.0073602535,0,0.8974837,1,0.11533283,0
1,0.98848623,1,0.55587846,1,0.009384427,0,0.5765305,1,0.037736308,0
0,0.9999869,1,0.5556676,1,0.9887218,1,0.96511436,1,0.9641602,1
1,0.6454825,1,0.5554043,1,0.9840153,1,0.9995084,1,0.9936607,1
0,0.0012247509,0,0.5554429,1,0.13904737,0,0.9996566,1,0.97317845,1
1,0.99998736,1,0.5563437,1,0.0045770477,0,0.0004208069,0,0.99338424,1
1,0.99999845,1,0.5579508,1,0.04598045,0,0.9996852,1,0.008820827,0
1,0.99917984,1,0.5554062,1,0.0033114117,0,0.0011268513,0,0.10117407,0
1,7.8967365e-05,0,0.55689394,1,0.0043022563,0,0.0017944583,0,0.14032893,0
1,7.0684314e-06,0,0.5554355,1,0.9854125,1,0.9999759,1,0.9518414,1
1,1.4155745e-07,0,0.5553595,1,0.0038194328,0,0.005842331,0,0.042386424,0
0,0.9999062,1,0.013656642,0,0.99326926,1,0.9979712,1,0.004277518,0
0,0.00030041722,0,0.8667712,1,0.003112588,0,0.0040674307,0,0.000391806,0
0,3.743676e-12,0,0.5551318,1,0.0036468166,0,0.00418586,0,0.0006828863,0
0,6.0260726e-07,0,0.55541086,1,0.2900485,0,0.33693647,0,0.9945299,1
1,0.99999666,1,0.55556583,1,0.9948451,1,0.7713741,1,0.7155828,1
1,0.7480493,1,0.55600727,1,0.003601715,0,0.9369016,1,0.00563519,0
1,0.9702421,1,0.5555948,1,0.9950773,1,0.99988455,1,0.9999035,1
0,0.9998548,1,0.5549794,1,0.0032900819,0,0.006196005,0,0.0005276704,0
1,0.9999864,1,0.572263,1,0.99691767,1,0.99992317,1,0.9996324,1
1,0.9999824,1,0.9997454,1,0.0003846177,0,0.92193764,1,0.0005296124,0
0,0.99995923,1,0.55862993,1,0.99384797,1,0.0071889544,0,5.6476656e-05,0
0,0.9999953,1,0.55556446,1,0.94019413,1,0.99788815,1,0.83440965,1
1,0.99922734,1,0.55995715,1,0.99705267,1,0.99999434,1,0.8845901,1
1,6.438349e-05,0,0.5553861,1,0.0066395793,0,0.9130682,1,0.5100775,1
0,0.9971906,1,0.5554556,1,0.98393726,1,0.7565071,1,0.9547643,1
0,8.0318394e-08,0,0.5526675,1,0.0036504082,0,0.00047566817,0,0.92339396,1
0,1.0,1,0.67098117,1,0.0031489965,0,0.003856466,0,0.0031616536,0
0,0.99725705,1,0.55524284,1,0.2145554,0,0.98908144,1,0.03495731,0
1,1.0,1,0.49940914,0,0.9974389,1,0.99943936,1,0.9996118,1
0,0.9999782,1,0.5583222,1,0.0077864053,0,0.44589728,0,0.059685342,0
1,2.6197383e-10,0,0.2685337,0,0.009723028,0,0.0053236866,0,0.8720103,1
0,6.7274874e-07,0,0.5554316,1,0.016157284,0,0.0335734,0,0.0069124587,0
1,0.009591425,0,0.55543435,1,0.5775625,1,0.9974098,1,0.9841125,1
1,0.9999841,1,0.5493549,1,0.0032640903,0,0.18905854,0,0.9750434,1
1,2.943071e-09,0,0.5554626,1,0.0036416382,0,0.00074095017,0,0.0002829784,0
1,0.12801386,0,0.5425708,1,0.04149105,0,0.99966484,1,0.038011555,0
1,0.99991184,1,0.5543833,1,0.10831976,0,0.0522817,0,0.97663635,1
0,1.0977549e-08,0,0.561417,1,0.9966093,1,0.9999731,1,0.9935912,1
0,0.26944035,0,0.5553984,1,0.030909035,0,0.9858841,1,0.9997137,1
0,0.055767372,0,0.5558812,1,0.0031517085,0,0.00041883887,0,8.2453334e-05,0
1,1.5407058e-07,0,0.5553906,1,0.9970031,1,0.9998036,1,0.9998341,1
0,0.9990609,1,0.5550001,1,0.0049340385,0,0.019932805,0,0.99997586,1
0,1.5976057e-11,0,0.60858,1,0.9960158,1,0.99498266,1,0.8337063,1
0,0.49136832,0,0.5549085,1,0.0053992663,0,0.0010259628,0,0.0044311057,0
0,4.3605496e-06,0,0.9997957,1,0.00011476363,0,0.89532,1,5.7057347e-05,0
1,4.1787638e-07,0,0.55561316,1,0.99659604,1,0.9999712,1,0.809367,1
1,3.3496095e-10,0,0.6029493,1,0.7215538,1,0.99961984,1,0.63287616,1
1,0.9990278,1,0.55531347,1,0.0033939658,0,0.0037142443,0,0.18755682,0
1,0.37532237,0,0.5554524,1,0.0036471393,0,0.00058205484,0,0.28198528,0
0,0.0016475292,0,0.55539465,1,0.003965119,0,0.0011324605,0,0.004224061,0
1,7.3405313e-06,0,0.5232774,1,0.003156832,0,0.0016111106,0,1.9537933e-05,0
0,0.99855226,1,0.5586885,1,0.0042213267,0,0.9987881,1,0.91432995,1
1,1.827527e-05,0,0.5557541,1,0.99356633,1,0.9905514,1,0.10304473,0
0,0.0037060995,0,0.5495602,1,0.8844543,1,0.8701417,1,0.9693851,1
0,0.9999994,1,0.46031162,0,0.004615557,0,0.0007787327,0,0.0066773435,0
0,2.360687e-09,0,0.55221766,1,0.004981808,0,0.15081888,0,0.99828476,1
0,0.99657464,1,0.5552741,1,0.102308005,0,0.9992023,1,0.50206643,1
1,7.473881e-05,0,0.4588072,0,0.0035710353,0,0.9996356,1,0.00044735114,0
0,9.4704305e-08,0,0.5662335,1,0.9950674,1,0.9997101,1,0.9999802,1
0,0.9880655,1,0.5519316,1,0.9908616,1,0.99945647,1,0.99339825,1
0,0.999863,1,0.55548865,1,0.008972305,0,0.0011727073,0,0.0006099452,0
1,0.9999993,1,0.71525556,1,0.99743575,1,0.999409,1,0.9971853,1
0,5.8460777e-05,0,0.5554374,1,0.0460878,0,0.99993503,1,0.99697304,1
0,2.3584838e-07,0,0.996314,1,0.0010387741,0,0.002405162,0,0.05724107,0
0,0.6282126,1,0.9516627,1,0.9905508,1,0.9999838,1,0.90369785,1
0,0.0035091396,0,0.55519694,1,0.9361622,1,0.91142106,1,0.9999484,1
0,0.86977273,1,0.55526185,1,0.009841541,0,0.9996336,1,0.57144976,1
1,0.99678856,1,0.56048083,1,0.99576813,1,0.9999597,1,0.99991244,1
0,1.548414e-11,0,0.5487178,1,0.007850405,0,0.9955498,1,0.748243,1
1,3.3100658e-08,0,0.56311643,1,0.9967704,1,0.99999493,1,0.9992525,1
0,0.6598732,1,0.5566768,1,0.003276897,0,0.00064910826,0,0.0007993801,0
0,0.9994007,1,0.5549655,1,0.14049889,0,0.0018590968,0,0.0006919778,0
1,0.9087113,1,0.5562305,1,0.003260513,0,0.9998123,1,0.99981004,1
0,4.059459e-07,0,0.55540216,1,0.15873948,0,0.95797575,1,0.2367698,0
0,0.9998569,1,0.845905,1,0.36213675,0,0.9999982,1,0.9919869,1
0,0.99711096,1,0.5553985,1,0.0096925525,0,0.0015154784,0,0.0004347157,0
0,0.12344841,0,0.55539817,1,0.0052011623,0,0.0012086497,0,0.00043626712,0
1,0.9999985,1,0.55486685,1,0.003066326,0,0.0005027358,0,3.8529008e-05,0
1,1.8624674e-05,0,0.55543387,1,0.0045835744,0,0.514033,1,0.08882405,0
0,0.0114013925,0,0.55528843,1,0.007580882,0,0.6960979,1,0.12421563,0
0,0.9999861,1,0.99595326,1,0.99985135,1,0.999824,1,0.21011543,0
1,0.99994844,1,0.9999296,1,0.005200854,0,3.0391515e-05,0,0.0006337883,0
0,0.00097257586,0,0.5085356,1,0.007605492,0,0.0034450428,0,0.9994399,1
0,0.56260324,1,0.5589624,1,0.9964975,1,0.61958045,1,0.9999484,1
0,0.9650514,1,0.24759129,0,0.041420892,0,0.9994608,1,0.9999978,1
1,9.43024e-07,0,0.5555348,1,0.1295539,0,0.99905396,1,0.87330186,1
1,0.99998826,1,0.5554044,1,0.99679106,1,0.012009163,0,0.8989541,1
1,0.00036913922,0,0.5555636,1,0.0031301046,0,0.14350724,0,0.018658472,0
1,0.9985038,1,0.5555346,1,0.89487827,1,0.9816844,1,0.99993783,1
0,0.99977154,1,0.55476743,1,0.9821406,1,0.0022155815,0,0.29616567,0
1,3.3721053e-06,0,0.7255248,1,0.0010871323,0,7.442254e-05,0,0.025808804,0
1,0.9870335,1,0.5551063,1,0.9969448,1,0.99989873,1,0.9976871,1
0,0.9999998,1,0.32478887,0,0.999824,1,1.36192e-07,0,0.012188062,0
0,0.5146965,1,0.55535203,1,0.0067399573,0,0.0039649224,0,0.6957317,1
1,5.4688324e-05,0,0.5552475,1,0.99427235,1,0.9999633,1,0.9998787,1
1,0.9999994,1,0.55943197,1,0.05793945,0,0.0029920544,0,0.8954034,1
0,0.22167373,0,0.5546689,1,0.0053024194,0,0.9992323,1,0.99971443,1
1,4.436153e-08,0,0.45950022,0,0.004694295,0,0.20976181,0,0.0482344,0
1,2.5099192e-10,0,0.5533732,1,0.9969829,1,0.9999442,1,0.5676,1
1,2.9465261e-06,0,0.5555338,1,0.008602003,0,0.6674081,1,0.4034738,0
0,0.9916563,1,0.5559455,1,0.0030984487,0,0.0019989565,0,0.001041921,0
0,0.5135131,1,0.9938163,1,0.99961174,1,0.9999977,1,0.9254881,1
1,5.873733e-08,0,0.9179228,1,0.9999117,1,0.994283,1,0.99997425,1
1,4.24857e-08,0,0.3426569,0,0.99739593,1,0.9933613,1,0.00017893511,0
1,0.99983484,1,0.57317644,1,0.14443174,0,0.0014508235,0,0.0031668053,0
1,3.4034398e-05,0,0.55536604,1,0.98563945,1,0.9608188,1,0.7430764,1
1,0.0019038654,0,0.5554417,1,0.008152378,0,0.9931792,1,0.023414321,0
0,0.047758937,0,0.54153365,1,0.004666841,0,0.0011455608,0,0.00030879022,0
0,5.213704e-16,0,0.8693511,1,0.9974162,1,0.99999434,1,0.9928588,1
1,1.0144604e-07,0,0.994419,1,0.9981268,1,0.537136,1,0.99053586,1
1,0.9999834,1,0.5559034,1,0.0033083097,0,0.0014687194,0,0.00065240567,0
0,5.492794e-13,0,0.5556656,1,0.99688226,1,0.99995893,1,0.9999625,1
1,0.98926324,1,0.026485605,0,0.9998438,1,0.9999986,1,0.9996032,1
1,2.2195514e-05,0,0.55594134,1,0.98966914,1,0.9996794,1,0.99981695,1
0,4.1763638e-08,0,0.5555034,1,0.9963107,1,0.99997646,1,0.99992627,1
1,0.5641606,1,0.5418002,1,0.048447963,0,0.0008247315,0,0.07880556,0
1,0.7660294,1,0.6083367,1,0.0031431431,0,0.001961554,0,0.027664937,0
1,0.99917525,1,0.5565735,1,0.57435316,1,0.98800355,1,0.9932835,1
0,0.3556381,0,0.555454,1,0.9969665,1,0.9990216,1,0.99986213,1
1,0.05823638,0,0.99938816,1,0.000312747,0,0.99996597,1,0.99986017,1
1,1.1016928e-07,0,0.55540156,1,0.12335674,0,0.9737252,1,0.00041743918,0
1,0.99986917,1,0.5697639,1,0.019071845,0,0.98859364,1,0.9999218,1
1,0.91950625,1,0.55539757,1,0.00983244,0,0.014256928,0,0.31705895,0
0,2.6555789e-09,0,0.5553965,1,0.97345704,1,0.74483836,1,0.4526662,0
1,0.9999999,1,0.55539834,1,0.9835411,1,0.9996564,1,0.9996883,1
1,0.95532554,1,0.55663013,1,0.003203486,0,0.99967694,1,0.9899478,1
1,5.4078864e-08,0,0.5554559,1,0.15947427,0,0.99808574,1,0.9996239,1
1,0.9999294,1,0.55533206,1,0.9813686,1,0.0019082477,0,0.9939808,1
1,7.1226525e-10,0,0.55603087,1,0.0059076627,0,0.4759375,0,0.014816057,0
0,0.528548,1,0.55660635,1,0.006203985,0,0.00078263244,0,0.002141322,0
1,0.9350714,1,0.55460244,1,0.9957751,1,0.9999935,1,0.9975863,1
0,0.0011451665,0,0.8112551,1,0.7244931,1,0.9954345,1,0.9161183,1
0,0.10627244,0,0.5620156,1,0.9968957,1,0.99962145,1,0.0652933,0
0,0.9999961,1,0.55397886,1,0.9915617,1,0.0020594972,0,0.0003968542,0
1,0.99999964,1,0.60876554,1,0.98905283,1,0.00472031,0,0.99951553,1
1,0.00019162778,0,0.5524888,1,0.0036464182,0,0.9990445,1,0.98055893,1
0,2.9862426e-07,0,0.5547319,1,0.003730331,0,0.0027009817,0,5.5350993e-05,0
1,4.3985863e-05,0,0.5553956,1,0.22026049,0,0.026533842,0,0.970037,1
1,0.005022798,0,0.5520647,1,0.46802896,0,0.9969174,1,0.59246254,1
1,4.2341167e-06,0,0.555423,1,0.0034216628,0,0.00059388566,0,0.0020754407,0
1,0.51349336,1,0.55542344,1,0.9959817,1,0.971767,1,0.045384083,0
0,0.029037753,0,0.55527174,1,0.039066464,0,0.0017630468,0,8.6744636e-05,0
1,0.056046717,0,0.5552498,1,0.99705285,1,0.9999963,1,0.9969585,1
0,9.798775e-07,0,0.55951136,1,0.9939021,1,0.99995327,1,0.9999813,1
1,0.99999535,1,0.72948205,1,0.0882623,0,5.556596e-06,0,0.025667854,0
0,0.9956809,1,0.55535793,1,0.0052943053,0,0.0014208235,0,0.95670927,1
0,0.9878152,1,0.55566335,1,0.006780942,0,0.002194466,0,0.8718737,1
1,0.9999981,1,0.96255547,1,0.9997103,1,0.55219275,1,0.9992957,1
0,5.440847e-05,0,0.55552727,1,0.9957568,1,0.9860539,1,0.8188795,1
1,0.63359815,1,0.9595554,1,0.9995559,1,0.97688156,1,0.9997395,1
0,1.0,1,0.14241824,0,0.00854144,0,0.009783362,0,0.0019610026,0
0,1.500315e-07,0,0.5573686,1,0.9358698,1,0.0006527284,0,0.61527777,1
0,0.99305785,1,0.5557191,1,0.9621342,1,0.9996225,1,0.6627346,1
1,1.0,1,0.55522877,1,0.9960525,1,0.99689573,1,0.9948615,1
0,0.0011678787,0,0.55551934,1,0.11348486,0,0.99982774,1,0.9999274,1
0,4.205855e-11,0,0.0006694346,0,0.0003505421,0,2.8713487e-07,0,0.0012192687,0
0,0.9999989,1,0.5077319,1,0.011660365,0,0.27582046,0,0.00089233747,0
0,1.3661314e-05,0,0.5555394,1,0.99461555,1,0.99969757,1,0.91441786,1
1,0.07170759,0,0.554881,1,0.0036199838,0,0.018718254,0,0.011599945,0
0,0.98172295,1,0.55334604,1,0.9918626,1,0.99985594,1,0.99980694,1
0,4.1889345e-10,0,0.5565795,1,0.99689525,1,0.002241598,0,0.9928307,1
1,0.9999994,1,0.5552441,1,0.003951986,0,0.23309596,0,0.996421,1
1,0.9999662,1,0.5331827,1,0.003067193,0,0.0012847556,0,0.00025746235,0
0,0.9851437,1,0.5563748,1,0.9965938,1,0.9999919,1,0.9999888,1
0,1.1876003e-05,0,0.5555885,1,0.9939838,1,0.69686884,1,0.97898203,1
1,0.15173484,0,0.5545561,1,0.9928165,1,0.9988411,1,0.9714387,1
0,0.82905567,1,0.64468366,1,0.96515304,1,0.9999523,1,0.00077832845,0
0,0.00012564062,0,0.5545867,1,0.9854334,1,0.9973577,1,0.930154,1
0,0.99681497,1,0.55540884,1,0.98674554,1,0.9960857,1,0.016143313,0
0,1.8582146e-05,0,0.5554004,1,0.9970664,1,0.9999988,1,0.9998966,1
1,0.99999446,1,0.5550972,1,0.0058735283,0,0.9919374,1,0.00056754565,0
1,0.999773,1,0.55544454,1,0.99701196,1,0.9999791,1,0.9990301,1
1,4.8540358e-05,0,0.55361384,1,0.18938334,0,0.0551888,0,0.38993773,0
0,0.99988806,1,0.14880039,0,0.0005738466,0,0.86941254,1,0.013024932,0
0,1.5069488e-09,0,0.5383802,1,0.9966904,1,0.9999615,1,0.9992869,1
0,0.0080161765,0,0.5559335,1,0.5758876,1,0.0015148112,0,0.8957266,1
0,0.99997944,1,0.55674684,1,0.9946475,1,0.56429064,1,0.00083075155,0
0,0.9999669,1,0.55557615,1,0.012356787,0,0.9999892,1,0.9998259,1
1,0.99987286,1,0.99463946,1,0.031611137,0,0.0022698666,0,0.08416909,0
0,1.4413661e-06,0,0.98727155,1,0.9995834,1,0.9999655,1,0.99921685,1
0,0.99999887,1,0.5553283,1,0.89767295,1,0.0071307616,0,0.99947196,1
0,3.9306715e-06,0,0.5554218,1,0.7424075,1,0.0028663385,0,0.040075127,0
1,0.95830345,1,0.99161106,1,0.51266474,1,0.9999985,1,0.19341345,0
1,0.9966314,1,0.82387984,1,0.9963795,1,0.99994534,1,0.99742216,1
0,2.3052934e-07,0,0.55638564,1,0.9967577,1,0.9906543,1,0.9756127,1
1,9.050718e-05,0,0.5553545,1,0.9968479,1,0.9996982,1,0.9996339,1
1,7.1829945e-06,0,0.555498,1,0.1742084,0,0.9872001,1,0.7112838,1
1,4.2357113e-09,0,0.554311,1,0.9896178,1,0.98230445,1,0.048973314,0
0,2.503654e-08,0,0.55651873,1,0.9938257,1,0.99983084,1,0.08077791,0
1,0.00010417867,0,0.5589887,1,0.0037580745,0,0.009375426,0,0.0016335744,0
0,8.993127e-05,0,0.55527145,1,0.003874009,0,0.00093825953,0,0.011135685,0
0,3.4644876e-12,0,0.54441714,1,0.0066330587,0,0.00081587414,0,0.47530812,0
0,0.00013696193,0,0.5554038,1,0.04981071,0,0.0014470743,0,0.20996901,0
0,2.836567e-06,0,0.008751184,0,0.00013914659,0,3.2598837e-06,0,0.026552822,0
0,0.9999864,1,0.9879964,1,0.0028149935,0,0.00054486736,0,5.402876e-05,0
0,0.23368627,0,0.744066,1,0.0005760164,0,0.99565023,1,0.0007695495,0
0,0.9999677,1,0.5554246,1,0.0066801975,0,0.032189414,0,0.24810252,0
1,0.0012786154,0,0.5554434,1,0.11196032,0,0.99618083,1,0.9761606,1
1,0.99878514,1,0.5557345,1,0.99706674,1,0.99999636,1,0.9992038,1
1,0.90964246,1,0.009869793,0,0.0029000018,0,0.00037043935,0,0.00021532395,0
1,0.995096,1,0.5550801,1,0.0030734402,0,0.00051701744,0,6.1946674e-05,0
1,0.99931204,1,0.55390567,1,0.99528205,1,0.9999995,1,0.061380938,0
0,1.1823279e-07,0,0.5554116,1,0.9957272,1,0.9986239,1,0.9935607,1
1,0.68731916,1,0.5592596,1,0.9234935,1,0.99867,1,0.3852023,0
1,2.7511389e-05,0,0.5773643,1,0.0031277519,0,0.0014653521,0,0.0017873021,0
1,0.9621172,1,0.5598538,1,0.9915272,1,0.9767796,1,0.29176316,0
1,6.663704e-05,0,0.88139427,1,0.00032816004,0,2.1704382e-07,0,0.003394795,0
0,0.9997866,1,0.55543745,1,0.0115469415,0,0.022718985,0,0.42783374,0
0,0.9977521,1,0.5558893,1,0.004237634,0,0.00050135126,0,6.9232196e-06,0
1,4.2190383e-08,0,0.5555247,1,0.0031215046,0,0.00092711026,0,0.009112296,0
1,0.00051276915,0,0.5555127,1,0.98633325,1,0.0017400188,0,0.14802594,0
1,0.00015620068,0,0.55539393,1,0.836432,1,0.11136892,0,0.9664468,1
0,0.9033146,1,0.55530584,1,0.0054116324,0,0.7369103,1,0.0067357803,0
1,0.9960303,1,0.5553365,1,0.0039736573,0,0.0006527713,0,0.018038874,0
0,0.99992955,1,0.55540705,1,0.9969021,1,0.99709374,1,0.9999668,1
0,0.68348736,1,0.5554104,1,0.99250096,1,0.99996614,1,0.997913,1
1,0.9999974,1,0.5183946,1,0.9995524,1,9.539372e-07,0,0.9819003,1
0,0.9999997,1,0.5554984,1,0.99602646,1,0.999981,1,0.99994993,1
0,0.99981177,1,0.5639936,1,0.0070045497,0,0.0025116438,0,0.006682914,0
0,0.12780134,0,0.5470625,1,0.0030722176,0,0.00054636534,0,6.190109e-05,0
0,0.001330283,0,0.55400026,1,0.014033476,0,0.005063838,0,0.00017692585,0
1,0.9999928,1,0.54639256,1,0.0076871086,0,0.992739,1,0.07671793,0
1,5.925574e-08,0,0.5552198,1,0.9965346,1,0.9928121,1,0.31083167,0
0,1.6204192e-12,0,0.5555103,1,0.0034976695,0,0.64569086,1,0.02053339,0
1,0.06250491,0,0.5554468,1,0.21627289,0,0.077345505,0,0.95791775,1
0,2.3593522e-07,0,0.5554604,1,0.0074785426,0,0.99851876,1,0.87446105,1
0,0.98588663,1,0.0054742456,0,0.00014748282,0,0.39967275,0,0.56059915,1
1,1.864223e-05,0,0.31308934,0,0.0034643763,0,0.0012484771,0,0.9998948,1
0,8.454206e-08,0,0.5781333,1,0.9922363,1,0.99050206,1,0.0029975313,0
1,0.9999845,1,0.47251362,0,0.005787905,0,0.85068953,1,0.087035365,0
1,2.1999636e-11,0,0.5554817,1,0.99210286,1,0.98577,1,0.006403342,0
1,2.6290869e-07,0,0.5600604,1,0.99701715,1,0.99999297,1,0.9998101,1
0,0.9999958,1,0.55551577,1,0.0041794884,0,0.056085367,0,0.98986244,1
1,0.29048774,0,0.7172776,1,0.9708061,1,0.99525625,1,0.20739454,0
0,0.999999,1,0.6368669,1,0.15387043,0,0.0003905395,0,0.00019442361,0
1,0.00021851461,0,0.555241,1,0.006878901,0,0.9058949,1,0.98334783,1
0,1.986348e-05,0,0.555411,1,0.9930768,1,0.7739965,1,0.88298947,1
1,7.705381e-09,0,0.555865,1,0.9970512,1,0.99994636,1,0.99909353,1
0,9.8720626e-08,0,0.5553712,1,0.027819147,0,0.9429603,1,0.804896,1
1,0.8074798,1,0.555438,1,0.9954842,1,0.8337091,1,0.9998939,1
1,3.5480704e-07,0,0.3369973,0,0.0030642466,0,0.00031942214,0,0.0026824086,0
0,1.2541246e-06,0,0.5611672,1,0.39291063,0,0.0901543,0,0.98904765,1
1,0.99990135,1,0.18565005,0,0.99975884,1,0.999977,1,0.999222,1
1,7.9033276e-07,0,0.55552346,1,0.7303213,1,0.99957,1,0.99987,1
0,0.99189776,1,0.06903609,0,0.1001852,0,0.0566012,0,0.9926148,1
0,2.521174e-05,0,0.5550869,1,0.9571776,1,0.9996593,1,0.00682965,0
1,0.9988688,1,0.55611765,1,0.0046139667,0,0.00069719885,0,9.770912e-06,0
0,1.5667911e-08,0,0.57624567,1,0.9970719,1,0.9999906,1,0.9999983,1
1,0.9999926,1,0.55531734,1,0.99551815,1,0.99999005,1,0.99997556,1
1,0.16140032,0,0.9629747,1,0.00020234905,0,1.0950155e-05,0,0.0068529514,0
1,1.4501178e-08,0,0.5554754,1,0.0036199582,0,0.0003386777,0,0.0010618997,0
1,1.1712982e-07,0,0.13807614,0,0.003085821,0,0.0025018014,0,0.04903836,0
0,0.9997183,1,0.5555231,1,0.004077764,0,0.015161783,0,0.69568217,1
0,1.0342936e-06,0,0.5544561,1,0.0059960936,0,0.26361555,0,0.75089943,1
1,0.99978095,1,0.5550662,1,0.99420905,1,0.1538238,0,0.99921584,1
0,1.0,1,0.55576885,1,0.0034643451,0,0.0007684978,0,0.001803736,0
0,0.9879331,1,0.56950575,1,0.9970532,1,0.9999667,1,0.9974667,1
1,0.99996644,1,0.5556184,1,0.01630852,0,0.86339664,1,0.06939499,0
1,2.841769e-07,0,0.5554455,1,0.8505432,1,0.9999632,1,0.9780978,1
1,0.9973392,1,0.5553356,1,0.13800824,0,0.12868512,0,0.0012417965,0
1,2.6952064e-06,0,0.5553737,1,0.009199908,0,0.0041685095,0,0.01866187,0
1,0.013162116,0,0.5538954,1,0.99075043,1,0.9984764,1,0.0002351614,0
0,0.99999994,1,0.46867457,0,0.003211847,0,0.020544097,0,0.00021499224,0
1,0.9999999,1,0.55633956,1,0.99581707,1,0.003078892,0,0.999892,1
0,0.99999243,1,0.5542733,1,0.0060690977,0,0.005102582,0,0.0003873098,0
0,0.96579707,1,0.3534566,0,0.8371009,1,0.008186613,0,0.0058496357,0
0,0.9983523,1,0.8940124,1,0.9917421,1,0.41188535,0,0.55807054,1
1,0.9998164,1,0.5554531,1,0.0059428797,0,0.0008959348,0,0.0022991938,0
0,0.99999857,1,0.5554595,1,0.0042655487,0,0.0014288992,0,0.93477786,1
0,1.4981846e-07,0,0.555247,1,0.0038352686,0,0.0007000149,0,1.8576817e-05,0
1,7.611387e-08,0,0.5554892,1,0.9568817,1,0.9999259,1,0.9718372,1
0,0.99999803,1,0.55264395,1,0.99677074,1,0.99990255,1,0.0013560484,0
1,5.395054e-05,0,0.55569565,1,0.008514681,0,0.99998355,1,0.2482265,0
0,0.99996156,1,0.5609931,1,0.9959596,1,0.8282098,1,0.99601847,1
0,0.9999123,1,0.5556641,1,0.0066488944,0,0.999914,1,0.993447,1
0,0.9999988,1,0.55609643,1,0.10903692,0,0.0015434193,0,0.006499232,0
1,0.99986464,1,0.55532277,1,0.038428437,0,0.034775432,0,0.0032607038,0
0,1.7215909e-08,0,0.7458733,1,0.0031148393,0,0.0010749478,0,0.59161496,1
0,0.98127645,1,0.5556744,1,0.8260026,1,0.99594516,1,0.1314868,0
1,0.99985754,1,0.5555021,1,0.003994529,0,0.0017635725,0,0.00040360738,0
0,4.966008e-07,0,0.5553804,1,0.0032882309,0,0.001084314,0,0.0031801155,0
0,2.0877557e-07,0,0.5551564,1,0.056938518,0,0.97693545,1,0.013296551,0
0,0.9924211,1,0.5553823,1,0.0042077582,0,0.0062369755,0,6.120699e-05,0
0,3.0660325e-05,0,0.554918,1,0.85748905,1,0.99995387,1,0.99304146,1
1,0.8712378,1,0.555253,1,0.005346224,0,0.0015042716,0,0.95157695,1
1,2.7143565e-06,0,0.55317634,1,0.9968023,1,0.9997966,1,0.9998029,1
1,0.9971014,1,0.5552258,1,0.9969696,1,0.99997246,1,0.9983884,1
0,0.9999982,1,0.5550602,1,0.004116674,0,0.0019639267,0,0.538497,1
1,5.1245945e-07,0,0.57498145,1,0.0058532837,0,0.37134415,0,0.98402417,1
1,0.9999621,1,0.7553799,1,0.00313704,0,0.9939941,1,0.000305477,0
1,1.4136227e-05,0,0.55541784,1,0.007458759,0,0.0014373097,0,0.17980075,0
1,3.1299958e-06,0,0.5646685,1,0.006758412,0,0.0017043285,0,0.2243518,0
0,0.9999711,1,0.5562816,1,0.9627736,1,0.001153737,0,5.729764e-05,0
1,0.99512154,1,0.55539197,1,0.0047503687,0,0.0006193656,0,0.16920775,0
0,0.015485477,0,0.69426465,1,0.9995476,1,0.9998307,1,0.9999191,1
1,0.0012992136,0,0.55554193,1,0.0072017224,0,0.0012698384,0,0.02656264,0
1,0.67472476,1,0.55569196,1,0.008155779,0,0.0017560819,0,0.0053496785,0
0,0.008408785,0,0.0092826765,0,0.6786631,1,0.8800347,1,0.9983876,1
1,6.5378893e-09,0,0.5554142,1,0.007843151,0,0.0035904008,0,0.007826045,0
1,0.999999,1,0.55691856,1,0.99683464,1,0.99995434,1,0.99995184,1
0,2.8271748e-05,0,0.5553743,1,0.0067383493,0,0.002867331,0,0.98435885,1
1,0.99996626,1,0.0444279,0,0.004315213,0,0.029476704,0,0.994023,1
1,0.22833851,0,0.55540156,1,0.9867704,1,0.99860054,1,0.5623793,1
1,8.828624e-06,0,0.5553714,1,0.9970034,1,0.99849886,1,0.1310711,0
1,0.9999781,1,0.5553153,1,0.0033219112,0,0.0008737672,0,0.00027209028,0
0,5.2187653e-07,0,0.55554926,1,0.0031699254,0,0.005956702,0,0.00767168,0
1,0.097380355,0,0.55543065,1,0.010255001,0,0.9870179,1,0.0037037656,0
0,5.6414112e-05,0,0.50233895,1,0.0038123096,0,0.011662847,0,0.00014509063,0
1,0.99999464,1,0.55505574,1,0.0039479467,0,0.0054908493,0,0.9921142,1
0,5.0013913e-08,0,0.5554005,1,0.008021155,0,0.010358833,0,0.15016283,0
1,0.9879207,1,0.5555388,1,0.997046,1,0.99821514,1,0.9999665,1
1,0.009395723,0,0.55511165,1,0.0030729943,0,0.0017620134,0,0.002242861,0
0,3.338108e-07,0,0.5556165,1,0.96605617,1,0.99996865,1,0.99897003,1
1,0.0003027548,0,0.5553906,1,0.9966831,1,0.99976206,1,0.99065965,1
1,0.99717194,1,0.5552584,1,0.99412346,1,0.9952802,1,0.99712676,1
1,0.094837435,0,0.47104034,0,0.02346608,0,0.009727359,0,0.43454328,0
0,2.6674474e-09,0,0.63237363,1,0.003166158,0,0.007921789,0,0.0020638886,0
1,0.00029139948,0,0.5554326,1,0.007162251,0,0.0011650164,0,0.9424355,1
0,5.1285813e-05,0,0.55543,1,0.027946906,0,0.18756464,0,0.009536365,0
1,0.00034142335,0,0.55541015,1,0.0171787,0,0.9703369,1,0.09746937,0
0,0.9999014,1,0.9182268,1,0.99977505,1,0.9999701,1,0.86880195,1
0,0.9999995,1,0.5539078,1,0.9314358,1,0.022780385,0,0.0032549438,0
0,0.0033633565,0,0.55574197,1,0.9925841,1,0.9999914,1,0.9977881,1
1,0.7095841,1,0.55691445,1,0.99696094,1,0.9995184,1,0.9992718,1
1,0.9752006,1,0.9878325,1,0.00024994143,0,8.655962e-07,0,0.0026717028,0
1,0.9999938,1,0.55545837,1,0.99639326,1,0.999779,1,0.91956204,1
0,0.19449052,0,0.5550055,1,0.99603903,1,0.07701707,0,0.9976023,1
1,0.99995583,1,0.55532134,1,0.7044928,1,0.00061739044,0,0.16045856,0
0,0.78198385,1,0.99654293,1,0.00060082925,0,0.27934214,0,0.061184686,0
0,0.012475522,0,0.02866155,0,0.00062527985,0,0.00338882,0,0.00051868043,0
1,2.5264233e-05,0,0.806655,1,0.0030877476,0,0.00089576456,0,0.0020201711,0
1,0.99940515,1,0.55542725,1,0.95813215,1,0.9978421,1,0.7830783,1
1,0.9999999,1,0.556355,1,0.9946454,1,0.9755346,1,0.9992691,1
0,0.0010290768,0,0.5553705,1,0.98853517,1,0.9974669,1,0.9992063,1
0,0.999969,1,0.55611765,1,0.99547964,1,0.99958855,1,0.9988417,1
0,0.99999803,1,0.16313913,0,0.09087562,0,0.028759247,0,0.20053433,0
1,0.00017707892,0,0.55551237,1,0.99590695,1,0.99980104,1,0.9995698,1
0,0.6686496,1,0.55546033,1,0.92494214,1,0.9854409,1,0.014304957,0
0,0.00022277502,0,0.5558844,1,0.9878598,1,0.004640044,0,0.01750024,0
0,1.0,1,0.55574644,1,0.003853053,0,0.25764105,0,0.0043328553,0
1,7.423362e-06,0,0.95096403,1,0.0009186561,0,3.0171387e-07,0,0.30888748,0
0,0.97704875,1,0.5554111,1,0.5816685,1,0.98239636,1,0.009479555,0
1,0.9999426,1,0.55344707,1,0.005216764,0,0.0026755796,0,0.0012843856,0
1,3.5735351e-12,0,0.56847066,1,0.003447173,0,0.0017072574,0,0.0037942166,0
0,0.0032924628,0,0.5608022,1,0.93217397,1,0.9516553,1,4.3332824e-05,0
1,0.9999887,1,0.5553405,1,0.6742045,1,0.99795556,1,0.7937901,1
0,0.99998885,1,0.5553478,1,0.0051891357,0,0.99977213,1,0.98060334,1
0,1.3057075e-07,0,0.55498,1,0.9917865,1,0.32750854,0,0.024490401,0
0,0.9994241,1,0.55530494,1,0.9949808,1,0.9997901,1,0.95692724,1
0,0.998463,1,0.5753287,1,0.23149644,0,0.99769574,1,0.9991547,1
0,8.909005e-09,0,0.5556012,1,0.006239465,0,0.0013806581,0,0.051023837,0
1,0.9999637,1,0.5795398,1,0.0033960831,0,0.0035934334,0,0.0010149161,0
0,8.2509234e-07,0,0.555217,1,0.00471551,0,0.00079490466,0,0.999154,1
0,0.9990578,1,0.55535954,1,0.0032536322,0,0.8236697,1,0.00013028056,0
0,9.511932e-10,0,0.5561631,1,0.0030759047,0,0.00059518014,0,4.742117e-05,0
1,4.9713393e-11,0,0.34765133,0,0.71572703,1,0.99502134,1,0.99973404,1
0,2.212227e-05,0,0.55547154,1,0.98950046,1,0.0075714695,0,0.9406213,1
1,0.9999754,1,0.55569226,1,0.010177156,0,0.998753,1,0.9860856,1
0,0.005345996,0,0.5552147,1,0.008057007,0,0.0016401489,0,0.9704307,1
0,1.528076e-07,0,0.5453787,1,0.019307502,0,0.9882037,1,0.0048499233,0
1,1.8162659e-11,0,0.025375502,0,0.9930776,1,0.3929082,0,8.582132e-05,0
1,2.6503158e-06,0,0.55546004,1,0.0036410952,0,0.0025708505,0,0.9640616,1
1,3.2500353e-07,0,0.55616087,1,0.9830641,1,0.0007499235,0,0.007012228,0
0,6.794532e-08,0,0.5996511,1,0.0019578354,0,0.030904923,0,0.98406374,1
0,0.000492798,0,0.5553283,1,0.9934482,1,0.9994706,1,0.9945919,1
0,0.9999735,1,0.5571724,1,0.0034675288,0,0.9974926,1,0.00024211395,0
0,4.9061106e-05,0,0.5551282,1,0.06309099,0,0.1468639,0,0.39594463,0
0,3.7133395e-06,0,0.5555448,1,0.0037901376,0,0.0005077032,0,8.237546e-05,0
1,2.1312835e-07,0,0.55539644,1,0.9946675,1,0.9992178,1,0.9982129,1
1,6.4941114e-10,0,0.5432443,1,0.25172707,0,0.0016175207,0,0.11197819,0
1,0.9999812,1,0.5533555,1,0.9970061,1,0.9999575,1,0.9999417,1
1,1.0162513e-06,0,0.9994918,1,0.0002584018,0,0.00069653406,0,0.000101592166,0
0,3.4357623e-09,0,0.55668634,1,0.9970653,1,0.99981004,1,0.99967545,1
1,1.0370265e-12,0,0.555334,1,0.99661624,1,0.99471176,1,0.67556584,1
1,0.08076867,0,0.55542743,1,0.14496855,0,0.04244122,0,0.002893479,0
1,0.99999404,1,0.55525434,1,0.97082245,1,0.9927227,1,0.991841,1
1,0.9999907,1,0.5553479,1,0.013315044,0,0.7636782,1,0.028526226,0
0,1.3784686e-05,0,0.5555333,1,0.04746548,0,0.9671701,1,0.0053386022,0
0,1.508195e-06,0,0.5503618,1,0.5811025,1,0.9998799,1,0.9854025,1
1,0.999983,1,0.5554186,1,0.33047146,0,0.0075428,0,6.454462e-05,0
0,0.99070424,1,0.55406743,1,0.99343216,1,0.9999733,1,0.9941794,1
1,0.9999805,1,0.06884978,0,0.0028204336,0,8.642229e-05,0,0.8330929,1
1,2.3451186e-07,0,0.55586076,1,0.9930067,1,0.93734634,1,0.000105845924,0
1,0.999882,1,0.55533123,1,0.014624333,0,0.0027767275,0,0.015344306,0
1,8.0861505e-11,0,0.5554152,1,0.52038527,1,0.99994165,1,0.9834059,1
1,0.9767286,1,0.5554095,1,0.01825003,0,0.0010838433,0,0.2560223,0
1,1.975463e-09,0,0.55523425,1,0.99275,1,0.00049787055,0,0.002635823,0
0,0.9404866,1,0.5553946,1,0.99626386,1,0.99441767,1,0.99961925,1
0,0.0004222466,0,0.5550514,1,0.0049508833,0,0.006382597,0,0.0027671026,0
1,0.9999995,1,0.5629358,1,0.0031234669,0,0.0015780841,0,0.00079097616,0
1,0.99999875,1,0.55538845,1,0.0033137007,0,0.0010675291,0,0.0070843473,0
0,0.40677962,0,0.55568177,1,0.99421257,1,0.99930286,1,0.9998749,1
1,1.5560141e-06,0,0.5555958,1,0.08661265,0,0.5043645,1,0.001479752,0
1,0.9997222,1,0.55588627,1,0.6412117,1,0.046651985,0,0.12200309,0
0,0.013247551,0,0.5546031,1,0.003615589,0,0.004466763,0,0.021166325,0
1,0.99995536,1,0.5556538,1,0.98851764,1,0.9952856,1,0.0011582015,0
0,0.14165574,0,0.5553781,1,0.99695605,1,0.99950415,1,0.9993467,1
0,0.0017180948,0,0.55537516,1,0.997014,1,0.9999662,1,0.9999663,1
0,0.9981546,1,0.5563709,1,0.99706036,1,0.9999929,1,0.99978995,1
0,6.7583926e-05,0,0.55720997,1,0.004291176,0,0.006554112,0,0.004892121,0
0,0.9999968,1,0.55524015,1,0.9945993,1,0.99999255,1,0.9998942,1
0,0.9997162,1,0.55526626,1,0.87300134,1,0.9971243,1,0.0019182321,0
0,1.679891e-05,0,0.2805743,0,0.1757113,0,0.96701264,1,0.17428553,0
1,0.99999434,1,0.5559864,1,0.004007369,0,0.87208796,1,0.0008804435,0
1,8.308068e-08,0,0.14062718,0,0.0030517867,0,1.447264e-05,0,0.0066263797,0
1,0.99993515,1,0.55540454,1,0.09682456,0,0.9971224,1,0.08652996,0
1,0.92408943,1,0.55545753,1,0.016318597,0,0.0017386056,0,0.9774254,1
1,0.00039415213,0,0.55644244,1,0.003719653,0,0.009152765,0,0.00019914,0
0,0.9999896,1,0.55627847,1,0.20642947,0,0.99772835,1,0.08665375,0
0,5.450458e-06,0,0.55384535,1,0.003960985,0,0.026158929,0,0.73486376,1
1,3.2056774e-05,0,0.5552098,1,0.004262849,0,0.0029768413,0,0.004987493,0
1,0.00010717723,0,0.5550274,1,0.99692273,1,0.8692768,1,0.99989283,1
1,6.189271e-06,0,0.53334373,1,0.989172,1,0.9989461,1,0.9876706,1
0,0.037657436,0,0.55515486,1,0.9943625,1,0.11515483,0,0.9772992,1
0,0.9999998,1,0.555338,1,0.0035603244,0,0.0006669755,0,0.011562157,0
1,0.99972755,1,0.5554137,1,0.9950391,1,0.99927837,1,0.98911476,1
1,0.9999972,1,0.55538493,1,0.9567401,1,0.98847675,1,0.026542267,0
1,2.4993526e-06,0,0.5487809,1,0.0031914043,0,0.0010672312,0,0.011481473,0
0,0.077947415,0,0.5396872,1,0.0030664147,0,0.0014028128,0,2.1882626e-05,0
1,0.23051664,0,0.55345696,1,0.0044970135,0,0.0005707685,0,0.0013922639,0
1,0.009891444,0,0.55661935,1,0.67207557,1,0.9988477,1,0.93118954,1
0,0.0014537296,0,0.5557824,1,0.004238875,0,0.32086435,0,0.07339979,0
0,0.024588889,0,0.5295202,1,0.122079976,0,0.0012699423,0,0.74782646,1
0,2.2186045e-08,0,0.55382276,1,0.00391639,0,0.0013715494,0,5.5804187e-05,0
0,0.99997383,1,0.94491655,1,0.99853927,1,0.2878155,0,0.018315496,0
1,0.98331064,1,0.99994314,1,0.10800109,0,0.89297175,1,0.8094775,1
1,0.5709097,1,0.55596346,1,0.0040008198,0,0.002854467,0,3.928331e-05,0
0,0.84069604,1,0.5451775,1,0.0034881264,0,0.00044743018,0,5.338309e-05,0
0,1.3211465e-07,0,0.5585009,1,0.98598033,1,0.9998041,1,0.0017774532,0
0,1.8157276e-09,0,0.6821648,1,0.99981165,1,0.9999328,1,0.93580496,1
0,0.8309382,1,0.555359,1,0.99441,1,0.9977888,1,0.99188876,1
1,0.0014826054,0,0.5589336,1,0.0122735165,0,0.9997067,1,0.9998413,1
0,0.9999169,1,0.59579897,1,0.007632032,0,0.004375192,0,0.9688717,1
1,0.027703142,0,0.46763912,0,0.99976826,1,0.5320391,1,0.73036337,1
0,0.9787155,1,0.55536103,1,0.0031452863,0,0.0006533723,0,5.204908e-06,0
1,9.5004685e-07,0,0.5551372,1,0.004539918,0,0.021889895,0,0.00028568404,0
1,0.9999979,1,0.87769574,1,0.9974385,1,0.9996137,1,0.99957913,1
1,2.2857246e-07,0,0.556482,1,0.010935716,0,0.0013065345,0,0.20592655,0
1,0.9999931,1,0.55541134,1,0.005473397,0,0.0005805752,0,0.019353693,0
1,1.4517885e-09,0,0.09430178,0,0.99328285,1,0.83927715,1,0.03967579,0
0,3.9548268e-06,0,0.55500525,1,0.0032569014,0,0.00066732836,0,0.11653275,0
0,1.0351156e-08,0,0.55564666,1,0.9962,1,0.992423,1,0.016781416,0
0,0.76607066,1,0.54318917,1,0.003076466,0,0.00070535974,0,6.606941e-05,0
1,0.9930294,1,0.5554264,1,0.022191627,0,0.9980429,1,0.9997685,1
1,0.99997884,1,0.5554252,1,0.009043092,0,0.0012229565,0,0.00018598688,0
1,0.9998907,1,0.5561529,1,0.9953551,1,0.9999132,1,0.9999895,1
1,0.0017264625,0,0.5555789,1,0.121178456,0,0.9995796,1,0.0027618643,0
0,1.0,1,0.561372,1,0.9824631,1,0.99859947,1,0.99971133,1
0,0.00016714832,0,0.93900305,1,0.99493843,1,0.9752037,1,0.99967223,1
0,4.3885517e-05,0,0.5555911,1,0.0030764278,0,0.0006071838,0,8.938888e-05,0
0,0.018449193,0,0.5555613,1,0.9871655,1,0.0030985428,0,0.936531,1
0,0.99934465,1,0.55542606,1,0.015702276,0,0.8619916,1,0.006065267,0
0,0.00019601115,0,0.55638963,1,0.99194175,1,0.9990528,1,0.89941055,1
0,0.99987435,1,0.55549014,1,0.5857952,1,0.0006946793,0,0.13563327,0
0,0.32445446,0,0.5554095,1,0.0043353117,0,0.009130154,0,0.028099727,0
0,3.6783185e-05,0,0.5016457,1,0.003493562,0,0.0036365658,0,0.000113983864,0
1,0.99999994,1,0.072890714,0,0.9994548,1,0.88495904,1,0.0011039533,0
0,2.7872716e-06,0,0.55539954,1,0.012245776,0,0.00073367445,0,0.9986317,1
0,2.5179227e-06,0,0.55574304,1,0.9812714,1,0.82949656,1,0.9739202,1
0,5.506753e-05,0,0.55364954,1,0.99702924,1,0.99998415,1,0.9999171,1
0,0.9999596,1,0.5558136,1,0.003206704,0,0.00052278466,0,5.7907862e-05,0
1,2.2250548e-05,0,0.5554013,1,0.28661734,0,0.008883221,0,0.9883372,1
0,1.5675319e-09,0,0.555096,1,0.24391021,0,0.9991865,1,0.9988519,1
1,6.4851215e-12,0,0.9989568,1,0.0012285599,0,0.0016392785,0,0.002235874,0
0,0.0031170403,0,0.5553953,1,0.0035727352,0,0.55518407,1,0.010176143,0
0,5.829919e-07,0,0.5554014,1,0.005236389,0,0.00086696877,0,0.00246463,0
1,2.724391e-08,0,0.98215806,1,0.00024523243,0,2.5344377e-07,0,2.5137266e-05,0
0,6.364277e-11,0,0.024869146,0,0.0021127744,0,0.004561077,0,0.023940815,0
1,9.942542e-06,0,0.5472524,1,0.99221355,1,0.9999543,1,0.9952986,1
0,0.99999136,1,0.22847305,0,0.00031617182,0,0.000110537396,0,0.0064684325,0
0,5.285885e-06,0,0.55304116,1,0.72070825,1,0.001738839,0,0.21459198,0
1,2.0458135e-06,0,0.55001205,1,0.99305123,1,0.9998788,1,0.9992629,1
0,0.99999803,1,0.55503404,1,0.003984697,0,0.0012027043,0,0.0032355383,0
1,6.762735e-06,0,0.5489311,1,0.008182566,0,0.003905601,0,0.99968505,1
0,1.8966954e-05,0,0.5554105,1,0.0046248944,0,0.12746984,0,0.3327769,0
0,0.44413525,0,0.5564812,1,0.9969399,1,0.0075252904,0,0.9993767,1
1,0.9999806,1,0.2462938,0,0.9931087,1,0.99946856,1,0.009345594,0
0,9.058238e-07,0,0.55558586,1,0.9969803,1,0.999994,1,0.99990356,1
1,0.30353695,0,0.55529153,1,0.9970663,1,0.99998814,1,0.9999383,1
1,0.99995303,1,0.555693,1,0.99468267,1,0.9997823,1,0.9047551,1
1,1.6062359e-09,0,0.5644929,1,0.0050267796,0,0.33931118,0,0.00058557995,0
1,1.6497602e-10,0,0.5556083,1,0.99705094,1,0.99921465,1,0.9999572,1
0,0.8881915,1,0.9902845,1,0.9996762,1,0.9999913,1,0.49510378,0
0,0.9999454,1,0.6101617,1,0.9855282,1,0.99980706,1,0.485845,0
0,0.99086976,1,0.991174,1,0.99606377,1,0.9999983,1,0.9978206,1
1,5.4634935e-10,0,0.58492595,1,0.99673545,1,0.9993679,1,0.5843526,1
1,3.0961694e-10,0,0.5559496,1,0.9882304,1,0.99958956,1,0.99930954,1
1,0.4496008,0,0.5545495,1,0.9877743,1,0.04510612,0,0.99707705,1
1,0.9554767,1,0.5553848,1,0.0036679094,0,0.0028417818,0,0.0015757021,0
1,0.08133111,0,0.44569474,0,0.33890286,0,0.56753194,1,0.0004280563,0
1,0.73498076,1,0.94220674,1,0.00011755187,0,0.9930656,1,0.3997711,0
1,0.9999481,1,0.5552616,1,0.99690527,1,0.99987775,1,0.6420102,1
0,0.9978365,1,0.55538243,1,0.99666786,1,0.99943167,1,0.96992034,1
1,7.593841e-07,0,0.55478054,1,0.93023527,1,0.37168667,0,0.9967952,1
0,6.082685e-08,0,0.2546925,0,0.9971401,1,0.9714923,1,0.99801666,1
1,7.491398e-05,0,0.5554336,1,0.8790095,1,0.9978416,1,0.92086214,1
0,0.00011697412,0,0.73964757,1,0.011269535,0,0.99977446,1,0.265242,0
0,1.5385242e-09,0,0.5554414,1,0.9959079,1,0.9991662,1,0.61844504,1
0,0.9999378,1,0.55537385,1,0.07935617,0,0.011196137,0,0.9778284,1
0,0.9995687,1,0.55757374,1,0.005077313,0,0.99358094,1,0.9945693,1
1,0.99997556,1,0.5553211,1,0.99047613,1,0.19727902,0,0.9986201,1
0,9.233806e-08,0,0.07117396,0,0.9996942,1,0.9984574,1,0.0058846064,0
1,0.9915875,1,0.555724,1,0.0031269894,0,0.0009651903,0,0.00459741,0
1,4.098327e-07,0,0.5543824,1,0.005779051,0,0.0011405966,0,3.712074e-05,0
0,1.1723933e-07,0,0.5553706,1,0.27458206,0,0.0016706042,0,0.002339071,0
1,6.4131666e-07,0,0.53266627,1,0.0034784458,0,0.99892837,1,0.9607083,1
0,0.9750133,1,0.5468103,1,0.87993747,1,0.3504081,0,0.10907187,0
0,0.99965364,1,0.61703384,1,0.99586284,1,0.99230325,1,0.99997175,1
1,0.9996321,1,0.5556622,1,0.9970591,1,0.999493,1,0.99985874,1
1,1.1567265e-06,0,0.5554285,1,0.99584997,1,0.9999604,1,0.9997864,1
1,0.019325906,0,0.5569983,1,0.99386543,1,0.99971765,1,0.97538257,1
0,0.8270738,1,0.5555593,1,0.008499406,0,0.10710943,0,0.006925972,0
1,0.000105557854,0,0.5551497,1,0.003132467,0,0.00053646107,0,0.0008691081,0
1,0.0008041637,0,0.55542064,1,0.0033719682,0,0.0007873255,0,0.004231416,0
1,0.9990757,1,0.99795455,1,0.9998953,1,0.9999654,1,0.15452851,0
0,1.0267586e-08,0,0.50842714,1,0.99072737,1,0.99993014,1,0.00021078653,0
0,0.9946509,1,0.5555695,1,0.99629927,1,0.9997082,1,0.99980897,1
1,0.025628276,0,0.9513683,1,0.9974052,1,0.802806,1,0.00039588983,0
1,0.9999552,1,0.5560549,1,0.0031201208,0,0.0009522661,0,2.2305154e-05,0
1,0.18411171,0,0.11778879,0,0.000645771,0,0.7302382,1,0.0011051765,0
1,0.9998826,1,0.55540025,1,0.83282804,1,0.9877943,1,0.93279904,1
0,0.0002415732,0,0.5555369,1,0.0034760311,0,0.0009028191,0,0.93102574,1
1,0.00013244465,0,0.5549443,1,0.011194179,0,0.0007589953,0,0.00070415647,0
0,0.99969834,1,0.55532825,1,0.9970551,1,0.9841009,1,0.99993676,1
1,2.245215e-06,0,0.5554155,1,0.14412308,0,0.022450758,0,0.9882965,1
1,0.32392803,0,0.5534082,1,0.1297755,0,0.028539076,0,0.8823298,1
1,0.9993721,1,0.0047356095,0,0.0072093583,0,0.99993604,1,0.034901284,0
0,0.99399835,1,0.5553599,1,0.99504936,1,0.9998834,1,0.9995509,1
1,0.99999005,1,0.55177647,1,0.0033614438,0,0.00067374366,0,3.5137065e-05,0
0,0.99999833,1,0.5554734,1,0.99590266,1,0.22087109,0,0.9927936,1
1,0.99998,1,0.55511993,1,0.0030664352,0,0.00042249382,0,1.2564828e-05,0
0,3.482281e-09,0,0.430252,0,0.9972685,1,0.9999908,1,0.99918556,1
0,0.7371409,1,0.5542582,1,0.76100034,1,0.99996495,1,0.42913845,0
0,0.7918668,1,0.022582764,0,0.00067475345,0,0.9999058,1,0.99789727,1
1,0.22653328,0,0.5554687,1,0.00548837,0,0.7294103,1,0.015966192,0
1,9.726574e-07,0,0.42900857,0,0.015312162,0,0.99997663,1,0.28509235,0
1,5.342711e-08,0,0.5555114,1,0.003686068,0,0.00094009086,0,0.01894595,0
0,9.348041e-05,0,0.55565566,1,0.52231187,1,0.117136225,0,0.49318933,0
1,0.99979347,1,0.5561587,1,0.9714358,1,0.13864885,0,0.4695548,0
1,0.9999983,1,0.567745,1,0.99140203,1,0.08144226,0,0.001619582,0
0,0.9999994,1,0.5554309,1,0.0031044106,0,0.00044939158,0,7.3997e-07,0
1,4.2947067e-05,0,0.5562315,1,0.010416724,0,0.00037345258,0,3.09861e-05,0
0,0.0012682881,0,0.5553269,1,0.0060970965,0,0.0011757053,0,9.071492e-06,0
0,0.006149978,0,0.555373,1,0.23506911,0,0.99997175,1,0.9990839,1
1,0.99941355,1,0.5537389,1,0.01147252,0,0.0020384083,0,1.3622715e-05,0
1,1.0,1,0.555426,1,0.9861819,1,0.69499594,1,0.0147586195,0
1,5.0667108e-08,0,0.54300773,1,0.0059290393,0,0.99997395,1,0.99806356,1
1,0.99523073,1,0.55541945,1,0.0057850075,0,0.0009350031,0,0.014105925,0
0,1.6955664e-08,0,0.5810295,1,0.004422271,0,0.0010302349,0,0.01875792,0
1,5.811445e-07,0,0.4964,0,0.9956844,1,0.34877408,0,0.0033607488,0
1,0.99992186,1,0.52649903,1,0.0032152638,0,0.0013631732,0,0.0007211302,0
0,0.19655855,0,0.62793714,1,0.0075579807,0,0.9691602,1,0.9999214,1
1,2.2750388e-05,0,0.5532781,1,0.031290706,0,0.9997265,1,0.00050371885,0
0,0.013261194,0,0.49305558,0,0.9963367,1,0.9999857,1,0.996513,1
0,0.99999017,1,0.55589324,1,0.005409482,0,0.00041640247,0,7.928692e-05,0
0,1.0,1,0.5502987,1,0.33772722,0,0.5134637,1,0.10603702,0
0,0.99997616,1,0.5331641,1,0.0035035994,0,0.0017177693,0,0.00029216675,0
0,5.929183e-05,0,0.5554167,1,0.99118394,1,0.99992377,1,0.9896184,1
0,1.0,1,0.55614436,1,0.9723984,1,0.06103475,0,0.99554014,1
0,1.6524082e-06,0,0.029642668,0,0.07798343,0,0.002067392,0,0.7226321,1
1,0.0005838044,0,0.5554403,1,0.0057269763,0,0.008000099,0,0.945857,1
1,0.99963766,1,0.55448693,1,0.9952395,1,0.5932525,1,0.9986743,1
0,4.5244128e-10,0,0.5548003,1,0.024190402,0,0.008521169,0,7.2282455e-05,0
0,0.9999414,1,0.0059951534,0,0.0011255911,0,0.0050257877,0,0.16489796,0
1,1.3990835e-06,0,0.5554099,1,0.9716009,1,0.020518713,0,0.8319751,1
1,0.04617486,0,0.55540884,1,0.99626297,1,0.96204317,1,0.99969333,1
0,0.11131934,0,0.102463886,0,0.9998754,1,0.9999179,1,0.9999612,1
1,0.9140757,1,0.55540633,1,0.0035745883,0,0.0006597604,0,0.00031494827,0
0,0.0031891887,0,0.5930826,1,0.005801566,0,0.0030152486,0,0.9940116,1
1,0.045820583,0,0.5564278,1,0.0033072438,0,0.013713011,0,0.71182495,1
1,7.064365e-07,0,0.55525166,1,0.018489106,0,0.0077785244,0,0.99996936,1
1,0.364059,0,0.55541813,1,0.0040898737,0,0.9961829,1,0.91108525,1
0,1.0,1,0.54318476,1,0.9928994,1,0.9990441,1,0.9128465,1
0,5.6003154e-07,0,0.5553495,1,0.0073069697,0,0.0007694578,0,0.00087030267,0
0,0.999842,1,0.55543286,1,0.9913091,1,0.99768895,1,0.96876085,1
1,1.9414532e-05,0,0.55580914,1,0.008265129,0,0.95264465,1,0.99915296,1
1,0.99999875,1,0.55537206,1,0.9866997,1,0.0022343842,0,0.88219523,1
0,9.688782e-07,0,0.5550261,1,0.9366857,1,0.9998961,1,0.96784073,1
1,0.99907714,1,0.55542684,1,0.017655866,0,0.11696464,0,0.9702313,1
0,0.7480241,1,0.55554074,1,0.003271155,0,0.000759046,0,0.034565337,0
1,1.9410902e-06,0,0.5510851,1,0.9970278,1,0.99998933,1,0.999883,1
1,0.5286677,1,0.5690263,1,0.79668677,1,0.0018569353,0,0.0022856463,0
0,8.0150414e-05,0,0.55551493,1,0.99509907,1,0.9996995,1,0.0071856743,0
1,0.97908247,1,0.6012986,1,0.0037412664,0,0.98841244,1,9.725396e-06,0
0,1.5099657e-05,0,0.55440325,1,0.9939914,1,0.99717826,1,0.9907488,1
0,5.709759e-07,0,0.5618277,1,0.9970225,1,0.9999271,1,0.9921225,1
0,3.3747196e-07,0,0.55556893,1,0.9960328,1,0.9999796,1,0.99992025,1
1,6.703203e-09,0,0.5537211,1,0.0077398685,0,0.00089171657,0,0.0024654837,0
1,0.9896924,1,0.55526257,1,0.006315879,0,0.06416344,0,0.48750913,0
1,9.467227e-05,0,0.21294908,0,0.99457514,1,0.9998779,1,0.00070385385,0
0,2.5875663e-08,0,0.55534554,1,0.0033429414,0,0.0010329516,0,0.015563666,0
1,0.9998445,1,0.5554202,1,0.7506715,1,0.98838264,1,0.98837054,1
1,0.001313215,0,0.55543464,1,0.9957833,1,0.9996141,1,0.9997187,1
1,0.19562346,0,0.5529394,1,0.0039237426,0,0.004412142,0,0.0034762826,0
0,0.03962756,0,0.81650716,1,0.9998884,1,0.99999493,1,0.9999186,1
0,5.5349876e-09,0,0.101108804,0,0.00023362362,0,9.882821e-08,0,0.0003924621,0
1,1.8632405e-05,0,0.55554146,1,0.99444884,1,0.9999635,1,0.0014508668,0
0,1.4820239e-05,0,0.55586356,1,0.9555478,1,0.9999571,1,0.9965201,1
1,0.005438601,0,0.5570961,1,0.0031671273,0,0.7155774,1,0.00010893173,0
0,0.999925,1,0.5556575,1,0.007350265,0,0.98998547,1,0.0003595278,0
0,0.13003905,0,0.55502796,1,0.008148326,0,0.9996594,1,0.997567,1
1,0.013508458,0,0.55581015,1,0.9923859,1,0.999503,1,0.99036694,1
1,7.74952e-06,0,0.5371088,1,0.003867697,0,0.998735,1,0.7654632,1
0,1.2704194e-08,0,0.55535036,1,0.99706703,1,0.99998415,1,0.9998946,1
0,0.99094963,1,0.5467011,1,0.9998258,1,0.9306324,1,0.9994414,1
0,1.739355e-08,0,0.5320866,1,0.003089664,0,0.0007496866,0,0.0030404192,0
0,0.9999124,1,0.073258154,0,0.99902755,1,0.14910635,0,0.99977946,1
0,2.2858684e-07,0,0.51665324,1,0.8588721,1,0.7641708,1,0.96776575,1
0,2.2088645e-07,0,0.55543536,1,0.012297655,0,0.99971175,1,0.00034705386,0
1,0.028207628,0,0.88323075,1,0.99764895,1,0.9776494,1,0.12488899,0
1,8.2139763e-07,0,0.5553878,1,0.98657006,1,0.85346216,1,0.109452195,0
0,1.0399815e-13,0,0.55536103,1,0.9954412,1,0.9963428,1,0.99729973,1
0,0.99291754,1,0.555564,1,0.99317783,1,0.002079593,0,0.38632363,0
0,0.33974555,0,0.5563852,1,0.003185704,0,0.0006775834,0,0.007606581,0
1,0.005591298,0,0.55648184,1,0.0040327436,0,0.987674,1,0.0041543455,0
0,3.6620915e-12,0,0.5706393,1,0.99650055,1,0.8776723,1,0.0023521867,0
1,6.508898e-05,0,0.5554069,1,0.996172,1,0.99998254,1,0.99058056,1
1,0.0009805798,0,0.9923446,1,0.9336517,1,0.999811,1,0.9998922,1
1,0.9999418,1,0.01141634,0,0.9932185,1,0.9996862,1,0.9996035,1
1,0.9999248,1,0.55541736,1,0.0037076313,0,0.69761574,1,0.016509254,0
1,0.9997581,1,0.5506651,1,0.9942985,1,0.99976397,1,0.6161258,1
0,1.5487082e-06,0,0.55555534,1,0.99331886,1,0.9733098,1,0.99455243,1
1,0.9161411,1,0.5553464,1,0.003605915,0,0.019457629,0,0.5355996,1
0,0.15876144,0,0.5553924,1,0.8152198,1,0.99996126,1,0.99704754,1
0,5.0994964e-09,0,0.9553253,1,0.9997602,1,0.16705665,0,0.0020660625,0
0,4.9282875e-07,0,0.5554663,1,0.74548006,1,0.91936177,1,0.0013773217,0
1,0.999388,1,0.9999774,1,0.00020567629,0,0.0007321079,0,0.17465094,0
0,0.9976505,1,0.555404,1,0.0040396634,0,0.0011833495,0,4.814844e-05,0
1,0.0014540129,0,0.5523281,1,0.99649537,1,0.99954545,1,0.9147783,1
0,0.99762565,1,0.5552592,1,0.004780554,0,0.0008077587,0,0.00048704186,0
1,3.8446346e-06,0,0.55576044,1,0.004463112,0,0.0010678305,0,0.009452969,0
1,1.959134e-06,0,0.5552917,1,0.0060482854,0,0.009647929,0,0.011375695,0
0,0.9999784,1,0.36655593,0,0.0010682056,0,0.016527759,0,0.97099346,1
1,0.7401458,1,0.55610895,1,0.9970483,1,0.99998754,1,0.99980694,1
1,4.6070986e-06,0,0.5554644,1,0.9900001,1,0.59990275,1,0.9318464,1
0,1.7538835e-06,0,0.5555666,1,0.040343005,0,0.9999548,1,0.9284043,1
1,0.0017168877,0,0.5562574,1,0.0034193075,0,0.026835734,0,0.0054460447,0
1,8.310452e-07,0,0.55472076,1,0.9970512,1,0.99995536,1,0.99993753,1
0,2.9731324e-05,0,0.5548681,1,0.0036869876,0,0.0010522342,0,0.8973487,1
1,0.9836615,1,0.5553169,1,0.005500541,0,0.00084081077,0,0.014352024,0
1,1.0,1,0.5557885,1,0.0033891872,0,0.0050676055,0,0.06286331,0
0,0.99992853,1,0.56753534,1,0.99673223,1,0.9999382,1,0.9501229,1
1,0.0025506536,0,0.5555672,1,0.0058701644,0,0.0009780854,0,0.01832004,0
0,0.9999992,1,0.5543107,1,0.99693954,1,0.9979811,1,0.9781531,1
1,1.7344648e-08,0,0.03011037,0,0.00063968374,0,4.9278646e-07,0,0.088901654,0
1,0.99996567,1,0.55534184,1,0.011795591,0,0.0014655049,0,0.99988174,1
1,0.99999267,1,0.55437,1,0.99551845,1,0.10302503,0,0.991189,1
1,0.98528814,1,0.55461866,1,0.99280286,1,0.040747385,0,0.98719233,1
0,0.015060536,0,0.5127825,1,0.9973014,1,0.99997246,1,0.9990684,1
0,0.34077197,0,0.90317154,1,0.99726665,1,0.99997383,1,0.99980587,1
0,0.2205713,0,0.98277223,1,0.99968797,1,0.37015486,0,0.00018832421,0
0,4.1619224e-09,0,0.98100513,1,0.00012556123,0,5.1683774e-08,0,0.08193655,0
1,3.3464955e-06,0,0.5579038,1,0.0040372876,0,0.99574775,1,0.9994548,1
1,0.9896205,1,0.3753998,0,0.9944123,1,0.9651212,1,0.9999782,1
1,0.030020319,0,0.55547607,1,0.65138423,1,0.99575675,1,0.57075065,1
1,0.9999973,1,0.2509141,0,0.00047346082,0,0.024066769,0,0.018476792,0
0,0.9999981,1,0.55561024,1,0.004868385,0,0.0013588828,0,0.62541384,1
1,5.8389944e-08,0,0.5545554,1,0.9766291,1,0.99997073,1,0.99994195,1
0,0.9999981,1,0.56291115,1,0.8967435,1,0.99988586,1,0.0074309087,0
0,5.176301e-07,0,0.56877345,1,0.9969952,1,0.9999495,1,0.9999442,1
0,0.04654528,0,0.693669,1,0.9942861,1,6.495461e-07,0,0.9854564,1
1,0.9999712,1,0.5554246,1,0.6991157,1,0.99959725,1,0.9436817,1
1,0.0067246435,0,0.5554009,1,0.00510042,0,0.00066070457,0,0.018113688,0
0,7.6325814e-05,0,0.55537504,1,0.009142142,0,0.06087581,0,0.5991837,1
0,1.15327175e-05,0,0.55527467,1,0.0063363793,0,0.0049862424,0,0.48357174,0
0,0.96675855,1,0.57529056,1,0.0031535875,0,0.75615203,1,0.0021889808,0
1,0.9999903,1,0.55542916,1,0.8196797,1,0.96797645,1,0.0036260225,0
0,0.013439105,0,0.55545896,1,0.03941991,0,0.0027615638,0,0.1035409,0
1,0.16958533,0,0.5604407,1,0.0034738653,0,0.65057296,1,0.01518296,0
0,0.34655845,0,0.55532646,1,0.99706733,1,0.9999973,1,0.9999469,1
0,0.9788863,1,0.5550805,1,0.98804766,1,0.9991817,1,0.9954057,1
0,2.8680033e-10,0,0.5645815,1,0.98839134,1,0.83680296,1,0.02029839,0
0,0.9999979,1,0.555369,1,0.003329107,0,0.00040042595,0,0.15932651,0
1,0.006857388,0,0.5721989,1,0.021817753,0,0.9116762,1,0.9999484,1
1,0.9983984,1,0.55585086,1,0.0034309144,0,0.000594499,0,0.0032683967,0
0,0.9999816,1,0.19877364,0,0.9969481,1,0.968028,1,0.99943244,1
0,3.7356234e-08,0,0.39056736,0,0.0007914779,0,5.0122446e-05,0,0.99708223,1
0,4.601865e-09,0,0.3546619,0,0.94455683,1,0.7157029,1,0.9572645,1
1,0.99430346,1,0.5553931,1,0.01600078,0,0.001146794,0,0.010601717,0
0,0.012672941,0,0.8977575,1,0.0030710774,0,0.00025592445,0,3.25062e-06,0
0,0.009255457,0,0.55528635,1,0.005338115,0,0.00060877897,0,9.983965e-05,0
1,3.4483833e-08,0,0.9817038,1,0.37855595,0,0.0009830975,0,0.9839062,1
0,3.0308042e-06,0,0.55562216,1,0.37609908,0,0.00044637223,0,0.005838999,0
0,1.373038e-08,0,0.65218556,1,0.008241686,0,0.002905281,0,0.0010852509,0
1,0.93204486,1,0.99089813,1,0.0028920285,0,0.99096596,1,1.638983e-05,0
0,0.2412214,0,0.99798805,1,0.99974644,1,0.99985814,1,0.9975245,1
1,0.9999575,1,0.9898481,1,0.000102337144,0,1.3527287e-08,0,0.00010246369,0
1,6.6484e-09,0,0.5555705,1,0.45188737,0,0.99965256,1,0.8779698,1
0,0.9987738,1,0.5421025,1,0.0045588245,0,0.97349393,1,0.7377069,1
0,0.9970925,1,0.5541293,1,0.5691498,1,0.0017369272,0,0.9554173,1
0,0.9999953,1,0.55427194,1,0.99166566,1,0.99899906,1,0.9831857,1
1,0.9999999,1,0.013133957,0,0.9997183,1,0.9689269,1,0.010486229,0
0,0.00026031918,0,0.55432796,1,0.504978,1,0.9831867,1,0.9943344,1
0,0.005348138,0,0.5556814,1,0.0037213815,0,0.0014738593,0,0.0046201386,0
0,0.008225656,0,0.5556254,1,0.004130217,0,0.004509154,0,0.0063794623,0
1,2.7624337e-06,0,0.55535257,1,0.003084441,0,0.0012676119,0,0.24421394,0
0,0.9742306,1,0.5035887,1,0.0030663814,0,0.000693636,0,2.6098814e-05,0
0,0.9999399,1,0.3091377,0,0.0025876642,0,0.7018986,1,0.07350177,0
0,0.99985707,1,0.5551534,1,0.004837703,0,0.0015796296,0,0.0027650471,0
1,0.00013511321,0,0.55544907,1,0.09808356,0,0.9971584,1,0.99242246,1
1,2.80379e-06,0,0.422547,0,0.5390988,1,0.99976414,1,0.67522836,1
1,0.7817436,1,0.5667365,1,0.9876379,1,0.99989766,1,0.00045997108,0
1,1.0247568e-09,0,0.5977974,1,0.99679834,1,0.9999632,1,0.9998702,1
1,0.00026472556,0,0.49429953,0,0.00035601883,0,1.0069972e-08,0,0.0018730594,0
1,0.99971366,1,0.53320396,1,0.003071657,0,0.0009687362,0,0.00014499368,0
0,0.062143046,0,0.55658424,1,0.00308917,0,0.0006694119,0,9.5706164e-05,0
1,0.9992368,1,0.5551772,1,0.99683124,1,0.99929756,1,0.08742383,0
1,6.5734735e-06,0,0.5554619,1,0.99560255,1,0.9765656,1,0.93535435,1
1,3.9975646e-05,0,0.55508304,1,0.98649037,1,0.9992751,1,0.99992,1
0,0.99917954,1,0.5552435,1,0.996172,1,0.008544725,0,0.99767643,1
0,0.9999573,1,0.5551945,1,0.99698424,1,0.9999451,1,0.93448466,1
0,0.3366837,0,0.5552606,1,0.0033576533,0,0.00045840035,0,0.0018402125,0
0,0.9999974,1,0.55310154,1,0.95874745,1,0.95293814,1,0.9999596,1
0,0.99993277,1,0.55498123,1,0.9969792,1,0.99998367,1,0.9991436,1
1,0.99998623,1,0.9998716,1,0.99871945,1,0.578513,1,0.99337375,1
1,9.249437e-06,0,0.6525455,1,0.99443936,1,0.998872,1,0.9139848,1
1,1.2188844e-09,0,0.00085689494,0,0.0004016151,0,0.98222435,1,0.0011239867,0
1,6.2562947e-07,0,0.55536306,1,0.99001986,1,0.99900556,1,0.9981557,1
0,0.99889654,1,0.7395298,1,0.6202155,1,0.9598542,1,0.5321436,1
0,0.99996704,1,0.52498525,1,0.17417912,0,0.99610746,1,0.92825973,1
1,0.00011090565,0,0.5551712,1,0.121409476,0,0.039873738,0,0.0014834384,0
0,6.9840644e-05,0,0.010785485,0,0.73721653,1,0.9977287,1,0.9999882,1
0,2.0863365e-07,0,0.555194,1,0.99218714,1,0.9999914,1,0.85786545,1
0,5.4072305e-05,0,0.55396694,1,0.003693741,0,0.42279738,0,0.99951583,1
0,1.4535659e-05,0,0.5555953,1,0.003107817,0,0.00044658163,0,0.0009524663,0
0,3.987545e-10,0,0.55547947,1,0.9958015,1,0.99960226,1,0.9997322,1
1,8.7606294e-10,0,0.5633129,1,0.016366774,0,0.510381,1,0.025067477,0
0,0.00012813193,0,0.5554075,1,0.003115787,0,0.0006588326,0,0.0006659011,0
0,0.014235735,0,0.55548847,1,0.2668989,0,0.532502,1,0.9999584,1
1,0.99999505,1,0.55193394,1,0.99705833,1,0.9999954,1,0.9998145,1
0,2.1695042e-10,0,0.44723606,0,0.00783431,0,0.80360323,1,0.37675697,0
1,3.5194753e-05,0,0.55541533,1,0.00396773,0,0.0008447446,0,0.0033978615,0
0,0.0001524812,0,0.5553825,1,0.9958554,1,0.99942,1,0.9853702,1
0,3.814785e-07,0,0.5555069,1,0.97210824,1,0.98938304,1,0.9818913,1
0,0.84556705,1,0.55606663,1,0.9970521,1,0.99999684,1,0.9992467,1
1,0.9999087,1,0.5553792,1,0.004599674,0,0.00084433856,0,5.5362023e-05,0
1,0.9999983,1,0.56780785,1,0.024431914,0,0.9724627,1,0.011655957,0
1,6.9681863e-07,0,0.7998162,1,0.99986714,1,0.99981153,1,2.2164864e-05,0
0,0.8803759,1,0.5547529,1,0.12672743,0,0.30577287,0,0.0016712612,0
1,0.084502,0,0.5606182,1,0.96969646,1,0.0015076114,0,0.003047394,0
0,0.9567336,1,0.575208,1,0.004200877,0,0.9993328,1,0.16733511,0
0,8.968268e-09,0,0.5622529,1,0.0030671905,0,0.0004929277,0,0.00068617973,0
1,0.9998529,1,0.56512374,1,0.0031551397,0,0.003944204,0,9.4134075e-06,0
1,1.0,1,0.5562512,1,0.99486035,1,0.9856848,1,0.999599,1
1,0.95693475,1,0.55544615,1,0.00449672,0,0.0008181592,0,0.0023734618,0
1,1.8217982e-06,0,0.5555287,1,0.016481193,0,0.0012978694,0,0.09376694,0
0,0.9998747,1,0.5546727,1,0.0032805903,0,0.9995802,1,0.012950091,0
1,7.4378287e-10,0,0.55586445,1,0.0042458526,0,0.99690473,1,0.00022331114,0
1,0.17457265,0,0.5616109,1,0.9968277,1,0.95942503,1,0.99996775,1
0,2.2511562e-05,0,0.023992559,0,0.8401183,1,0.14356236,0,0.89718926,1
1,0.9997611,1,0.5545483,1,0.9884064,1,0.9997274,1,0.9999755,1
0,3.761775e-05,0,0.5543056,1,0.0036501898,0,0.02023993,0,5.7261102e-05,0
1,0.9998202,1,0.9856176,1,0.9995876,1,0.95732534,1,0.3198812,0
0,0.9966544,1,0.5579177,1,0.008757305,0,0.14675058,0,0.99891555,1
1,0.003086167,0,0.9984755,1,0.00020919759,0,0.00023660099,0,0.13268627,0
0,0.99653065,1,0.55544645,1,0.0037318051,0,0.0015716213,0,0.00022757868,0
1,0.0001220586,0,0.55267096,1,0.9968926,1,0.9999742,1,0.016015187,0
0,6.2351734e-07,0,0.5552731,1,0.9115492,1,0.99988925,1,0.9159824,1
0,0.00021903527,0,0.5579077,1,0.014749374,0,0.99900657,1,0.012027011,0
1,0.0010393304,0,0.27276745,0,0.0005929917,0,1.0176808e-06,0,0.011768979,0
1,0.041926473,0,0.55743146,1,0.0030773627,0,0.00096538616,0,0.0024935862,0
0,1.0222891e-09,0,0.5551478,1,0.99671924,1,0.9999826,1,0.969529,1
0,0.046884246,0,0.5554209,1,0.97770524,1,0.7177245,1,0.6055055,1
0,1.9527731e-06,0,0.5553666,1,0.9963482,1,0.99994016,1,0.9979948,1
1,0.99995875,1,0.670159,1,0.0033126834,0,0.0052192137,0,0.030125977,0
0,0.8734169,1,0.5558835,1,0.9811416,1,0.93307436,1,0.90990496,1
1,3.7969272e-07,0,0.5557804,1,0.0031873244,0,0.00038499266,0,0.9699337,1
0,0.3840202,0,0.5548933,1,0.9970186,1,0.99999094,1,0.9882975,1
1,8.864231e-11,0,0.5553165,1,0.009213352,0,0.00059842865,0,0.000345811,0
0,1.4344416e-10,0,0.5710252,1,0.0031026835,0,0.001087084,0,0.6522849,1
0,2.6573101e-11,0,0.5345945,1,0.99705994,1,0.999924,1,0.9972943,1
0,0.00021203348,0,0.5552868,1,0.9970547,1,0.99996555,1,0.99919003,1
0,9.1657824e-07,0,0.5554355,1,0.9911239,1,0.99997544,1,0.99883807,1
1,0.36625257,0,0.555448,1,0.98817986,1,0.11181132,0,0.29409093,0
0,0.9776125,1,0.5456033,1,0.0041213883,0,0.00550698,0,0.00016901382,0
1,1.8917766e-05,0,0.55539596,1,0.9802248,1,0.94999784,1,0.6525843,1
0,0.999901,1,0.55516577,1,0.0036953168,0,0.00078068086,0,0.0033819678,0
1,0.9999997,1,0.5556382,1,0.9816695,1,0.90477675,1,0.949908,1
0,0.9999808,1,0.586201,1,0.9949916,1,0.9985884,1,0.99835235,1
1,8.3556166e-08,0,0.5616997,1,0.96587074,1,0.99971354,1,0.73712856,1
1,2.9972664e-06,0,0.55545807,1,0.97824806,1,0.45309624,0,0.99950695,1
1,3.3739095e-08,0,0.5520259,1,0.0039081704,0,0.74515015,1,0.00012476847,0
0,1.217622e-06,0,0.41816086,0,0.9991288,1,0.9999941,1,0.99446505,1
1,0.9999413,1,0.5661975,1,0.99683434,1,0.9995885,1,0.99975795,1
1,1.5251056e-08,0,0.5555465,1,0.22006029,0,0.0024070297,0,0.8064674,1
1,0.8772619,1,0.555409,1,0.9771918,1,0.99959284,1,0.9983484,1
1,2.6791673e-07,0,0.55547005,1,0.0042410237,0,0.012394413,0,0.027134169,0
0,0.9999919,1,0.29736272,0,0.011839054,0,0.41280383,0,0.0052056597,0
0,7.466844e-09,0,0.55643046,1,0.0034208694,0,0.0035474468,0,0.99725574,1
1,0.0050312723,0,0.44225374,0,0.0003101799,0,0.0002970992,0,7.3337105e-05,0
1,0.96402305,1,0.5552139,1,0.0032149754,0,0.0007438802,0,7.911094e-05,0
0,0.99999434,1,0.6032871,1,0.99681485,1,0.9999487,1,0.9996135,1
1,0.99671704,1,0.5552984,1,0.008136395,0,0.8827774,1,0.61864096,1
0,3.9056002e-07,0,0.9978444,1,0.044166893,0,0.28736326,0,0.3942533,0
0,1.9474985e-06,0,0.5533339,1,0.049163897,0,0.0014671901,0,0.9192407,1
0,0.54162467,1,0.053851355,0,0.055720188,0,0.00083333143,0,0.75478566,1
0,0.05824527,0,0.5556708,1,0.9000429,1,0.008793442,0,0.70901257,1
1,6.0910503e-07,0,0.9937627,1,0.99275964,1,0.9990177,1,0.9965582,1
1,1.6949496e-06,0,0.5548922,1,0.3529468,0,0.041570466,0,0.9998189,1
0,0.9996821,1,0.5562881,1,0.010677922,0,0.014033105,0,0.6410205,1
1,0.00013070561,0,0.5551828,1,0.0045173233,0,0.001153817,0,0.14197989,0
0,0.99999523,1,0.55545443,1,0.022686915,0,0.9984889,1,0.07180592,0
0,0.0069475323,0,0.55610245,1,0.99627906,1,0.9999603,1,0.99829376,1
0,0.9999997,1,0.5546805,1,0.99696547,1,0.9927192,1,0.056202516,0
1,0.99968344,1,0.55510736,1,0.0043163723,0,0.0020912916,0,0.034756605,0
1,8.737618e-06,0,0.55677044,1,0.0710704,0,0.44282514,0,0.80332685,1
1,3.2355733e-06,0,0.5553435,1,0.9711974,1,0.82503736,1,0.006457734,0
1,0.9999721,1,0.5555784,1,0.11178004,0,0.419992,0,1.4796584e-05,0
1,0.9999188,1,0.55539393,1,0.60405505,1,0.9999365,1,0.99873513,1
1,0.99999595,1,0.9777477,1,0.58493453,1,0.99788326,1,0.005964344,0
1,0.9388171,1,0.55548894,1,0.008863092,0,0.55533075,1,0.0013289794,0
0,0.00024912137,0,0.5586599,1,0.003125047,0,0.0009633114,0,1.3173885e-05,0
1,0.9998787,1,0.34266192,0,0.0005696978,0,7.7512675e-05,0,0.9070649,1
0,0.031763285,0,0.6386756,1,0.0049848347,0,0.9891203,1,0.00023334111,0
0,0.9998969,1,0.5554493,1,0.9969904,1,0.999969,1,0.99919605,1
0,0.0040461347,0,0.5555213,1,0.15750776,0,0.99719304,1,0.88052195,1
1,0.97154045,1,0.55463046,1,0.009441029,0,0.0013066003,0,7.475535e-05,0
0,0.9999747,1,0.93925804,1,0.9997303,1,0.99975204,1,0.2698289,0
0,1.8333274e-06,0,0.68467146,1,0.9967512,1,0.98932123,1,0.968679,1
1,0.9996654,1,0.5553154,1,0.9963403,1,0.0012030618,0,0.030568931,0
0,0.7991944,1,0.5359024,1,0.003540247,0,0.00056324975,0,0.00047600316,0
1,0.99847996,1,0.0018117303,0,0.9940828,1,0.008013811,0,0.50762105,1
1,0.99936485,1,0.5554365,1,0.007794124,0,0.000930395,0,0.011006745,0
0,0.8259221,1,0.55538607,1,0.99702966,1,0.99998975,1,0.9973867,1
0,6.4021427e-10,0,0.053377848,0,0.9852312,1,0.0041079796,0,0.16851756,0
0,5.929508e-07,0,0.5552969,1,0.97623664,1,0.9975914,1,0.99990296,1
1,0.9999743,1,0.0041459166,0,0.2938595,0,0.9904967,1,0.00071279454,0
1,4.4560142e-08,0,0.7518568,1,0.19875097,0,0.011253871,0,0.99880767,1
1,1.2102327e-06,0,0.55463046,1,0.99552524,1,0.9610701,1,0.98251677,1
1,0.0035989508,0,0.4902449,0,0.0001758109,0,0.97991914,1,0.029450735,0
1,4.9310547e-05,0,0.5498459,1,0.99706155,1,0.92618877,1,0.99972546,1
0,5.1959837e-08,0,0.55541813,1,0.004397392,0,0.015633497,0,0.00013442517,0
1,8.144822e-05,0,0.43192288,0,0.0031270727,0,0.00029781446,0,0.0003337362,0
1,1.196602e-05,0,0.5562128,1,0.99699235,1,0.99990535,1,0.29106244,0
0,2.2564052e-05,0,0.55547005,1,0.99242085,1,0.20069289,0,0.37145537,0
0,1.3263578e-05,0,0.9387203,1,0.9992564,1,0.9851874,1,0.03427032,0
0,0.002872605,0,0.39575097,0,0.9990117,1,0.99995553,1,0.99989897,1
1,8.118244e-09,0,0.5553663,1,0.40874532,0,0.0011754754,0,0.0008382708,0
0,0.9501526,1,0.5549939,1,0.017183276,0,0.9997967,1,0.0052084588,0
1,5.272881e-06,0,0.5522957,1,0.0054298034,0,0.0004243,0,0.026514383,0
1,7.968181e-06,0,0.55539864,1,0.9895526,1,0.9966262,1,0.8342027,1
0,0.99999005,1,0.56276244,1,0.0040142373,0,0.035257522,0,0.98139477,1
1,1.5246258e-08,0,0.54769623,1,0.003128357,0,0.0021369383,0,0.002726408,0
1,0.21874698,0,0.5544839,1,0.12900178,0,0.0024488075,0,0.87208265,1
0,0.99210596,1,0.5552614,1,0.007568254,0,0.99998426,1,0.90178776,1
1,0.75862277,1,0.5551955,1,0.008800468,0,0.0006722848,0,0.7030328,1
0,0.9372135,1,0.55665326,1,0.9963165,1,0.9999475,1,0.9995706,1
0,5.4371555e-12,0,0.5339527,1,0.0049765897,0,0.0008243166,0,1.8949093e-05,0
0,0.9996195,1,0.56179696,1,0.0059718885,0,0.0010989016,0,0.00026983136,0
1,1.6649283e-06,0,0.5557739,1,0.04335856,0,0.011466598,0,0.62225664,1
1,0.999772,1,0.9932797,1,0.00039600444,0,0.15276402,0,0.00066395977,0
1,0.999958,1,0.5556138,1,0.0055809775,0,0.001312765,0,0.003150305,0
1,0.98909926,1,0.55523044,1,0.99684715,1,0.9999523,1,0.9999126,1
0,0.013198497,0,0.48833486,0,0.9971134,1,0.9949181,1,0.506179,1
0,1.7924903e-06,0,0.55683684,1,0.9948164,1,0.025210276,0,0.6413034,1
1,0.62902385,1,0.5552891,1,0.9964425,1,0.998399,1,0.9900886,1
0,0.036259346,0,0.5563402,1,0.004231579,0,0.00059018563,0,0.26482996,0
1,0.9999841,1,0.7075337,1,0.00038659945,0,0.006616673,0,0.9052809,1
1,0.9999961,1,0.5558048,1,0.57145363,1,0.0019411892,0,0.9066333,1
0,0.9995504,1,0.5553673,1,0.004733679,0,0.00085203466,0,0.0004270516,0
0,0.9999811,1,0.5553296,1,0.0038644192,0,0.0074159834,0,0.31162664,0
1,0.99999964,1,0.13460855,0,0.99393463,1,0.99975157,1,0.0074028014,0
1,0.9935237,1,0.65115225,1,0.03640112,0,0.01389917,0,0.9895449,1
0,0.99983346,1,0.55594736,1,0.0039977157,0,0.0020745653,0,0.0006229601,0
0,0.9999911,1,0.99805015,1,0.9998204,1,0.9780044,1,0.9219873,1
1,0.9996175,1,0.5562177,1,0.0030693987,0,0.002147625,0,4.3972777e-05,0
1,0.9999997,1,0.5286722,1,0.33004275,0,0.99757385,1,0.65940094,1
0,9.287153e-06,0,0.5555795,1,0.99648714,1,0.99969155,1,0.9997264,1
1,0.9962503,1,0.08338808,0,0.083111726,0,0.0010662194,0,0.020765428,0
1,2.3721121e-08,0,0.55546093,1,0.9955825,1,0.9993094,1,0.7588579,1
0,0.8792098,1,0.5555444,1,0.9970546,1,0.99999535,1,0.9999527,1
1,8.958217e-08,0,0.55541,1,0.0045377137,0,0.00051367795,0,0.00046376442,0
1,0.99827176,1,0.55561006,1,0.9919859,1,0.9996223,1,0.9994532,1
1,0.9999995,1,0.009854557,0,0.0011084466,0,1.6177273e-05,0,0.0110576,0
0,0.9861354,1,0.59723747,1,0.9968908,1,0.99979514,1,0.99986315,1
0,0.36051545,0,0.999876,1,0.32817903,0,4.3778306e-05,0,0.004939009,0
0,5.5787957e-08,0,0.56842834,1,0.003116553,0,0.002984674,0,0.051883787,0
0,0.00014985913,0,0.55210596,1,0.9965514,1,0.9999654,1,0.19558148,0
1,0.32223177,0,0.5527075,1,0.0031029661,0,0.0004597311,0,0.0070827105,0
1,0.9533801,1,0.5541072,1,0.9882772,1,0.9573985,1,0.9999584,1
1,0.9999982,1,0.5556123,1,0.019771522,0,0.001362779,0,4.2887026e-05,0
0,0.1194827,0,0.5558175,1,0.003156176,0,0.0009533447,0,1.863512e-05,0
0,1.156801e-05,0,0.55636024,1,0.989267,1,0.07499806,0,0.99429137,1
0,2.0395559e-05,0,0.15035042,0,0.99844277,1,0.6460073,1,0.9997722,1
1,0.08483168,0,0.55537933,1,0.9855867,1,0.9999099,1,0.99874175,1
1,0.99993104,1,0.554818,1,0.003684555,0,0.0015323034,0,0.98873967,1
0,3.2517065e-07,0,0.55585617,1,0.006774219,0,0.0009863711,0,0.87408084,1
1,0.0012318996,0,0.5554479,1,0.28365812,0,0.9939925,1,0.32268664,0
0,4.282862e-09,0,0.22701487,0,0.99952745,1,0.9995725,1,0.98912925,1
0,0.99999356,1,0.5495802,1,0.01578544,0,0.9659334,1,0.005214698,0
1,0.9967734,1,0.5554174,1,0.99704945,1,0.99989104,1,0.9916481,1
1,0.9550934,1,0.51943153,1,0.9960895,1,0.9999916,1,0.045042366,0
0,0.9966106,1,0.5574475,1,0.0030671526,0,0.000719005,0,0.0053668576,0
1,0.94742405,1,0.55541396,1,0.006329529,0,0.0025229906,0,0.15656053,0
1,0.9999901,1,0.99443126,1,0.0030380483,0,0.0019470033,0,0.0002022476,0
1,1.7736389e-07,0,0.55414313,1,0.9966682,1,0.9997176,1,0.99864733,1
1,0.9991798,1,0.55545884,1,0.9967587,1,0.9999932,1,0.99999684,1
1,0.99498415,1,0.55542934,1,0.99601173,1,0.9997403,1,0.996945,1
0,0.9999998,1,0.5380455,1,0.0034511674,0,0.007014121,0,0.9582512,1
1,1.9544231e-08,0,0.55911994,1,0.0037038375,0,0.00177683,0,7.761414e-05,0
1,5.7330304e-08,0,0.5539268,1,0.99570787,1,0.9774229,1,0.37268645,0
1,0.999999,1,0.5549021,1,0.0042647324,0,0.42217353,0,0.60173863,1
0,0.0065233745,0,0.90868396,1,0.00020402098,0,2.4080075e-05,0,2.5515319e-05,0
0,3.9568757e-05,0,0.6499034,1,0.009684624,0,0.13776603,0,0.5117043,1
0,0.1996171,0,0.5554157,1,0.027698133,0,0.007285053,0,0.40629348,0
1,0.02090103,0,0.5554944,1,0.9950065,1,0.9999771,1,0.9968433,1
1,0.99995106,1,0.555409,1,0.025439566,0,0.99755114,1,0.9685388,1
0,0.027632242,0,0.5309168,1,0.8675954,1,0.009878017,0,0.002567843,0
0,3.367377e-08,0,0.5555126,1,0.9951811,1,0.99355,1,0.315075,0
0,0.99884397,1,0.55439657,1,0.99235374,1,0.99992144,1,0.9485687,1
0,0.00010251187,0,0.55519533,1,0.0040358263,0,0.00076327904,0,0.0019684432,0
1,3.398828e-05,0,0.55464625,1,0.005692026,0,0.7904155,1,0.97307193,1
1,0.99999154,1,0.560756,1,0.24893942,0,0.1208234,0,0.17420764,0
0,0.99842244,1,0.58164275,1,0.99665236,1,0.9999974,1,0.99791116,1
1,0.9999396,1,0.65657216,1,0.9773816,1,0.99967,1,0.993475,1
0,4.217397e-08,0,0.55537504,1,0.9935323,1,0.8342808,1,0.35626787,0
0,0.9931925,1,0.5560358,1,0.18996051,0,0.6571592,1,0.241224,0
0,0.99999934,1,0.54294175,1,0.0002699361,0,1.610422e-05,0,0.0001362433,0
1,6.63594e-10,0,0.99018335,1,0.9998465,1,0.9999987,1,0.99976045,1
1,0.15995866,0,0.56829816,1,0.9963396,1,0.014156719,0,0.0023280208,0
1,2.5513547e-08,0,0.55537707,1,0.9694204,1,0.16636784,0,0.38211507,0
0,0.00082747213,0,0.5553834,1,0.011269195,0,0.98192745,1,0.9986305,1
1,0.21453294,0,0.56205165,1,0.9868363,1,0.6466181,1,0.9999911,1
1,0.49620485,0,0.5550239,1,0.03304617,0,0.99968797,1,0.14716625,0
0,0.9999613,1,0.55316263,1,0.0030839497,0,0.00071608514,0,5.9839807e-05,0
0,0.9999957,1,0.5554708,1,0.3485311,0,0.9975323,1,0.9999486,1
1,1.0050528e-06,0,0.56356424,1,0.98852515,1,0.02116199,0,3.9491737e-05,0
1,0.99992335,1,0.55558205,1,0.92236114,1,0.0012395119,0,0.26730245,0
0,0.40703338,0,0.5553459,1,0.9926363,1,0.03840406,0,0.0070834155,0
1,0.9924552,1,0.54779714,1,0.0030682604,0,0.00066233356,0,1.1325686e-05,0
0,1.5848746e-05,0,0.5523557,1,0.0066027017,0,0.937092,1,0.00088753767,0
1,0.7475216,1,0.5556131,1,0.0070632477,0,0.0009230935,0,0.5907895,1
0,8.686058e-06,0,0.5570597,1,0.004845738,0,0.99944204,1,0.004807853,0
0,1.5516247e-05,0,0.0055731316,0,0.011776165,0,0.0067997086,0,0.021798562,0
1,0.10869778,0,0.93648094,1,0.99978566,1,0.9999602,1,0.9973976,1
1,2.3243286e-08,0,0.5553318,1,0.89895123,1,0.9999671,1,0.26652026,0
1,0.00014520301,0,0.55541456,1,0.99502844,1,0.99931306,1,0.47946408,0
0,0.9774155,1,0.5555417,1,0.99515796,1,0.9992445,1,0.99933964,1
0,7.1158546e-09,0,0.5555697,1,0.0036771898,0,0.16326435,0,0.8229727,1
1,1.0523383e-06,0,0.5552447,1,0.0030950687,0,0.0004258735,0,5.9537656e-06,0
1,9.0397e-11,0,0.55535555,1,0.20955755,0,0.55507606,1,0.98209906,1
1,0.19694842,0,0.5574858,1,0.9969903,1,0.99982077,1,0.99993545,1
0,0.8814736,1,0.55546486,1,0.04716857,0,0.2799491,0,0.00097184745,0
1,0.00033077743,0,0.55541503,1,0.9931506,1,0.99472666,1,0.9986883,1
1,0.749519,1,0.5541196,1,0.003663526,0,0.9998307,1,0.34569523,0
1,0.99999976,1,0.9997507,1,0.006250384,0,0.11628477,0,0.0013920707,0
0,0.9895562,1,0.55540407,1,0.0032455467,0,0.0007299156,0,0.28965843,0
1,0.0011226048,0,0.7044773,1,0.9998106,1,0.99999964,1,0.7773176,1
0,3.628558e-07,0,0.5563799,1,0.0065643466,0,0.001740337,0,0.1414495,0
1,0.9999724,1,0.9066565,1,0.9795527,1,0.014419661,0,0.9994264,1
1,0.30779108,0,0.5557896,1,0.9970673,1,0.9999861,1,0.99936426,1
0,1.2717338e-05,0,0.5554431,1,0.996752,1,0.9998961,1,0.9964217,1
0,1.4128094e-09,0,0.5553755,1,0.0033344608,0,0.0018398473,0,6.718187e-05,0
0,3.5380365e-09,0,0.5556062,1,0.996159,1,0.99974155,1,0.98960686,1
1,1.0,1,0.55540645,1,0.005061351,0,0.00053761614,0,0.0024441597,0
1,1.4246376e-07,0,0.55962557,1,0.0033250751,0,0.884524,1,0.1154226,0
0,8.924516e-09,0,0.55595917,1,0.90371007,1,0.99982226,1,0.0068003186,0
1,0.9998955,1,0.5551533,1,0.043779597,0,0.016847748,0,0.014621035,0
1,5.672007e-07,0,0.55397075,1,0.9921197,1,0.9981784,1,0.8740697,1
1,0.017970113,0,0.9948618,1,0.0016565712,0,9.339317e-07,0,0.008352324,0
1,0.9535096,1,0.5554676,1,0.9160447,1,0.96475047,1,0.021320352,0
0,1.1217518e-06,0,0.5556705,1,0.560738,1,0.9999436,1,0.00041215782,0
1,0.96090305,1,0.5554905,1,0.5244327,1,0.34975624,0,0.013402247,0
1,0.0008331575,0,0.5555608,1,0.99703956,1,0.99993205,1,0.8999513,1
0,8.245252e-07,0,0.55525804,1,0.09429244,0,0.99727833,1,0.96816945,1
1,1.6212876e-08,0,0.5554018,1,0.0058919033,0,0.9967937,1,0.044626642,0
0,0.11073128,0,0.55540156,1,0.03187771,0,0.2851252,0,0.98462695,1
0,0.9995779,1,0.55534697,1,0.995302,1,0.9993233,1,0.99766123,1
0,0.99966437,1,0.55522096,1,0.9907371,1,0.99166477,1,0.8939883,1
0,1.8346268e-06,0,0.5523933,1,0.9961419,1,0.99972427,1,0.9986605,1
1,3.1023625e-08,0,0.551399,1,0.0032417576,0,0.00779506,0,0.0074723307,0
0,0.06363366,0,0.5565316,1,0.023956237,0,0.029015498,0,0.9983221,1
1,9.325903e-06,0,0.4348579,0,0.0029997088,0,0.00013475756,0,0.00012988399,0
0,0.9999996,1,0.55580735,1,0.0039530317,0,0.0013135342,0,0.00017138821,0
0,0.99999684,1,0.55545133,1,0.0071667004,0,0.9985263,1,0.034486223,0
1,0.030935034,0,0.55399346,1,0.98844796,1,0.96664387,1,0.022159226,0
1,0.14007257,0,0.5552001,1,0.9970415,1,0.9999598,1,0.99992144,1
0,7.02639e-07,0,0.8318421,1,0.005015228,0,0.8826311,1,0.0019222704,0
0,0.002784284,0,0.55550903,1,0.07083359,0,0.004688197,0,0.22137192,0
1,2.3735536e-10,0,0.5554463,1,0.1358414,0,0.9981444,1,0.96836895,1
0,6.27236e-08,0,0.5546109,1,0.005345497,0,0.0013399239,0,0.055061486,0
0,0.9997416,1,0.5622065,1,0.9954163,1,0.99995947,1,0.9878882,1
1,0.99999994,1,0.55538607,1,0.18231225,0,0.9990201,1,0.5091893,1
0,8.976618e-05,0,0.55538267,1,0.29337946,0,0.99993515,1,0.13915534,0
1,9.463482e-05,0,0.42823514,0,0.15025736,0,0.9986592,1,0.9975935,1
0,0.003141727,0,0.5578163,1,0.023079079,0,0.0037101444,0,0.93734664,1
0,1.5548764e-09,0,0.55300796,1,0.99642706,1,0.9998857,1,0.9977244,1
1,0.99977726,1,0.5550822,1,0.99099547,1,0.9961456,1,0.9995309,1
1,3.8405706e-06,0,0.5562193,1,0.9942643,1,0.99998355,1,0.9979208,1
0,9.618183e-06,0,0.55560017,1,0.99320126,1,0.09653861,0,0.03970428,0
1,0.0047935904,0,0.5557039,1,0.004151717,0,0.013943274,0,0.00026767235,0
0,1.8454903e-08,0,0.5555219,1,0.003236929,0,0.00041524516,0,0.029977808,0
1,2.730912e-06,0,0.9999042,1,0.009707251,0,9.31208e-10,0,0.628922,1
1,4.503406e-07,0,0.55520505,1,0.99603665,1,0.9969513,1,0.009381699,0
0,0.9999965,1,0.5530573,1,0.97965914,1,0.13127461,0,0.9960221,1
0,1.0,1,0.5496398,1,0.9969009,1,0.9999962,1,0.99948055,1
0,5.1289528e-05,0,0.55539316,1,0.99550265,1,0.99959147,1,0.99941975,1
0,0.094537444,0,0.55539757,1,0.0055478765,0,0.0025057003,0,0.00072212674,0
1,1.0888207e-05,0,0.5554209,1,0.0033014752,0,0.0006481847,0,0.026688129,0
0,1.0599935e-05,0,0.55331224,1,0.9946812,1,0.99997675,1,0.0287027,0
1,4.8332205e-09,0,0.5583759,1,0.305501,0,0.022377172,0,0.0068206955,0
0,9.186162e-06,0,0.55548835,1,0.7652079,1,0.061794817,0,0.10692316,0
1,0.99999934,1,0.55458045,1,0.8314947,1,0.0031619302,0,0.088606805,0
0,0.9999703,1,0.38871762,0,0.006231046,0,0.0021039217,0,0.00015555636,0
1,4.1962207e-09,0,0.56173325,1,0.9943958,1,0.003078432,0,0.78915215,1
1,3.069901e-06,0,0.61393034,1,0.0077724075,0,0.00047488484,0,0.00031355125,0
1,1.1164178e-06,0,0.55449116,1,0.9911599,1,0.9999329,1,0.99994576,1
1,3.2165893e-08,0,0.5930374,1,0.0060691233,0,0.99879426,1,0.0016666356,0
0,1.2174072e-06,0,0.5554087,1,0.9954844,1,0.99999213,1,0.9997114,1
1,1.2101889e-08,0,0.5541447,1,0.9969017,1,0.99998635,1,0.9479029,1
1,0.9998671,1,0.5553759,1,0.0122655695,0,0.00045822625,0,0.95470095,1
1,0.07837069,0,0.50117576,1,0.00057851564,0,3.5277225e-07,0,0.0031875155,0
1,0.9835494,1,0.5553212,1,0.00414349,0,0.0020901635,0,0.0014915704,0
0,3.8276042e-08,0,0.55585015,1,0.9970196,1,0.9999614,1,0.99988604,1
0,0.99999714,1,0.5554348,1,0.9859928,1,0.9639039,1,0.058787894,0
1,0.71882296,1,0.55545014,1,0.9969413,1,0.99974,1,0.6837829,1
1,0.99996036,1,0.54980385,1,0.00703041,0,0.0006936512,0,8.7711676e-05,0
0,0.99995416,1,0.56643313,1,0.83515525,1,0.9991332,1,0.99564826,1
1,0.9998743,1,0.5550346,1,0.9961735,1,0.9999923,1,0.99997246,1
0,1.842104e-07,0,0.5548634,1,0.0030793645,0,0.00036136052,0,9.1944254e-05,0
0,0.00057785166,0,0.5548614,1,0.0048242034,0,0.031223567,0,0.0001500437,0
1,0.9999766,1,0.5548452,1,0.99684954,1,0.9999034,1,0.99995697,1
0,0.00011809701,0,0.5547468,1,0.003632478,0,0.2999101,0,0.2464236,0
1,5.431732e-09,0,0.55218434,1,0.0030818349,0,0.00047754077,0,0.014389468,0
1,6.1336916e-12,0,0.81955284,1,0.00037693133,0,0.9999848,1,0.0011084118,0
1,0.7592075,1,0.55610186,1,0.03472006,0,0.979163,1,0.98910767,1
1,0.99480635,1,0.55558234,1,0.9966768,1,0.9999886,1,0.9924211,1
1,0.96923274,1,0.5545354,1,0.9970217,1,0.9998188,1,0.9998722,1
0,0.15329948,0,0.5553472,1,0.009237305,0,0.99984926,1,0.96425366,1
1,7.798041e-05,0,0.55524373,1,0.99299526,1,0.999789,1,0.2913474,0
0,0.9999183,1,0.1337599,0,9.29305e-05,0,7.0778606e-06,0,0.00032620368,0
1,0.99995935,1,0.5553896,1,0.0031923929,0,0.0007682566,0,0.010957482,0
1,0.9983405,1,0.5553974,1,0.004462582,0,0.00932629,0,6.662465e-05,0
1,0.9997425,1,0.5554014,1,0.009426343,0,0.0013561619,0,0.9426302,1
1,0.9999967,1,0.55102634,1,0.025134992,0,0.9995666,1,0.9963384,1
1,1.0,1,0.55529577,1,0.009078344,0,0.0005063159,0,0.0011668494,0
0,5.075916e-09,0,0.55715275,1,0.0031985263,0,0.012027486,0,0.020352874,0
1,0.0010632615,0,0.5655349,1,0.0038086153,0,0.0007480635,0,3.6361103e-06,0
0,1.0469046e-07,0,0.55534256,1,0.46429515,0,0.99990255,1,0.98456556,1
0,1.0,1,0.555314,1,0.99411374,1,0.99982214,1,0.99992025,1
0,2.0504622e-06,0,0.55506057,1,0.0034616152,0,0.008697726,0,7.495185e-05,0
1,0.9805558,1,0.55536056,1,0.006380314,0,0.9817638,1,0.15075348,0
0,0.00013929074,0,0.5554171,1,0.70961183,1,0.8727455,1,0.1990086,0
0,0.026442952,0,0.55907637,1,0.9967987,1,0.9999805,1,0.99792486,1
0,4.9781393e-06,0,0.5576751,1,0.0039816536,0,0.012233654,0,0.00542089,0
0,2.8908037e-06,0,0.5514112,1,0.8026366,1,0.9996942,1,0.999767,1
1,0.99999696,1,0.5553858,1,0.006111342,0,0.000929392,0,0.11668359,0
1,2.657641e-09,0,0.00049938966,0,0.0027326094,0,0.00025834856,0,0.0062697725,0
1,3.7021417e-09,0,0.55559283,1,0.00613176,0,0.0023349787,0,6.437539e-05,0
1,6.4599725e-08,0,0.5554688,1,0.009498168,0,0.0006885666,0,0.0008483615,0
1,0.42630926,0,0.974348,1,0.00018392163,0,2.6910162e-05,0,0.041241933,0
0,0.108357005,0,0.5553886,1,0.0040258975,0,0.002003068,0,0.00487594,0
1,5.5428314e-05,0,0.5526755,1,0.0077390303,0,0.9988275,1,0.4640464,0
1,0.9999999,1,0.5473077,1,0.97895265,1,0.99999213,1,0.9170512,1
1,0.5353202,1,0.5553954,1,0.0071270363,0,0.0061740433,0,0.19358447,0
0,0.5082858,1,0.885234,1,0.00097240636,0,0.00025134877,0,0.0041087978,0
1,0.99999946,1,0.25355795,0,0.018466031,0,0.9947848,1,0.5179448,1
1,2.1912669e-10,0,0.55529344,1,0.99575025,1,0.9945474,1,0.9995495,1
1,0.99998933,1,0.55490994,1,0.0031006944,0,0.0011447154,0,8.77656e-06,0
0,5.1882107e-05,0,0.5553722,1,0.9881031,1,0.9996016,1,0.99893874,1
1,0.9999999,1,0.556653,1,0.0038755569,0,0.004078067,0,0.54540265,1
1,0.9304897,1,0.5568091,1,0.9970616,1,0.99928015,1,0.77290124,1
0,3.7888705e-05,0,0.555475,1,0.99677235,1,0.99917054,1,0.9834071,1
1,8.2423295e-09,0,0.55543417,1,0.0032881966,0,0.00064335554,0,0.007955057,0
0,0.99264,1,0.5572609,1,0.9966748,1,0.99997616,1,0.9996716,1
0,0.0041582733,0,0.5590099,1,0.051692605,0,0.0014235663,0,8.071624e-05,0
0,4.2906066e-08,0,0.55553657,1,0.013482062,0,0.008394533,0,0.0014757043,0
0,3.2584774e-07,0,0.3418268,0,0.503468,1,0.9619265,1,0.758581,1
1,0.99999493,1,0.5583674,1,0.10603492,0,0.9158402,1,0.56215847,1
0,0.999876,1,0.55507225,1,0.059687532,0,0.002675371,0,0.97217345,1
1,0.99765694,1,0.5553941,1,0.99551094,1,0.33041802,0,0.010681645,0
1,1.2007434e-06,0,0.53834456,1,0.99983734,1,0.9999992,1,0.9992113,1
1,0.9999603,1,0.5556971,1,0.9947119,1,0.8580823,1,0.9998129,1
0,0.00010926336,0,0.55544215,1,0.00669134,0,0.002266081,0,0.0039167837,0
0,0.9992747,1,0.5554475,1,0.13732196,0,0.17050844,0,0.9999089,1
1,4.9926617e-05,0,0.55547786,1,0.0031376502,0,0.0015141987,0,0.00056207663,0
1,0.99992484,1,0.5636714,1,0.9970214,1,0.05005691,0,0.0038417026,0
0,5.4246593e-06,0,0.55529696,1,0.004432353,0,0.9773902,1,0.9923623,1
1,0.74309474,1,0.555271,1,0.9847934,1,0.99966574,1,0.9998186,1
0,0.82879275,1,0.55543554,1,0.003589478,0,0.0027463455,0,0.7727675,1
0,0.9999448,1,0.55549085,1,0.01970018,0,0.0023176775,0,0.00010825996,0
1,0.0069758524,0,0.5549173,1,0.006958849,0,0.0018620951,0,0.003951951,0
1,0.96713924,1,0.020244395,0,0.9985339,1,2.5611112e-07,0,0.023479654,0
0,0.029775241,0,0.5555054,1,0.046158854,0,0.9207774,1,0.9996758,1
0,1.9312266e-07,0,0.9974101,1,0.0028930933,0,0.0033108941,0,0.93319213,1
0,6.6572607e-06,0,0.99121827,1,0.15991552,0,0.0032556786,0,0.9820015,1
1,4.6871037e-07,0,0.53535044,1,0.99198604,1,0.014739129,0,0.9952749,1
0,4.355629e-09,0,0.5565573,1,0.34214297,0,0.98642087,1,0.9879101,1
1,0.04645959,0,0.55531293,1,0.0033646899,0,0.0034153971,0,0.20393799,0
1,0.6556318,1,0.55601865,1,0.0036075138,0,0.9993059,1,0.0001495445,0
1,0.015484626,0,0.5565679,1,0.0038748777,0,0.026992345,0,0.43583176,0
1,1.8494285e-07,0,0.55550086,1,0.3454239,0,0.00092534424,0,0.006730382,0
1,0.0013440105,0,0.55541146,1,0.97742873,1,0.9975616,1,0.3822345,0
1,0.9999616,1,0.5554093,1,0.00423555,0,0.055909485,0,0.023768011,0
1,0.8335315,1,0.55598027,1,0.9821431,1,0.0008251049,0,0.26038063,0
1,2.929351e-06,0,0.5540668,1,0.9892963,1,0.9996298,1,0.9988665,1
1,4.8450977e-07,0,0.46597314,0,0.00022751164,0,2.2497462e-08,0,0.06323817,0
1,3.6717465e-10,0,0.55540496,1,0.009344747,0,0.0011479635,0,0.024090482,0
0,1.5523228e-12,0,0.4417369,0,0.99715173,1,0.9999751,1,0.9999754,1
0,0.9999249,1,0.55842453,1,0.99671924,1,0.0134408185,0,0.9942044,1
1,1.280322e-06,0,0.55442154,1,0.026749995,0,0.0031053054,0,0.9999537,1
1,0.98605895,1,0.55435854,1,0.9970045,1,0.99999,1,0.9154032,1
1,0.62736744,1,0.5607947,1,0.008724478,0,0.0014521145,0,0.00020794787,0
0,0.99998003,1,0.56886965,1,0.0058668684,0,0.0031095592,0,0.008973261,0
1,0.997141,1,0.103716195,0,0.99992085,1,0.9999975,1,0.99708164,1
0,0.9999573,1,0.55558425,1,0.0039007715,0,0.0061468524,0,0.00961159,0
0,2.0572406e-05,0,0.55539167,1,0.73035544,1,0.99915427,1,0.0021997753,0
0,0.003869797,0,0.55555576,1,0.9952872,1,0.9998518,1,0.0009493687,0
0,0.013371689,0,0.55566514,1,0.9970661,1,0.99999565,1,0.99510187,1
0,7.863731e-06,0,0.5551489,1,0.008052929,0,0.0015866752,0,0.59958214,1
1,4.3618845e-11,0,0.5546417,1,0.99703014,1,0.9976818,1,0.9971183,1
0,0.9999986,1,0.5558949,1,0.9963823,1,0.9996067,1,0.98715025,1
1,3.9060797e-06,0,0.55547,1,0.008159229,0,0.0016473305,0,0.93289554,1
0,1.0,1,0.556153,1,0.0031044225,0,0.0007860848,0,0.00019584919,0
1,0.0018984617,0,0.55540407,1,0.008252256,0,0.0006456575,0,0.0017520116,0
1,0.9999969,1,0.7657036,1,0.0010081816,0,0.9998405,1,0.88967234,1
0,0.003817699,0,0.555398,1,0.00444944,0,0.0029985919,0,0.02770814,0
0,0.9983048,1,0.55536103,1,0.9519657,1,0.21880989,0,0.0022850893,0
0,0.10468045,0,0.555409,1,0.0061957235,0,0.033172514,0,0.13815446,0
0,8.202657e-06,0,0.5638305,1,0.99701685,1,0.9999804,1,0.99978083,1
0,0.9165073,1,0.5554529,1,0.004675396,0,0.90179455,1,0.9930901,1
1,0.0015232142,0,0.55541354,1,0.7590645,1,0.9941418,1,0.99214536,1
0,2.3361497e-07,0,0.55537075,1,0.049635552,0,0.92349625,1,0.99054027,1
1,0.999743,1,0.55537844,1,0.064933196,0,0.10311253,0,0.026135074,0
0,0.83017033,1,0.54654264,1,0.9631083,1,0.9998889,1,0.8790553,1
0,0.9998805,1,0.55359435,1,0.9874754,1,0.87964904,1,0.99687713,1
0,8.61203e-06,0,0.55532104,1,0.87521064,1,0.999717,1,0.9959806,1
1,5.952007e-13,0,0.55530876,1,0.9955536,1,0.9063597,1,0.7117334,1
0,0.00065386563,0,0.8890742,1,0.9959558,1,0.9995207,1,0.0042681913,0
1,0.9999386,1,0.54055375,1,0.0037153952,0,0.001988745,0,0.0052922308,0
0,0.99999964,1,0.5556121,1,0.0032557822,0,0.016256223,0,0.039446678,0
1,0.9999767,1,0.96266615,1,0.00073180516,0,0.009667842,0,0.00019177492,0
0,0.89053595,1,0.55545986,1,0.36701393,0,0.0032888984,0,0.07115122,0
0,1.3734703e-08,0,0.55648845,1,0.0034747778,0,0.0013927781,0,0.0004809968,0
1,1.0,1,0.555338,1,0.48616883,0,0.9992975,1,0.9996386,1
0,0.31117284,0,0.55712295,1,0.022637641,0,0.009340931,0,0.21157487,0
1,0.96457255,1,0.5553675,1,0.13997439,0,0.2720097,0,0.001053203,0
1,0.00039024508,0,0.55529284,1,0.0035202752,0,0.0009957848,0,0.00070895476,0
1,0.9999986,1,0.55571014,1,0.003116846,0,0.00096931093,0,0.005999235,0
0,0.085653946,0,0.55474967,1,0.9970072,1,0.9999608,1,0.08171581,0
1,1.7503712e-06,0,0.5556815,1,0.99658793,1,0.9998838,1,0.81449294,1
0,0.9796323,1,0.777341,1,0.0030743168,0,0.00022383212,0,0.0002281279,0
1,0.99990666,1,0.5581039,1,0.0052662073,0,0.09631786,0,0.012576903,0
0,4.065131e-07,0,0.5551463,1,0.03041257,0,0.027595637,0,0.9955595,1
1,0.9785349,1,0.55511785,1,0.006694218,0,0.0006668508,0,0.7243231,1
0,0.962357,1,0.5554688,1,0.009857923,0,0.0031671042,0,0.22735032,0
1,0.0011134858,0,0.55988413,1,0.8289953,1,0.00079872215,0,0.9914654,1
0,0.2776103,0,0.5553282,1,0.0032073073,0,0.0005497318,0,2.0916805e-05,0
0,0.0032675234,0,0.55527765,1,0.003291621,0,0.0011285815,0,0.0014359072,0
1,1.6188424e-07,0,0.55603534,1,0.9373635,1,0.00279,0,0.03373203,0
0,0.99999744,1,0.5557683,1,0.9965622,1,0.99997354,1,0.9998146,1
0,0.9998009,1,0.0033654831,0,0.00014510115,0,0.00013909867,0,0.0015887939,0
1,0.00011106016,0,0.5560705,1,0.99367505,1,0.9831653,1,0.05330169,0
1,0.9999846,1,0.9410774,1,0.9814186,1,0.047565516,0,0.6570373,1
1,3.7238537e-10,0,0.5553881,1,0.005492864,0,0.0013215481,0,0.18854697,0
0,0.061539598,0,0.5538811,1,0.0038293062,0,0.03482762,0,0.39150146,0
1,2.4932967e-06,0,0.36905634,0,0.0002407039,0,5.623787e-05,0,6.878871e-05,0
1,0.0013266898,0,0.5212383,1,0.0005914504,0,0.00078244787,0,3.9639523e-05,0
1,0.9784735,1,0.5380006,1,0.99697167,1,0.99964863,1,0.9997381,1
1,0.0008255858,0,0.11933726,0,0.0007036973,0,0.01118859,0,0.61384046,1
1,0.99997985,1,0.67941487,1,0.9998466,1,0.99963033,1,0.96645594,1
0,3.13475e-08,0,0.5549666,1,0.0037663854,0,0.18777041,0,0.0809481,0
1,0.9999047,1,0.5540981,1,0.9966102,1,0.99938846,1,0.20970702,0
0,0.0048024016,0,0.55517346,1,0.99705213,1,0.99999,1,0.9999224,1
1,0.53814846,1,0.55477387,1,0.31899548,0,0.06648581,0,0.8406852,1
0,8.062698e-07,0,0.55538875,1,0.0925629,0,0.62575233,1,0.9983205,1
1,3.813951e-10,0,0.5555338,1,0.09256719,0,0.99879074,1,0.0033566898,0
0,1.3616473e-07,0,0.5565422,1,0.9963224,1,0.99990404,1,0.9986884,1
1,0.00031655456,0,0.5555004,1,0.9100182,1,0.026220046,0,0.0051158294,0
1,0.9801091,1,0.6686147,1,0.99945885,1,0.9994878,1,0.99594796,1
1,1.1365256e-06,0,0.6136304,1,0.99990773,1,0.9170298,1,0.0020645694,0
1,0.0014550054,0,0.005011401,0,0.99858123,1,0.99997884,1,0.99016255,1
1,0.99998504,1,0.96916616,1,0.0001694041,0,1.5450711e-08,0,0.00024062888,0
0,0.15958017,0,0.554168,1,0.9895184,1,0.019791964,0,0.9511738,1
1,6.127017e-05,0,0.9645409,1,0.0031009845,0,0.0002086251,0,0.2634705,0
1,0.0033446818,0,0.13766684,0,0.56257015,1,0.00033083133,0,0.35232863,0
1,4.6084426e-07,0,0.555417,1,0.01687569,0,0.0013065642,0,0.00092735013,0
0,1.9979652e-11,0,0.5074425,1,0.9959715,1,0.9967449,1,0.9863874,1
1,0.9999979,1,0.5558388,1,0.0039047175,0,0.052520107,0,0.029027442,0
1,1.7632e-09,0,0.5557308,1,0.058271784,0,0.0020035238,0,0.011186555,0
0,1.1961225e-06,0,0.5571844,1,0.004084528,0,0.0030862393,0,0.008433056,0
1,0.9999999,1,0.5706339,1,0.004194515,0,0.00071778084,0,0.022467444,0
1,0.0070648473,0,0.5553536,1,0.996695,1,0.32257256,0,0.9999075,1
1,1.5261525e-05,0,0.6831092,1,0.0001986725,0,9.532588e-05,0,0.24657919,0
0,0.9999967,1,0.5552356,1,0.9939268,1,0.99962634,1,0.9998783,1
0,4.5260713e-06,0,0.5571641,1,0.0034713522,0,0.82421744,1,0.0003111932,0
1,0.06652574,0,0.5551401,1,0.0034047067,0,0.00038766034,0,6.47136e-05,0
0,0.9999901,1,0.045814093,0,0.4337068,0,0.96737826,1,0.99968946,1
0,0.9999919,1,0.5553951,1,0.9920797,1,0.9963454,1,0.9971196,1
1,1.0,1,0.9979361,1,0.9995407,1,0.9997213,1,0.999848,1
0,0.99998194,1,0.99971175,1,0.52639896,1,0.00015109939,0,0.9818182,1
0,1.0,1,0.08871571,0,0.9911015,1,0.99973243,1,0.36219844,0
1,0.9999986,1,0.555409,1,0.0034903218,0,0.0047697723,0,0.11674108,0
1,0.99996793,1,0.9372153,1,0.99550045,1,0.999798,1,0.99471503,1
1,1.3742061e-07,0,0.5555767,1,0.0070833545,0,0.0006987854,0,0.66923547,1
1,4.5504818e-09,0,0.5548205,1,0.39351103,0,0.094753996,0,0.00014454917,0
0,2.4850657e-08,0,0.55558854,1,0.003635327,0,0.89577675,1,0.9929912,1
0,0.9993467,1,0.5553285,1,0.014325868,0,0.192604,0,0.034142505,0
1,0.0033112355,0,0.5554089,1,0.008421353,0,0.9584045,1,0.00063849054,0
0,1.11093845e-08,0,0.55699867,1,0.98999745,1,0.99998116,1,0.99374396,1
0,0.9002971,1,0.55599654,1,0.048448518,0,0.0046952805,0,0.9468892,1
1,0.80573887,1,0.5551496,1,0.0041848007,0,0.9580448,1,0.004029256,0
0,2.2379845e-09,0,0.55232143,1,0.9967211,1,0.9994951,1,0.11701265,0
1,0.009008315,0,0.5553504,1,0.23284182,0,0.5518222,1,0.16125508,0
1,0.0054565566,0,0.5554025,1,0.006869186,0,0.00045012851,0,0.0013532282,0
1,0.9999162,1,0.014702439,0,0.0035664733,0,2.003766e-05,0,5.302034e-05,0
0,5.707352e-07,0,0.5554103,1,0.9965595,1,0.99995416,1,0.98819715,1
0,7.498273e-08,0,0.5556656,1,0.9969259,1,0.9999931,1,0.9999852,1
0,1.871573e-05,0,0.55164015,1,0.0034959433,0,0.06338352,0,0.87125134,1
0,0.99389833,1,0.5553673,1,0.51761836,1,0.010626995,0,0.07929488,0
1,1.2341091e-07,0,0.5587879,1,0.0031065703,0,0.00046882548,0,0.005915548,0
0,0.9947395,1,0.5554301,1,0.0035902155,0,0.000714407,0,0.0012092226,0
1,2.3409147e-08,0,0.5550661,1,0.007162488,0,0.008467243,0,0.0038855928,0
1,0.9999996,1,0.5552835,1,0.996925,1,0.9996031,1,0.9896818,1
0,0.7124279,1,0.4574732,0,0.9952738,1,0.0060641775,0,0.99952686,1
1,1.04790915e-05,0,0.55553675,1,0.0030892673,0,0.00045898362,0,0.0047780615,0
1,0.99931395,1,0.55472493,1,0.99554205,1,0.88756883,1,0.96828794,1
1,0.004956983,0,0.5571625,1,0.9949356,1,0.9994096,1,0.9999461,1
1,3.2259356e-06,0,0.99712133,1,0.99771655,1,0.9999445,1,0.9994971,1
1,0.0019898969,0,0.55253917,1,0.003072904,0,0.00036991018,0,8.703248e-06,0
0,1.5960907e-09,0,0.55546886,1,0.98734593,1,0.9999353,1,0.019951066,0
1,0.9999605,1,0.555534,1,0.0035084947,0,0.0013788723,0,1.1255011e-05,0
1,0.9839885,1,0.55537534,1,0.0046626567,0,0.0069552744,0,0.6655624,1
0,0.9965178,1,0.4462074,0,0.0030770074,0,0.0014083706,0,2.342717e-05,0
0,0.9999999,1,0.5553353,1,0.98988086,1,0.2604581,0,0.08243539,0
0,0.97930896,1,0.5552274,1,0.07897827,0,0.8591414,1,0.9919528,1
1,0.99999857,1,0.55515426,1,0.0047858637,0,0.611708,1,0.9937587,1
0,0.99801195,1,0.55513245,1,0.9969238,1,0.99998564,1,0.9999715,1
0,0.9978651,1,0.55663145,1,0.0030704013,0,0.00055500556,0,4.5320967e-06,0
0,5.2523514e-08,0,0.5554197,1,0.0047015664,0,0.0007598373,0,0.08631896,0
0,0.94220996,1,0.546694,1,0.004559027,0,0.0011690201,0,0.00041952037,0
0,8.0463906e-08,0,0.556786,1,0.012685374,0,0.9089766,1,0.9998839,1
0,1.7654964e-06,0,0.5552428,1,0.0037816635,0,0.0010263876,0,5.528151e-05,0
0,0.00026994848,0,0.54963875,1,0.7396753,1,0.14098014,0,4.5469744e-05,0
1,0.33882222,0,0.5552166,1,0.28545988,0,0.98900336,1,0.010538929,0
1,0.99951077,1,0.31398612,0,0.00014180105,0,0.5313209,1,0.9972301,1
0,0.99998724,1,0.55505323,1,0.9868011,1,0.99933416,1,0.9739546,1
1,9.6206595e-06,0,0.55519646,1,0.0030938652,0,0.0004373845,0,0.00011091199,0
1,0.979524,1,0.99900913,1,0.9995936,1,0.9999836,1,0.21017635,0
1,0.9998046,1,0.5557102,1,0.0033628575,0,0.43623737,0,0.0014255084,0
1,9.520699e-10,0,0.55695844,1,0.003861652,0,0.28614813,0,3.2193413e-05,0
1,0.0002206968,0,0.7060734,1,0.99839693,1,0.9995031,1,0.99584985,1
1,0.99877375,1,0.5554232,1,0.10229389,0,0.00097159983,0,0.0047113183,0
0,0.9994909,1,0.5553513,1,0.9887702,1,0.99991506,1,0.97150636,1
0,0.9999503,1,0.555878,1,0.99346834,1,0.002661974,0,0.9444971,1
0,2.6083808e-06,0,0.5548679,1,0.98993325,1,0.99622166,1,0.00028356822,0
1,0.9973957,1,0.55254185,1,0.0038646352,0,0.0004849995,0,0.00016934451,0
1,0.9536945,1,0.7832514,1,0.9998714,1,0.9999985,1,0.13631758,0
1,0.9999876,1,0.55545074,1,0.99675965,1,0.008655335,0,0.9987153,1
0,0.9999999,1,0.001835377,0,0.9995549,1,0.9999091,1,0.34532553,0
0,0.00011844965,0,0.55530614,1,0.014686656,0,0.002743347,0,0.00013274064,0
0,4.07009e-06,0,0.5943007,1,0.093242764,0,0.99972236,1,0.00191372,0
1,0.99998367,1,0.5553689,1,0.9940095,1,0.99998164,1,0.9984088,1
0,9.259704e-07,0,0.55529696,1,0.9870576,1,0.45908713,0,0.07855188,0
0,0.99999833,1,0.5554016,1,0.0033073113,0,0.00087080256,0,1.634533e-06,0
0,1.5808425e-08,0,0.5566039,1,0.003488647,0,0.0003724129,0,0.00022257482,0
1,0.037120573,0,0.55524886,1,0.9604124,1,0.9995879,1,0.0095791435,0
0,0.00036658708,0,0.02199326,0,0.99732894,1,0.99995583,1,0.69915736,1
1,0.99994224,1,0.5556019,1,0.9737473,1,0.0018945922,0,0.049662333,0
0,6.1188024e-09,0,0.5555612,1,0.0030910473,0,0.0005692041,0,0.0003885403,0
0,2.205399e-08,0,0.93492556,1,0.9833244,1,0.99999493,1,0.42804858,0
1,0.95810854,1,0.55535865,1,0.004952013,0,0.0004979951,0,0.9462154,1
1,0.999999,1,0.9936236,1,0.9997347,1,0.37916365,0,0.008408851,0
1,0.0008928117,0,0.5549857,1,0.0034855301,0,0.97532874,1,0.99953765,1
0,0.8766122,1,0.0068248315,0,0.8691054,1,0.9826839,1,0.9959128,1
0,4.132913e-07,0,0.55251247,1,0.0078343665,0,0.9809093,1,0.028307315,0
0,0.040470492,0,0.5554781,1,0.1102911,0,0.99733967,1,0.98708785,1
0,6.123186e-11,0,0.5564511,1,0.9969843,1,0.9999664,1,0.9991374,1
1,0.55095357,1,0.5556367,1,0.010111617,0,0.0055709598,0,0.012881942,0
0,0.65723217,1,0.5558883,1,0.9851739,1,0.99988115,1,0.9977641,1
0,0.04338223,0,0.9030511,1,0.98901105,1,0.99632585,1,0.011499547,0
0,0.9999869,1,0.55528504,1,0.0054992507,0,0.0031804459,0,0.09958932,0
0,2.2587841e-05,0,0.55543673,1,0.021473026,0,0.00092012464,0,0.0009555626,0
1,0.00022753337,0,0.5555861,1,0.010555586,0,0.1557235,0,0.015366467,0
0,0.91183233,1,0.5015007,1,0.99637157,1,0.9981036,1,0.031561524,0
0,0.999582,1,0.55519354,1,0.0057165506,0,0.9944494,1,0.0011780574,0
0,0.00039913948,0,0.55542994,1,0.25139406,0,0.98476017,1,0.9974221,1
0,1.1871457e-09,0,0.20240839,0,0.0022012012,0,0.002003217,0,0.009582746,0
1,0.99996287,1,0.55538,1,0.0042761024,0,0.0005679791,0,0.013700956,0
1,0.6629247,1,0.5556715,1,0.8025749,1,0.9987883,1,0.044358276,0
1,0.9997091,1,0.004141688,0,0.000739367,0,0.048824333,0,0.99914557,1
0,4.275063e-11,0,0.557699,1,0.008352956,0,0.0012346747,0,0.0013419993,0
0,5.797103e-12,0,0.54989266,1,0.0031485967,0,0.36212954,0,0.07729388,0
0,2.6473781e-08,0,0.15489435,0,0.00022252792,0,0.662619,1,0.103217036,0
1,1.5543277e-05,0,0.5554123,1,0.975325,1,0.9683583,1,0.061697885,0
1,1.6918649e-06,0,0.00011523825,0,0.99955964,1,0.0013040754,0,3.8934264e-05,0
0,0.9902492,1,0.55507445,1,0.9956353,1,0.5779168,1,0.32673702,0
0,0.99745226,1,0.5554147,1,0.0035139953,0,0.0010705594,0,0.00018241821,0
0,0.00039929512,0,0.55559987,1,0.99334216,1,0.99994904,1,0.9997368,1
1,0.9321815,1,0.55544007,1,0.73616314,1,0.913353,1,0.108421296,0
0,0.99449813,1,0.555739,1,0.005826617,0,0.99770623,1,0.967923,1
0,2.975838e-09,0,0.5561558,1,0.95858693,1,0.002602492,0,0.82068276,1
0,2.1209722e-08,0,0.5534793,1,0.9911608,1,0.99935585,1,0.99998206,1
1,0.00022989722,0,0.555416,1,0.04341268,0,0.029798022,0,0.11531938,0
0,1.8996708e-07,0,0.5552938,1,0.99698806,1,0.99989027,1,0.998244,1
1,2.988592e-06,0,0.55563056,1,0.0092996275,0,0.20696856,0,0.15964076,0
1,1.1933326e-05,0,0.55385244,1,0.003074574,0,0.0010971575,0,0.00056278857,0
0,0.99955845,1,0.55552423,1,0.0033512914,0,0.9985463,1,0.25592753,0
0,0.9933419,1,0.5555382,1,0.993723,1,0.9995994,1,0.9999008,1
1,0.0035129397,0,0.5554669,1,0.99496186,1,0.03968037,0,0.99800235,1
1,1.5846132e-08,0,0.39536008,0,0.00022114484,0,0.0030099426,0,0.9456981,1
0,3.7692266e-06,0,0.98294836,1,0.0011794352,0,0.006813519,0,0.0011276815,0
1,0.99987316,1,0.5488864,1,0.9899773,1,0.99966115,1,0.9905495,1
0,3.176206e-05,0,0.55074054,1,0.99690366,1,0.9970724,1,0.11979608,0
0,0.9811989,1,0.98405784,1,0.8397188,1,0.023116125,0,0.46982342,0
0,2.395908e-05,0,0.55554366,1,0.9965777,1,0.9999628,1,0.99883366,1
0,2.2953177e-08,0,0.5553859,1,0.0037495238,0,0.0015505413,0,0.000111777415,0
0,0.99989384,1,0.5553878,1,0.0360669,0,0.015228399,0,0.37770414,0
1,3.3230546e-05,0,0.55531454,1,0.0038499997,0,0.98467,1,0.997855,1
1,0.99999255,1,0.55523264,1,0.045776963,0,0.9999061,1,0.07581155,0
0,0.9992591,1,0.63926715,1,0.0042607267,0,0.2805834,0,0.99969894,1
0,0.0021636817,0,0.5554382,1,0.9970395,1,0.99987894,1,0.9993887,1
1,0.99969107,1,0.5557728,1,0.98586315,1,0.9998557,1,0.029369831,0
1,0.0004838315,0,0.55574906,1,0.9909427,1,0.9997689,1,0.99996287,1
0,4.7408154e-08,0,0.5554131,1,0.005506633,0,0.0008659504,0,0.00037964867,0
1,5.4128266e-09,0,0.55542433,1,0.9891287,1,0.97218823,1,0.99908596,1
0,0.94532,1,0.9974465,1,0.19240493,0,0.009034572,0,0.91236126,1
0,0.890862,1,0.56515366,1,0.98778754,1,0.14275171,0,0.9640917,1
0,0.8059184,1,0.555384,1,0.006328703,0,0.043920375,0,0.99939865,1
0,0.9999983,1,0.55638385,1,0.0034865309,0,0.6628973,1,0.9993484,1
0,1.4995493e-08,0,0.5551754,1,0.81003386,1,0.9997901,1,0.77100855,1
0,2.8718964e-07,0,0.55542094,1,0.9856997,1,0.99955004,1,0.9952343,1
1,1.6094108e-07,0,0.5553551,1,0.9970468,1,0.9994974,1,0.9992514,1
0,0.9358886,1,0.41274717,0,0.00433069,0,0.035892244,0,0.0003658185,0
0,0.00010757758,0,0.55604213,1,0.64756155,1,0.0015127454,0,0.69574004,1
1,0.008094108,0,0.5552614,1,0.0034923255,0,0.12783726,0,0.0061514005,0
0,0.9995575,1,0.49561048,0,0.00457989,0,0.0014833828,0,3.0297206e-05,0
0,0.020954484,0,0.5559716,1,0.99701494,1,0.9998876,1,0.9990584,1
0,8.746553e-05,0,0.55541295,1,0.97809196,1,0.99990183,1,0.9954188,1
0,0.99999404,1,0.5553624,1,0.0036577713,0,0.19471085,0,0.005109468,0
0,0.99999166,1,0.5548979,1,0.43030933,0,0.99859756,1,0.5598897,1
0,4.4170906e-07,0,0.5561601,1,0.99646336,1,0.9995237,1,0.99957263,1
0,8.151454e-07,0,0.95196384,1,0.17369348,0,0.89465505,1,0.7796562,1
1,0.9999341,1,0.55538386,1,0.0047787065,0,0.010587817,0,0.17877822,0
1,0.9975737,1,0.99287945,1,0.9997735,1,0.99999124,1,0.95493174,1
1,0.9834027,1,0.54511636,1,0.0031613018,0,0.00035142814,0,0.35512537,0
0,0.0180154,0,0.5561458,1,0.003238463,0,0.0003785399,0,2.7484275e-05,0
0,0.0003227665,0,0.55536944,1,0.0050356854,0,0.0005768438,0,8.918528e-06,0
0,5.975786e-05,0,0.55542684,1,0.0040475023,0,0.012157328,0,0.40226927,0
0,0.8201343,1,0.5538173,1,0.003465203,0,0.0010836367,0,0.003442743,0
0,1.1628018e-07,0,0.50200236,1,0.9999358,1,0.999985,1,0.9995208,1
0,0.9821568,1,0.5553048,1,0.9795305,1,0.9967858,1,0.9994944,1
0,0.9995986,1,0.5548181,1,0.012478399,0,0.60013205,1,0.14460455,0
0,0.9674977,1,0.5558715,1,0.99706477,1,0.9999704,1,0.99985754,1
1,0.999977,1,0.5554014,1,0.0031184112,0,0.00035546147,0,0.0009922462,0
0,0.99995595,1,0.555633,1,0.9688775,1,0.00909303,0,0.9879592,1
0,1.2487341e-06,0,0.55522996,1,0.007911973,0,0.23684013,0,0.0015431135,0
0,0.9997568,1,0.55538315,1,0.0044587753,0,0.0014262504,0,0.000306901,0
0,0.99999654,1,0.930419,1,0.99983346,1,1.0,1,0.99987113,1
1,2.2392236e-08,0,0.55529547,1,0.9968964,1,0.99621075,1,0.08752128,0
0,0.9999996,1,0.5555313,1,0.0040648603,0,0.00081017567,0,0.73832417,1
1,0.0005138775,0,0.5554509,1,0.9968724,1,0.99999195,1,0.99995095,1
1,0.014569325,0,0.44096285,0,0.99896175,1,0.00011622905,0,0.96683407,1
1,1.0,1,0.55599546,1,0.99697876,1,0.99972767,1,0.99874556,1
0,0.7538183,1,0.55138326,1,0.0030994518,0,0.00033904225,0,0.00030796285,0
0,9.160096e-08,0,0.5555025,1,0.9958841,1,0.973592,1,0.9999898,1
0,2.2780892e-05,0,0.5554554,1,0.023190757,0,0.013778921,0,0.03561747,0
0,0.50481296,1,0.5557471,1,0.99645877,1,0.9999659,1,0.9999683,1
0,0.0032167956,0,0.555483,1,0.9499154,1,0.0006954277,0,0.25873947,0
1,3.8520193e-06,0,0.55521184,1,0.9936769,1,0.7881556,1,0.9350104,1
1,0.99999946,1,0.5547532,1,0.9948719,1,0.999911,1,0.99964005,1
0,7.615339e-12,0,0.7770615,1,0.07519988,0,0.95840585,1,0.004086385,0
1,0.9997979,1,0.5560268,1,0.99459493,1,0.19731484,0,0.0035506424,0
1,0.9488212,1,0.5552241,1,0.0031926662,0,0.00076088286,0,0.00046953652,0
1,0.99998635,1,0.55550766,1,0.97991884,1,0.75347036,1,0.009919035,0
1,5.7478496e-06,0,0.55309576,1,0.0201922,0,0.00092587963,0,0.0028184773,0
1,0.049182978,0,0.5542697,1,0.99681425,1,0.99998033,1,0.97611713,1
1,1.0,1,0.9884166,1,0.9997669,1,0.9283594,1,0.97788125,1
0,0.0009398659,0,0.55609936,1,0.19201402,0,0.0017657278,0,0.31157172,0
1,0.9999996,1,0.76083726,1,0.003787159,0,0.004037579,0,0.0070867697,0
1,0.00019561814,0,0.5551773,1,0.9969939,1,0.9984935,1,0.9998881,1
1,0.9695999,1,0.5555444,1,0.0034697768,0,0.00061120663,0,0.0003592616,0
0,0.99991965,1,0.5577922,1,0.99657285,1,0.99984497,1,0.9991226,1
0,0.9863952,1,0.64233166,1,0.99728155,1,0.9997628,1,0.99994725,1
0,0.99719185,1,0.5551798,1,0.90606457,1,0.99389327,1,0.012499441,0
0,0.9998519,1,0.42324054,0,0.0010243087,0,0.047978945,0,0.00014190939,0
1,8.766859e-11,0,0.55538946,1,0.006963367,0,0.9127625,1,0.99211484,1
1,0.99999356,1,0.5558225,1,0.08643601,0,0.005249236,0,1.587219e-05,0
1,0.99998707,1,0.5556437,1,0.9945514,1,0.99956477,1,0.93936235,1
1,1.0270061e-07,0,0.5546716,1,0.003242719,0,0.10440096,0,0.02277919,0
0,0.99993277,1,0.55541766,1,0.21227458,0,0.76584363,1,0.9763097,1
1,0.99999344,1,0.55548716,1,0.003913463,0,0.0017192302,0,0.013704055,0
1,1.2872674e-06,0,0.7890234,1,0.75487447,1,0.39886764,0,0.996597,1
1,0.9991044,1,0.5543602,1,0.9946114,1,0.03935799,0,0.999891,1
0,1.0,1,0.55371016,1,0.3397622,0,0.9997077,1,0.9774093,1
0,2.9928876e-06,0,0.9564361,1,0.967696,1,0.6249449,1,0.99973065,1
0,4.6496165e-08,0,0.16375929,0,0.0033465275,0,0.9999859,1,0.0012555992,0
1,3.4991356e-06,0,0.55769485,1,0.99168223,1,0.9996031,1,0.99998796,1
0,6.0672694e-05,0,0.5556954,1,0.0035169153,0,0.00092391524,0,0.003482408,0
0,0.00014050787,0,0.4753761,0,0.99160945,1,0.016009938,0,0.9379643,1
1,0.00014507762,0,0.5585557,1,0.9962271,1,0.003010237,0,0.99696755,1
0,0.010381804,0,0.554992,1,0.9970655,1,0.9999506,1,0.99993074,1
0,2.1685837e-08,0,0.5557141,1,0.5467478,1,0.9461986,1,0.9597425,1
0,0.996348,1,0.55566406,1,0.09649653,0,0.99998844,1,0.6620193,1
1,0.9805964,1,0.5552546,1,0.10417092,0,0.99940825,1,0.68056506,1
0,0.99980664,1,0.33061275,0,0.003848076,0,0.0015623673,0,0.00073471374,0
1,8.1906745e-07,0,0.5566099,1,0.0030763901,0,0.0008078264,0,0.0016394402,0
1,0.9998049,1,0.5553359,1,0.003231739,0,0.0052892948,0,0.038897187,0
1,3.9593666e-05,0,0.55549514,1,0.16606827,0,0.0012693607,0,0.99756765,1
1,0.99999756,1,0.76654166,1,0.0038700858,0,0.9999791,1,0.00045598988,0
1,0.00015833111,0,0.014494784,0,0.00010000068,0,1.923345e-06,0,0.06068166,0
1,0.9998353,1,0.19558637,0,0.00058371655,0,0.026163606,0,0.021199752,0
1,0.81990904,1,0.5554352,1,0.9970235,1,0.99921316,1,0.22160688,0
1,0.89775693,1,0.5605983,1,0.010026766,0,0.0025703472,0,0.7187369,1
1,7.538467e-09,0,0.5553734,1,0.0060121813,0,0.00064565096,0,0.13359638,0
0,5.130091e-10,0,0.99944836,1,0.005295694,0,0.8384487,1,0.26353884,0
0,0.999943,1,0.5557203,1,0.99367154,1,0.9993451,1,0.99988395,1
1,0.98446435,1,0.5553152,1,0.9951316,1,0.0015216992,0,0.00067850255,0
1,0.9957007,1,0.5559892,1,0.7139698,1,0.8825824,1,0.03659546,0
0,0.010815385,0,0.55543447,1,0.008974987,0,0.16393034,0,0.99710053,1
0,0.9802958,1,0.5470432,1,0.0031058425,0,0.0023519057,0,0.024853615,0
0,0.99819034,1,0.55543894,1,0.003316056,0,0.0011221013,0,8.409621e-05,0
1,0.9999936,1,0.55543745,1,0.0030915162,0,0.0005982758,0,0.0025487037,0
0,5.3684905e-09,0,0.55463195,1,0.011476073,0,0.09733687,0,0.06497694,0
1,1.1779347e-08,0,0.44729152,0,0.0052262177,0,0.99907005,1,0.289604,0
1,0.0001347807,0,0.4747157,0,0.99619687,1,0.9995672,1,0.013456648,0
1,0.5208127,1,0.66818005,1,0.0031716644,0,0.0023475362,0,0.997139,1
1,0.006900976,0,0.5687522,1,0.003184871,0,0.011288694,0,0.0015566432,0
1,0.5526368,1,0.56766105,1,0.005191399,0,0.0012950142,0,0.90507126,1
1,1.7663446e-05,0,0.26883614,0,0.00027238746,0,1.2437028e-05,0,0.016829828,0
1,1.0,1,0.020138832,0,0.0011292337,0,0.23897782,0,0.019192372,0
1,5.8142753e-09,0,0.55545646,1,0.9923537,1,0.9996002,1,0.97998613,1
0,2.8436825e-05,0,0.55541754,1,0.99315995,1,0.992771,1,0.86354095,1
1,5.222721e-05,0,0.55523807,1,0.95861506,1,0.06856878,0,0.9991662,1
1,2.914763e-06,0,0.25253573,0,0.073839866,0,6.5838783e-09,0,0.37470564,0
0,0.9972452,1,0.5553607,1,0.99623084,1,0.9973524,1,0.9981309,1
0,0.9999893,1,0.5552375,1,0.006166174,0,0.00096424896,0,0.9931702,1
1,9.634588e-06,0,0.4957869,0,0.016082602,0,0.99463624,1,0.033837754,0
0,0.00041824914,0,0.5540493,1,0.0073563047,0,0.9854067,1,0.53811276,1
0,0.9998956,1,0.5558794,1,0.99324155,1,0.61693066,1,0.00025504897,0
1,0.9999985,1,0.5556844,1,0.003147114,0,0.41717643,0,0.40639004,0
0,0.0030278964,0,0.5398295,1,0.99640906,1,0.99991894,1,0.9992052,1
0,0.93510693,1,0.5560084,1,0.0030944713,0,0.000402301,0,0.00020504912,0
0,0.9999237,1,0.55534637,1,0.9959174,1,0.9683763,1,0.98350567,1
0,3.9167713e-07,0,0.6442773,1,0.22057465,0,0.04898632,0,0.9994356,1
0,0.82193744,1,0.55529886,1,0.0035414917,0,0.0010987755,0,6.354734e-05,0
1,3.330206e-07,0,0.5558461,1,0.85141146,1,0.00404099,0,0.25687367,0
0,0.999987,1,0.5555269,1,0.004292726,0,0.042253137,0,0.0027119361,0
1,0.95227236,1,0.43443614,0,0.9973739,1,0.9999909,1,0.9998293,1
1,2.5127318e-09,0,0.55777735,1,0.98711103,1,0.98282224,1,0.007085857,0
1,0.9999508,1,0.55552197,1,0.02273124,0,0.004776142,0,0.9856241,1
0,0.001746827,0,0.5547724,1,0.5124669,1,0.0015529128,0,0.0012295411,0
0,3.0485048e-10,0,0.5555243,1,0.8721826,1,0.0010192615,0,0.00079308415,0
0,0.9996848,1,0.55329156,1,0.20144497,0,0.9999425,1,0.02648164,0
1,0.0028455842,0,0.9809614,1,0.00010606931,0,0.0010450997,0,0.0022826253,0
1,4.092079e-05,0,0.5555297,1,0.13495933,0,0.4837748,0,0.9926525,1
1,0.9991341,1,0.55538815,1,0.9869624,1,0.10446823,0,0.023725653,0
0,1.725999e-07,0,0.9658254,1,0.9997455,1,0.9996872,1,0.96299994,1
0,0.00644986,0,0.5242612,1,0.004170969,0,0.0043377224,0,0.039797906,0
1,0.9999985,1,0.9280167,1,0.0021811514,0,4.4358845e-07,0,0.0461557,0
0,0.998797,1,0.5563554,1,0.0032999087,0,0.0007035541,0,0.0011006466,0
1,0.9996369,1,0.5576953,1,0.99706346,1,0.99995905,1,0.9998249,1
1,0.9996001,1,0.5555392,1,0.9970641,1,0.99965996,1,0.9996656,1
1,0.97146285,1,0.99752843,1,0.0019490763,0,0.9998116,1,0.0016217661,0
0,0.24442443,0,0.5553463,1,0.56585264,1,0.99994785,1,0.012838118,0
0,2.201376e-05,0,0.55541134,1,0.995979,1,0.997441,1,0.9999284,1
1,0.9999749,1,0.5570162,1,0.055764258,0,0.0019891725,0,0.81691796,1
1,0.99909633,1,0.5557058,1,0.117195114,0,0.07461403,0,0.9793644,1
1,0.004451255,0,0.5554454,1,0.0031577398,0,0.0006011028,0,0.04398898,0
1,0.00014866646,0,0.5553714,1,0.9959814,1,0.0031962607,0,0.006980122,0
0,3.5860086e-09,0,0.55540454,1,0.004025431,0,0.0019875169,0,0.5264226,1
0,0.99998754,1,0.55521095,1,0.006378834,0,0.0008516678,0,0.0013138852,0
0,8.3187933e-07,0,0.55541945,1,0.9875618,1,0.99989355,1,0.08596187,0
0,0.8455873,1,0.5554174,1,0.0031929563,0,0.0010003987,0,0.0008060394,0
1,2.4164044e-06,0,0.5660779,1,0.0038187944,0,0.0011882029,0,3.778908e-05,0
0,0.99999785,1,0.560755,1,0.9062629,1,0.0016443277,0,0.99945724,1
0,0.008141169,0,0.55541486,1,0.99550045,1,0.90345746,1,0.99787575,1
1,0.99928826,1,0.70431376,1,0.0031322301,0,0.0004407565,0,0.01686825,0
0,0.9999985,1,0.5555718,1,0.0058174822,0,0.0031016527,0,0.22934459,0
0,0.99996287,1,0.55541205,1,0.48514426,0,0.028597465,0,7.831666e-05,0
0,0.9925806,1,0.54928035,1,0.046953004,0,0.9999674,1,0.98904,1
0,2.671184e-06,0,0.5548141,1,0.9957512,1,0.9998784,1,0.98230517,1
1,3.2219165e-09,0,0.555375,1,0.008225703,0,0.99988604,1,0.9993229,1
1,0.99867624,1,0.54436874,1,0.0031061405,0,0.0015137836,0,5.019807e-06,0
1,0.9977152,1,0.55541617,1,0.014729411,0,0.0018440835,0,0.033989213,0
1,0.9976648,1,0.5553935,1,0.0036569317,0,0.0010012427,0,0.8358447,1
1,0.9986555,1,0.5554045,1,0.11503001,0,0.89088875,1,0.9821334,1
0,0.10578938,0,0.5529958,1,0.5865362,1,0.9998119,1,0.0039002264,0
1,1.3738484e-06,0,0.9479738,1,0.14542958,0,0.99633265,1,0.9934102,1
1,0.114584565,0,0.99874234,1,0.6783374,1,0.19403654,0,0.014691163,0
1,0.00033429003,0,0.555405,1,0.99601954,1,0.9955705,1,0.81438524,1
0,9.24822e-06,0,0.56176597,1,0.0030809634,0,0.0018889938,0,0.00010788526,0
1,0.99999243,1,0.9178301,1,0.00024323168,0,3.2430123e-06,0,0.76911604,1
1,0.0039028844,0,0.5540675,1,0.8508807,1,0.01873978,0,0.015903115,0
1,4.344902e-08,0,0.18957524,0,0.00018095248,0,0.00010603714,0,0.0011331748,0
1,0.57947,1,0.5554199,1,0.008167344,0,0.99998736,1,0.9890294,1
0,0.0016197709,0,0.5407719,1,0.09126409,0,0.0013971305,0,3.677305e-05,0
0,0.08944748,0,0.55517447,1,0.00624302,0,0.01027002,0,0.0024212745,0
0,0.9999068,1,0.55574256,1,0.9951563,1,0.9995841,1,0.999747,1
0,1.5571064e-07,0,0.5553949,1,0.99229854,1,0.99903107,1,0.99978036,1
1,4.170234e-06,0,0.5538797,1,0.0040819435,0,0.00047911247,0,0.00316916,0
1,0.86540455,1,0.55565816,1,0.004022543,0,0.0018802019,0,0.72539526,1
0,4.3278546e-06,0,0.55566436,1,0.003067196,0,0.00044892097,0,2.5392881e-05,0
0,0.999984,1,0.559123,1,0.00514211,0,0.9815976,1,0.0020754037,0
1,0.9999725,1,0.55539316,1,0.46907964,0,0.0007541712,0,0.9969189,1
1,1.1250397e-05,0,0.5553164,1,0.9970622,1,0.99998945,1,0.9999939,1
0,0.9995057,1,0.55584383,1,0.009300746,0,0.289818,0,0.51203716,1
1,0.98714876,1,0.5553893,1,0.034984257,0,0.68208414,1,0.0037906093,0
0,0.6443983,1,0.00978614,0,0.9206381,1,0.9995934,1,0.9967663,1
1,0.9901657,1,0.55538607,1,0.01349338,0,0.019752337,0,0.22294267,0
1,0.95372975,1,0.55544573,1,0.99686736,1,0.9998985,1,0.994927,1
1,0.058888186,0,0.555502,1,0.0031401285,0,0.0005367103,0,0.003111347,0
0,0.00014073339,0,0.55367965,1,0.9968602,1,0.99919164,1,0.9824497,1
1,0.9999801,1,0.554931,1,0.0030765405,0,0.00045819156,0,0.0004131816,0
1,0.0003757112,0,0.8116561,1,0.00015613965,0,0.53455746,1,0.39726356,0
1,0.99990827,1,0.55555326,1,0.0040493337,0,0.0023949505,0,0.0012147513,0
1,0.001072436,0,0.555531,1,0.9928997,1,0.20661652,0,0.9937349,1
1,0.9999875,1,0.22969545,0,0.99994016,1,0.99985003,1,0.98609567,1
1,6.2099883e-07,0,0.36740524,0,0.8211161,1,2.798734e-07,0,0.00019376309,0
1,0.9999944,1,0.55538386,1,0.9731368,1,0.95676774,1,0.54696846,1
0,0.9999361,1,0.55492306,1,0.9936031,1,0.99995697,1,0.9995286,1
1,1.908195e-08,0,0.46300697,0,0.0007175214,0,0.918273,1,0.29417634,0
0,8.732115e-11,0,0.5559159,1,0.645793,1,0.99778324,1,0.9953158,1
0,0.6149847,1,0.54529995,1,0.0050378637,0,0.004841924,0,0.0034281714,0
1,0.6914043,1,0.5361227,1,0.0031635854,0,0.005556155,0,0.0034002876,0
0,0.9999631,1,0.5544256,1,0.011802308,0,0.9786527,1,0.9981396,1
1,0.999746,1,0.533983,1,0.9966565,1,0.9993662,1,0.9998028,1
1,1.6794058e-08,0,0.5569028,1,0.99705935,1,0.9999805,1,0.9997979,1
0,0.5234812,1,0.55585814,1,0.004389572,0,0.00039988352,0,5.790687e-05,0
1,1.5535639e-08,0,0.9335425,1,0.0010343883,0,0.9976281,1,0.023399983,0
1,2.1674181e-07,0,0.5577277,1,0.003213675,0,0.0009182627,0,0.0014438772,0
1,3.5797206e-05,0,0.55561566,1,0.0032918274,0,0.0017244988,0,0.08485486,0
0,2.112639e-06,0,0.55838114,1,0.2071132,0,0.71390903,1,0.004614184,0
1,3.0963365e-09,0,0.44761962,0,0.9971783,1,0.99273676,1,0.99754304,1
0,0.99939066,1,0.0051281312,0,0.0036456229,0,0.019367594,0,0.0025677555,0
1,0.102915876,0,0.5546436,1,0.0036592325,0,0.0013373555,0,0.2813148,0
0,7.340266e-05,0,0.5553442,1,0.04991394,0,0.8066066,1,0.015454532,0
1,0.9999998,1,0.55642563,1,0.012022099,0,0.99992883,1,0.9988779,1
1,0.97864354,1,0.42954943,0,0.9996852,1,0.9999964,1,0.00016328739,0
0,0.99999094,1,0.55542076,1,0.97954476,1,0.03590199,0,0.93374,1
0,0.44747153,0,0.55604655,1,0.003428111,0,0.00062665384,0,0.00068728096,0
1,0.000116186384,0,0.5553881,1,0.1906999,0,0.99175864,1,0.97433615,1
0,7.288173e-06,0,0.5549307,1,0.0033063153,0,0.00046571557,0,0.0003658789,0
0,1.5467003e-07,0,0.55521005,1,0.028395662,0,0.0004526086,0,0.007360331,0
1,0.98710144,1,0.55578625,1,0.37084278,0,0.99996233,1,0.9952981,1
0,0.00041919757,0,0.5554431,1,0.98605096,1,0.051107623,0,0.014832626,0
0,1.2541061e-08,0,0.55542797,1,0.03040155,0,0.009119751,0,0.64324474,1
1,0.99999446,1,0.0028886173,0,0.9994963,1,0.29891363,0,0.9717008,1
0,4.9563296e-12,0,0.9999022,1,0.00024145508,0,0.8465837,1,0.9708157,1
1,0.9990847,1,0.5554219,1,0.9706616,1,0.61694443,1,0.996423,1
0,0.77891093,1,0.5554043,1,0.9796551,1,0.05315462,0,0.22673622,0
1,0.99999446,1,0.5552507,1,0.99079466,1,0.9999133,1,0.9990384,1
0,0.9999971,1,0.5553513,1,0.003460786,0,0.0019358837,0,0.005562592,0
0,0.99861807,1,0.5563819,1,0.0031293523,0,0.00056594104,0,0.0059392103,0
1,0.99973434,1,0.55565405,1,0.005696824,0,0.00052493607,0,0.0010853613,0
0,0.98922145,1,0.5557065,1,0.9960463,1,0.9999536,1,0.99996215,1
1,0.93188924,1,0.07608297,0,0.9503882,1,0.89168394,1,0.87546784,1
1,0.9999096,1,0.55544376,1,0.55906546,1,0.018807221,0,0.00149078,0
1,0.0063058287,0,0.5555682,1,0.99630564,1,0.526915,1,0.9996927,1
0,3.452665e-06,0,0.23872958,0,0.064619,0,0.9999762,1,0.07254163,0
0,0.99989086,1,0.53070194,1,0.0032800725,0,0.0024744468,0,0.0015482858,0
0,4.2378764e-07,0,0.47211143,0,0.0031112076,0,0.0015373412,0,0.009992339,0
1,4.1187977e-08,0,0.00013184562,0,0.96175176,1,4.366871e-07,0,0.03664737,0
0,0.99662274,1,0.54257435,1,0.9967908,1,0.99199826,1,0.98449653,1
0,0.00032869578,0,0.5552871,1,0.9963635,1,0.9842381,1,0.98731214,1
1,0.43131223,0,0.5206897,1,0.9864119,1,0.026629612,0,0.99517727,1
0,1.2292484e-09,0,0.5555179,1,0.9968976,1,0.99998784,1,0.9993394,1
1,0.16299029,0,0.5550996,1,0.004276257,0,0.98521525,1,0.004284398,0
0,8.905287e-08,0,0.55540335,1,0.9430463,1,0.9927113,1,0.37379724,0
0,0.9999822,1,0.5555327,1,0.7871342,1,0.99991584,1,0.9999824,1
0,0.9996694,1,0.5553018,1,0.04301956,0,0.99940085,1,0.993095,1
0,8.714468e-05,0,0.5555902,1,0.00628023,0,0.9973923,1,0.7114247,1
1,0.99934554,1,0.17209448,0,0.9974078,1,0.99989295,1,0.9987587,1
1,0.0046344483,0,0.55329597,1,0.005255859,0,0.011463022,0,0.0011898242,0
0,0.99989074,1,0.5545272,1,0.0031892946,0,0.00049219094,0,0.17344749,0
0,0.9999837,1,0.5528944,1,0.073822066,0,0.92550755,1,0.9996052,1
1,2.9213115e-05,0,0.55257106,1,0.99692106,1,0.9999225,1,0.7686968,1
0,0.3701601,0,0.52817035,1,0.0030934669,0,0.1727544,0,0.0015718328,0
1,0.001150984,0,0.555391,1,0.0035168251,0,0.0007697934,0,0.021690106,0
0,0.9999899,1,0.53880686,1,0.985944,1,0.005912862,0,0.74280155,1
1,1.5573791e-08,0,0.554833,1,0.0037078485,0,0.0024005147,0,0.9983526,1
1,1.188781e-06,0,0.5464636,1,0.0031625538,0,0.99936086,1,0.9960265,1
0,0.004137089,0,0.5500398,1,0.9937209,1,0.9996516,1,0.999947,1
1,0.9941629,1,0.55573636,1,0.0034428288,0,0.0010822822,0,0.00049683684,0
1,4.217264e-06,0,0.5554031,1,0.965734,1,0.9984781,1,0.9997265,1
1,4.3480513e-09,0,0.5554005,1,0.004295699,0,0.76544356,1,0.7927003,1
0,0.99969304,1,0.5551843,1,0.79592186,1,0.979924,1,0.042863943,0
0,1.0094317e-05,0,0.5553142,1,0.99413306,1,0.9777189,1,0.9926755,1
1,2.69656e-07,0,0.5553451,1,0.0030914869,0,0.0006985057,0,0.032158073,0
1,3.9592717e-12,0,0.5560672,1,0.99612945,1,0.99999034,1,0.93109566,1
1,2.9382736e-06,0,0.5554043,1,0.014781804,0,0.9770942,1,0.0007315032,0
1,5.644955e-08,0,0.14812252,0,0.1606177,0,0.65684545,1,0.9943864,1
0,0.9900098,1,0.76626277,1,0.021169147,0,0.0022970948,0,0.0030713617,0
0,0.9999997,1,0.6139204,1,0.0033633322,0,0.0022337823,0,0.0005477952,0
1,0.00010110305,0,0.5553884,1,0.99666005,1,0.99999577,1,0.999818,1
1,0.99974084,1,0.55364233,1,0.99300325,1,0.99951464,1,0.9945971,1
1,0.0065972344,0,0.5558565,1,0.003455257,0,0.040674068,0,0.88543767,1
0,4.784442e-06,0,0.5555589,1,0.9969209,1,0.9999558,1,0.9385423,1
0,0.999797,1,0.5554535,1,0.09687345,0,0.9892302,1,0.9997753,1
0,0.9971894,1,0.55542344,1,0.16217287,0,0.99982786,1,0.003796657,0
0,0.9999791,1,0.5553596,1,0.99690396,1,0.99991006,1,0.99996144,1
1,1.1397598e-05,0,0.596364,1,0.005547091,0,0.0006184112,0,0.0020053822,0
1,0.93957216,1,0.5554531,1,0.23477152,0,0.99824625,1,0.7245652,1
1,1.0005126e-09,0,0.55350685,1,0.0038089955,0,0.0025656677,0,0.005244388,0
1,2.0284879e-06,0,0.5541811,1,0.99576366,1,0.9996678,1,0.029291753,0
0,0.9999998,1,0.5559161,1,0.00457209,0,0.9423114,1,0.00065733487,0
0,4.7861076e-06,0,0.5552639,1,0.0053780717,0,0.007470541,0,0.0982202,0
0,1.8330665e-07,0,0.51721114,1,0.7433582,1,0.9999159,1,0.0061750533,0
1,1.0,1,0.75627345,1,0.003205591,0,0.0009931594,0,1.0037431e-05,0
0,1.088378e-07,0,0.55068624,1,0.06913305,0,0.8900972,1,0.9988376,1
0,0.4760298,0,0.55489326,1,0.9930213,1,0.056725327,0,0.0002684119,0
0,4.374203e-06,0,0.4727048,0,0.004867105,0,0.0013104109,0,0.00017550991,0
0,0.9966285,1,0.5557396,1,0.99667,1,0.9999362,1,0.5242938,1
0,0.038855847,0,0.5477841,1,0.99829066,1,0.00012192831,0,0.96718615,1
1,0.046268594,0,0.5552116,1,0.633612,1,0.23344173,0,0.5048107,1
0,0.9998253,1,0.5558614,1,0.9585944,1,0.9999912,1,0.9941565,1
0,9.8953614e-12,0,0.5546995,1,0.009402165,0,0.022661615,0,0.95954794,1
1,0.7490528,1,0.55393094,1,0.9965171,1,0.9999919,1,0.005794106,0
0,2.1228903e-09,0,0.55541384,1,0.0035653487,0,0.062576726,0,0.0072065955,0
0,0.00074705295,0,0.9520029,1,0.99971694,1,0.99999815,1,0.99845195,1
1,9.142971e-09,0,0.5830625,1,0.9971367,1,0.98823863,1,0.006669501,0
0,0.993309,1,0.55397564,1,0.0039934386,0,0.9981767,1,0.00033063022,0
0,0.9945504,1,0.5553949,1,0.9845204,1,0.9991349,1,0.9264141,1
0,0.20209214,0,0.52662283,1,0.89600796,1,0.99944735,1,0.03677755,0
0,0.0003945108,0,0.55571914,1,0.99693984,1,0.9998947,1,0.9980513,1
1,0.9962901,1,0.9992007,1,0.13409464,0,0.115481265,0,0.9345592,1
1,8.4455604e-10,0,0.5547193,1,0.003997494,0,0.9865259,1,0.103989236,0
0,0.99931043,1,0.5556735,1,0.99132663,1,0.9996219,1,0.9997187,1
1,0.6575858,1,0.55541605,1,0.9780793,1,0.9983789,1,0.95330226,1
0,0.9457652,1,0.51413524,1,0.016856913,0,0.0029889804,0,0.027107535,0
0,2.078275e-09,0,0.51448977,1,0.004314415,0,0.999931,1,0.0037616722,0
1,0.70652544,1,0.5551664,1,0.0030665344,0,0.0003627522,0,8.722723e-05,0
0,0.99999976,1,0.254374,0,0.00026199117,0,0.13701606,0,0.8244434,1
0,0.0033298018,0,0.55518156,1,0.037763122,0,0.074643604,0,0.98371905,1
0,1.3071541e-05,0,0.9424449,1,0.711664,1,0.9999828,1,0.30349433,0
0,3.3315132e-06,0,0.55541587,1,0.00486023,0,0.002460487,0,0.0085232435,0
0,3.1349654e-08,0,0.5593111,1,0.008568838,0,0.0023783185,0,0.004320347,0
0,0.9973143,1,0.5552974,1,0.9873608,1,0.9998782,1,0.999834,1
0,1.0,1,0.55512756,1,0.005613684,0,0.0048803566,0,0.0020237747,0
1,0.99999976,1,0.5864406,1,0.0031231833,0,0.0030205944,0,1.8907484e-05,0
0,0.99995136,1,0.555112,1,0.9940398,1,0.9999715,1,0.055882886,0
0,0.99373096,1,0.55530256,1,0.9967832,1,0.9999696,1,0.9999146,1
1,0.0018712274,0,0.9971377,1,0.99926335,1,0.99999446,1,0.9997436,1
0,0.032616533,0,0.5518695,1,0.003110158,0,0.0008656534,0,0.00012484656,0
0,0.12486696,0,0.55544764,1,0.9846441,1,0.99992585,1,0.835687,1
1,0.0029290223,0,0.5540881,1,0.0032220767,0,0.0005043023,0,0.998919,1
1,3.5632393e-06,0,0.036074657,0,0.9996153,1,0.9996086,1,0.99748456,1
0,3.2622702e-07,0,0.55635524,1,0.9938177,1,0.9720227,1,0.68945855,1
1,0.9999424,1,0.55520475,1,0.0039277715,0,0.97962064,1,0.00027808425,0
1,0.00037328372,0,0.55535996,1,0.22554988,0,0.0013941916,0,0.0067248857,0
1,6.77211e-08,0,0.5546871,1,0.0036554013,0,0.013511947,0,0.9595975,1
0,2.3726185e-05,0,0.5874753,1,0.9954415,1,0.99998146,1,0.9988224,1
0,1.0,1,0.55532616,1,0.98385394,1,0.99996257,1,0.99919623,1
0,0.9999878,1,0.55558527,1,0.99471146,1,0.99976736,1,0.02422774,0
1,0.99956566,1,0.59620523,1,0.0031274054,0,0.0015880581,0,0.0012877504,0
1,3.157023e-08,0,0.55543244,1,0.14760734,0,0.9971004,1,0.99868333,1
0,5.99365e-08,0,0.19539912,0,0.0003286309,0,0.013702463,0,0.007315691,0
0,6.3693057e-07,0,0.5334,1,0.00943909,0,0.0006438291,0,0.007228298,0
0,3.68837e-09,0,0.55544585,1,0.01818901,0,0.07785912,0,0.2987518,0
0,0.99992657,1,0.55586934,1,0.0032757726,0,0.00084706914,0,9.264323e-05,0
1,1.4083892e-07,0,0.5555738,1,0.99464995,1,0.9999267,1,0.99995613,1
1,8.9119184e-11,0,0.0003764916,0,8.059733e-05,0,1.9474075e-05,0,0.07460603,0
1,8.9178485e-08,0,0.95103043,1,0.00016835837,0,0.015150922,0,0.009696032,0
0,3.849651e-07,0,0.6527813,1,0.9972676,1,0.052712232,0,0.829849,1
1,7.5797396e-10,0,0.28962877,0,0.99489,1,0.71051204,1,0.9991866,1
0,0.9999988,1,0.55558074,1,0.003081174,0,0.0013089763,0,0.001112514,0
0,0.9999989,1,0.5554639,1,0.9954769,1,0.9857414,1,0.8247604,1
1,0.0018696144,0,0.57335484,1,0.91591847,1,0.0073273396,0,0.010525553,0
1,1.0620502e-08,0,0.5558635,1,0.995161,1,0.96690315,1,0.99895227,1
0,2.955374e-05,0,0.040162705,0,0.99736154,1,0.99927413,1,0.4235062,0
1,0.0013485843,0,0.5556549,1,0.99670094,1,0.9999873,1,0.9999702,1
1,3.7171564e-09,0,0.55190647,1,0.01627681,0,0.029442463,0,0.35869306,0
1,3.4765735e-09,0,0.5410185,1,0.9275284,1,0.99037814,1,0.68538094,1
1,0.99977994,1,0.5551538,1,0.045205303,0,0.11422741,0,0.005456515,0
0,0.9759985,1,0.55177003,1,0.96433157,1,0.9999863,1,0.0001821384,0
1,0.9999909,1,0.55538243,1,0.9970425,1,0.9997409,1,0.9976499,1
0,0.9999996,1,0.5690402,1,0.9965851,1,0.9999837,1,0.99990946,1
0,0.99996287,1,0.55555403,1,0.0063973577,0,0.0024037412,0,0.0010783606,0
0,0.9730725,1,0.5553889,1,0.0038243167,0,0.0013302964,0,0.17827897,0
1,2.1793585e-10,0,0.5570474,1,0.0034462952,0,0.3624444,0,0.0056321914,0
0,6.617355e-08,0,0.823978,1,0.0002947994,0,0.65745497,1,0.00011158711,0
1,8.1959325e-07,0,0.5532126,1,0.0033633197,0,0.97036964,1,0.07377331,0
1,0.9966137,1,0.55385274,1,0.9756591,1,0.9990747,1,0.8134156,1
0,5.973717e-06,0,0.5536697,1,0.0031283824,0,0.5123947,1,0.00054139143,0
1,3.802273e-09,0,0.0006025479,0,0.9993454,1,0.99999905,1,0.996545,1
0,0.22411627,0,0.06934988,0,0.997235,1,0.0007204255,0,0.9952648,1
1,0.9005627,1,0.5556782,1,0.79099846,1,0.9978039,1,0.014509327,0
0,0.0013617909,0,0.9997883,1,0.9813644,1,0.9721287,1,0.98323333,1
0,0.73892236,1,0.55550283,1,0.7733307,1,0.99855644,1,0.88212,1
1,1.197215e-08,0,0.5369904,1,0.30836806,0,0.01617342,0,0.8368343,1
0,1.3676468e-07,0,0.55521834,1,0.0031479895,0,0.00053157256,0,0.0002565875,0
0,0.9999724,1,0.5554092,1,0.0039188853,0,0.0020071066,0,0.0055265594,0
0,0.0077171316,0,0.5555035,1,0.98191124,1,0.332992,0,0.9946923,1
1,1.0,1,0.555475,1,0.8652117,1,0.0026494907,0,0.013005198,0
1,7.8340645e-07,0,0.56473416,1,0.9970642,1,0.99999845,1,0.99991906,1
0,4.9217615e-06,0,0.5538468,1,0.9955046,1,0.9999747,1,0.99303687,1
1,0.998225,1,0.557684,1,0.99681425,1,0.9999463,1,0.99970555,1
0,2.6389992e-08,0,0.5553951,1,0.994167,1,0.99710023,1,0.02052503,0
0,0.24739236,0,0.0024406288,0,0.0002899764,0,8.340602e-05,0,0.1739567,0
1,0.9998794,1,0.55543846,1,0.99518245,1,0.99998707,1,0.016889133,0
1,4.4798267e-05,0,0.5914984,1,0.0031209441,0,0.0017819352,0,0.0020799008,0
1,3.2643607e-06,0,0.5553795,1,0.09282578,0,0.45951408,0,0.7679168,1
0,4.930904e-06,0,0.9861429,1,0.0011642183,0,0.05789933,0,0.95197296,1
0,0.99720854,1,0.5551371,1,0.99688524,1,0.999933,1,0.99925584,1
0,2.9413266e-05,0,0.5552664,1,0.9904828,1,0.3462313,0,0.016795501,0
1,0.49897778,0,0.5538289,1,0.1617214,0,0.01209379,0,0.00013984543,0
0,0.023872545,0,0.55634755,1,0.007635207,0,0.9928363,1,0.00040975926,0
0,0.79206616,1,0.5550921,1,0.0071091545,0,0.2860729,0,0.34087238,0
1,0.9998365,1,0.5553274,1,0.0032197067,0,0.95011103,1,0.11856218,0
0,6.478468e-05,0,0.5540348,1,0.003455247,0,0.0022123307,0,0.9307407,1
1,0.0010808875,0,0.5555403,1,0.0052295476,0,0.0104870405,0,0.0019670364,0
1,0.99987715,1,0.55540764,1,0.025041016,0,0.0019546493,0,0.9772863,1
0,2.4354463e-07,0,0.55535835,1,0.021615608,0,0.9967197,1,0.99952304,1
0,1.2265891e-05,0,0.55530816,1,0.99516916,1,0.9909936,1,0.9920767,1
0,3.6209602e-08,0,0.55528593,1,0.01581062,0,0.014628648,0,0.010171572,0
1,0.00027698162,0,0.068088934,0,0.9998644,1,0.9998985,1,0.99798197,1
0,0.9941241,1,0.5556142,1,0.9782003,1,0.0074756728,0,0.40441,0
1,0.99999976,1,0.031687334,0,0.9955174,1,0.6421065,1,0.99995214,1
0,2.7807943e-07,0,0.5537161,1,0.99472725,1,0.9978028,1,0.099064186,0
1,0.7444441,1,0.5557902,1,0.003511867,0,0.058661968,0,0.31519428,0
1,0.9999988,1,0.55076677,1,0.9956951,1,0.69805735,1,0.9998652,1
1,0.9996416,1,0.555507,1,0.0032573112,0,0.00061400887,0,0.0021102694,0
0,0.9999947,1,0.555139,1,0.011006922,0,0.000528166,0,0.032309245,0
0,0.99978316,1,0.55536216,1,0.99409705,1,0.9961481,1,0.9967234,1
0,0.99995196,1,0.5629487,1,0.9930749,1,0.99999225,1,0.3021747,0
1,1.614785e-05,0,0.5542124,1,0.006844407,0,0.0009624528,0,0.009314339,0
0,1.0,1,0.5554861,1,0.98186994,1,0.9987235,1,0.99630654,1
0,0.19440377,0,0.55533606,1,0.02587786,0,0.9999133,1,0.0019997843,0
1,7.6127166e-10,0,0.55592513,1,0.03804708,0,0.116091564,0,0.015163235,0
1,0.6011784,1,0.55509436,1,0.6166712,1,0.75615627,1,0.00086071895,0
0,0.0038073906,0,0.55538744,1,0.00890537,0,0.0012087063,0,0.8762537,1
1,5.2757115e-10,0,0.55543715,1,0.9810276,1,0.9664632,1,0.61312,1
1,0.99979305,1,0.55508214,1,0.0033664203,0,0.0015804135,0,0.0024765765,0
1,9.8030105e-06,0,0.5908862,1,0.0046263617,0,0.98858964,1,0.0050475444,0
0,0.99998766,1,0.5559028,1,0.0062501063,0,0.97306484,1,0.41854796,0
1,0.9999574,1,0.61687785,1,0.9967571,1,0.00205187,0,0.0010992507,0
0,0.8929691,1,0.5550957,1,0.008771072,0,0.9732084,1,0.0005989319,0
0,4.3530228e-05,0,0.5554143,1,0.65816236,1,0.99980265,1,0.32031283,0
0,0.0144277215,0,0.55512995,1,0.0031114016,0,0.0008667892,0,0.0016555123,0
1,0.9993175,1,0.5556198,1,0.9964091,1,0.9987344,1,0.9976698,1
1,0.99999523,1,0.5550027,1,0.31517243,0,0.0007509032,0,0.65440863,1
1,0.04009087,0,0.5714658,1,0.0032354877,0,0.0033933534,0,0.99918205,1
1,7.1318823e-06,0,0.55522937,1,0.9962144,1,0.9998655,1,0.99933904,1
0,0.9999998,1,0.15955281,0,0.99978393,1,0.51224965,1,0.9701887,1
1,1.5883807e-05,0,0.5561765,1,0.99487025,1,0.9999894,1,0.99972016,1
1,2.502826e-07,0,0.5553861,1,0.63933593,1,0.9984073,1,0.9808662,1
0,5.2172273e-11,0,0.555249,1,0.98930013,1,0.013348382,0,0.998423,1
1,0.9999985,1,0.5553773,1,0.014255047,0,0.9951293,1,0.048889015,0
1,0.99986744,1,0.5554099,1,0.14820336,0,0.99947983,1,0.9613526,1
0,0.99997133,1,0.55612034,1,0.9851049,1,0.9987455,1,0.6893934,1
0,1.1782393e-05,0,0.5565937,1,0.995037,1,0.15623982,0,0.9980622,1
0,1.6857961e-11,0,0.6194015,1,0.9951214,1,0.99993825,1,0.42177078,0
0,7.2347537e-09,0,0.55518496,1,0.07490602,0,0.9786426,1,0.0029590821,0
1,0.62766653,1,0.5555674,1,0.0031152964,0,0.00070993503,0,0.0012272593,0
0,5.7605977e-08,0,0.67665976,1,0.023059824,0,1.2489697e-06,0,0.9994163,1
0,0.9999208,1,0.5553336,1,0.030699244,0,0.985498,1,0.99335563,1
0,0.9999893,1,0.99465835,1,0.99877614,1,0.02143603,0,0.008987931,0
0,0.88814276,1,0.5551818,1,0.9305845,1,0.9991077,1,0.99501646,1
0,0.9999963,1,0.5553099,1,0.022672825,0,0.040024407,0,0.43376604,0
1,0.9999894,1,0.012350533,0,0.006879128,0,0.0036714657,0,0.00048155035,0
1,0.6989904,1,0.55540884,1,0.99665016,1,0.99999195,1,0.99842584,1
1,9.675355e-09,0,0.5565579,1,0.0042837756,0,0.0021277966,0,0.037585273,0
1,0.16388862,0,0.5767914,1,0.5972842,1,0.99743414,1,0.7603745,1
0,0.99999714,1,0.5545597,1,0.004744245,0,0.0036888954,0,0.00021722438,0
1,8.379426e-05,0,0.5554626,1,0.40856144,0,0.9998648,1,0.9999715,1
0,8.937625e-05,0,0.5695317,1,0.0033761568,0,0.00450843,0,0.86490667,1
0,0.020512788,0,0.86131245,1,0.9992198,1,0.99993694,1,0.9889054,1
0,0.00012548114,0,0.55542237,1,0.8949496,1,0.9995882,1,0.98493963,1
1,0.99997807,1,0.5560325,1,0.0031402542,0,0.013810743,0,0.00026736374,0
1,6.508568e-05,0,0.5582995,1,0.004175914,0,0.00044870112,0,0.0086038355,0
0,1.2986064e-06,0,0.9174302,1,0.49724936,0,0.7520433,1,0.25324583,0
0,0.99824387,1,0.5556851,1,0.9789532,1,0.89138186,1,0.4815858,0
1,0.99470246,1,0.55420375,1,0.9970362,1,0.99983764,1,0.04032196,0
0,0.97877526,1,0.5556219,1,0.99639815,1,0.9999887,1,0.9999131,1
0,0.000833414,0,0.5553363,1,0.0031044565,0,0.00085449254,0,4.0715146e-05,0
0,0.99999917,1,0.5535934,1,0.99509495,1,0.9999877,1,0.99900776,1
0,2.3045849e-10,0,0.5552128,1,0.004666914,0,0.0075249826,0,0.94940484,1
0,0.882102,1,0.999796,1,0.99053556,1,0.0019651044,0,0.00030165302,0
1,0.84250087,1,0.55397946,1,0.91251117,1,0.003481683,0,0.9641913,1
0,3.242837e-07,0,0.55544156,1,0.0031687638,0,0.0013431767,0,0.0010725392,0
1,2.468101e-09,0,0.56569415,1,0.992286,1,0.99900115,1,0.99311703,1
0,0.0027156682,0,0.55531716,1,0.003156761,0,0.0013202066,0,9.313278e-05,0
0,1.925612e-07,0,0.5553928,1,0.9936798,1,0.9957766,1,0.9998511,1
1,0.9997203,1,0.5554105,1,0.0040664515,0,0.00078135886,0,0.00295786,0
1,0.99933404,1,0.51430064,1,0.003070451,0,0.0026485207,0,0.00020209953,0
0,1.6899208e-05,0,0.5555493,1,0.1066953,0,0.94256777,1,0.084103756,0
0,0.9998807,1,0.5600044,1,0.00338318,0,0.00044061895,0,0.99590844,1
1,7.219015e-12,0,0.3182908,0,0.1690211,0,0.98751503,1,0.9992896,1
1,0.79784375,1,0.55548227,1,0.9950271,1,0.9999847,1,0.99989456,1
0,9.776882e-05,0,0.55453974,1,0.06956726,0,0.99862826,1,0.999684,1
0,6.654966e-10,0,0.5629009,1,0.0030827625,0,0.00051089504,0,2.0093918e-05,0
0,0.99988914,1,0.5921903,1,0.0036936477,0,0.0007326749,0,0.36928332,0
0,2.3056352e-06,0,0.55555534,1,0.00522333,0,0.006521746,0,0.006428548,0
1,0.9900065,1,0.5553649,1,0.98615324,1,0.018844653,0,0.027339824,0
0,0.05571161,0,0.79706156,1,0.17367475,0,0.9979243,1,0.4689928,0
0,2.3061016e-06,0,0.5547655,1,0.99580824,1,0.9944959,1,0.9971425,1
1,1.8243763e-06,0,0.55501467,1,0.0033868123,0,0.99957263,1,0.0033675577,0
0,0.9784271,1,0.55250186,1,0.004711314,0,0.004373819,0,9.082819e-05,0
1,1.0,1,0.7681678,1,0.96251774,1,0.993674,1,0.0005205987,0
1,0.99999267,1,0.5576674,1,0.011735321,0,0.99952465,1,0.0034242608,0
1,0.9998991,1,0.5553219,1,0.9891744,1,0.9995032,1,0.99975014,1
1,8.91248e-11,0,0.5552209,1,0.9970371,1,0.99994373,1,0.99977136,1
1,0.33181244,0,0.5555168,1,0.94160455,1,0.9991259,1,0.9889947,1
1,0.030230893,0,0.5554311,1,0.0041908,0,0.9998981,1,0.9605792,1
1,1.0,1,0.86783725,1,0.9968358,1,0.99749756,1,0.9997207,1
0,9.222842e-08,0,0.55541813,1,0.003358807,0,0.009896726,0,0.00057963445,0
1,0.99998224,1,0.5162233,1,0.8771993,1,0.99992937,1,0.98034114,1
0,0.9987812,1,0.55493,1,0.18715343,0,0.99968076,1,0.614946,1
1,0.25829238,0,0.55541754,1,0.0053568603,0,0.0014992807,0,0.01029728,0
1,0.99860674,1,0.55552274,1,0.0031900043,0,0.0010818151,0,0.0025769663,0
0,1.1815396e-08,0,0.40963116,0,0.0001371827,0,2.0866759e-05,0,0.0014491201,0
0,0.9999974,1,0.55549294,1,0.004203443,0,0.087571986,0,0.6022839,1
0,7.401505e-09,0,0.5553358,1,0.9931939,1,0.996979,1,0.49339545,0
1,4.8293798e-05,0,0.55499786,1,0.08234274,0,0.53273594,1,0.99871665,1
0,0.99999994,1,0.9877904,1,0.9997573,1,0.9988266,1,0.92416734,1
0,0.005556499,0,0.555601,1,0.97417945,1,0.0021982267,0,0.1976527,0
1,1.733675e-05,0,0.5554956,1,0.021753123,0,0.18239482,0,0.9916236,1
1,0.99995005,1,0.58648074,1,0.99652034,1,0.99517983,1,0.97652453,1
1,0.0030275306,0,0.55539376,1,0.037787315,0,0.17481521,0,0.21625462,0
1,0.9999993,1,0.5781578,1,0.9970543,1,0.9997807,1,0.9998604,1
1,0.30174866,0,0.55532396,1,0.9734804,1,0.99994344,1,0.9999388,1
0,0.9989037,1,0.55538577,1,0.6542876,1,0.42760754,0,0.9132438,1
1,8.409624e-07,0,0.29345906,0,0.0036215705,0,4.114192e-06,0,0.0013647178,0
1,0.99997616,1,0.5552922,1,0.006931838,0,0.00045010008,0,0.008969313,0
1,1.9660311e-07,0,0.5551075,1,0.003183854,0,0.0027741753,0,0.008186505,0
0,0.9916384,1,0.5556182,1,0.99693704,1,0.99998075,1,0.99998695,1
1,0.9998938,1,0.55431944,1,0.9859497,1,0.9851534,1,0.85958165,1
1,6.4935098e-06,0,0.97390693,1,0.9882954,1,0.7578626,1,0.0018461763,0
0,1.0,1,0.5554027,1,0.114439406,0,0.01080482,0,0.009663848,0
1,0.87904763,1,0.5563217,1,0.0031523558,0,0.0029611862,0,0.0029041595,0
1,0.99999803,1,0.5554433,1,0.992779,1,0.99909955,1,0.9981604,1
0,0.99997544,1,0.9769614,1,0.9416434,1,0.9998154,1,0.7140675,1
1,2.8741579e-05,0,0.55537707,1,0.871801,1,0.9999886,1,0.997876,1
1,0.9995785,1,0.5606899,1,0.07357179,0,0.9991213,1,0.5614218,1
1,0.032353606,0,0.03641206,0,0.00034663043,0,1.597481e-06,0,0.0069440925,0
0,0.06366301,0,0.5554005,1,0.003071325,0,0.0003732334,0,0.0002959125,0
0,0.0758115,0,0.56114054,1,0.986942,1,0.999994,1,0.99976575,1
1,0.99992734,1,0.5541163,1,0.0033607392,0,0.018568184,0,0.35053355,0
1,0.33735013,0,0.5553846,1,0.012204905,0,0.0011734751,0,0.995354,1
1,2.2240713e-11,0,0.5553675,1,0.9966022,1,0.99994695,1,0.99978274,1
1,0.9563713,1,0.5554354,1,0.004301103,0,0.0007483694,0,0.0009743112,0
1,0.9999939,1,0.5736791,1,0.0045257458,0,0.003474139,0,0.0026944662,0
1,0.0022803447,0,0.011476928,0,0.99979395,1,0.99999416,1,0.17687936,0
1,2.5253026e-08,0,0.28955483,0,0.2844748,0,0.9346587,1,0.9918347,1
1,0.99999744,1,0.5554596,1,0.0048498483,0,0.99400693,1,0.0053969086,0
0,7.5983124e-05,0,0.046948835,0,0.99981976,1,0.82500714,1,0.498405,0
0,0.0054743364,0,0.55534077,1,0.7135534,1,0.0005925739,0,0.03849053,0
1,2.1894229e-07,0,0.55826783,1,0.9957144,1,0.99998134,1,0.95370895,1
0,0.00058163557,0,0.0014560178,0,0.00058443187,0,0.001820847,0,0.0068939044,0
0,1.3966628e-06,0,0.5290418,1,0.07223189,0,0.008980001,0,0.99454933,1
1,0.9999854,1,0.5559774,1,0.0057519632,0,0.014153224,0,0.2784095,0
0,1.4776023e-08,0,0.55539805,1,0.010563971,0,0.0025775954,0,0.96821994,1
0,0.9999962,1,0.99379146,1,0.0042577856,0,0.99917483,1,0.000103848586,0
0,8.226858e-09,0,0.554319,1,0.9928978,1,0.059204783,0,0.009410606,0
1,0.99994165,1,0.55578864,1,0.9967302,1,0.9999353,1,0.9997558,1
1,0.99999726,1,0.5554643,1,0.0030933742,0,0.003309654,0,0.00073118444,0
1,1.4303606e-07,0,0.3495395,0,0.999836,1,0.9999999,1,0.99958605,1
0,4.9376988e-05,0,0.5555135,1,0.97528344,1,0.9995712,1,0.99983,1
0,4.6724264e-09,0,0.5554154,1,0.9383104,1,0.002559144,0,0.49097282,0
1,0.8666111,1,0.55459654,1,0.0044433647,0,0.34323722,0,4.5964694e-05,0
1,0.0024297729,0,0.0008213177,0,0.9998251,1,0.9926359,1,0.99926955,1
0,8.462821e-07,0,0.5554324,1,0.024799488,0,0.001601475,0,0.0014887967,0
0,0.9995746,1,0.5556107,1,0.98893833,1,0.36005872,0,0.15387133,0
0,1.3529424e-07,0,0.56015843,1,0.004327101,0,0.0007038177,0,0.09624213,0
1,0.9999917,1,0.5554403,1,0.0032303275,0,0.0022345553,0,0.00011692604,0
0,0.91499263,1,0.555225,1,0.9868319,1,0.006211952,0,0.33376777,0
1,0.00082029105,0,0.6378378,1,0.008858917,0,0.0008508178,0,0.00018812357,0
0,0.99997324,1,0.5735101,1,0.013197989,0,0.88953906,1,0.04665909,0
0,5.7782313e-07,0,0.5546423,1,0.9951046,1,0.9998093,1,0.99130684,1
0,0.07966392,0,0.5501519,1,0.019098306,0,0.12042474,0,0.94401926,1
0,0.9902156,1,0.55533075,1,0.9093986,1,0.6304294,1,0.012058657,0
0,1.6809081e-09,0,0.8268524,1,0.0003251111,0,0.083531044,0,0.97780097,1
0,0.42716303,0,0.55667764,1,0.0039206278,0,0.00090106344,0,0.014835084,0
1,0.059423313,0,0.55583256,1,0.010553165,0,0.8322312,1,7.1219047e-06,0
1,0.9999997,1,0.6370022,1,0.0036818956,0,0.0033845308,0,0.00014769842,0
0,0.99928313,1,0.55539864,1,0.0055101127,0,0.007558912,0,0.9107361,1
0,7.075016e-05,0,0.5545343,1,0.0055007315,0,0.69869757,1,0.99688536,1
0,0.11843494,0,0.55540276,1,0.96816874,1,0.9985146,1,0.97566235,1
1,3.411012e-06,0,0.5556462,1,0.99703497,1,0.999933,1,0.99968886,1
0,0.9669867,1,0.5553599,1,0.003424256,0,0.00055292214,0,0.9269868,1
0,0.0125321075,0,0.5553962,1,0.0042359247,0,0.00095701264,0,0.07183386,0
0,1.0263406e-06,0,0.035721254,0,0.1306354,0,0.97140175,1,0.07565415,0
1,1.4190982e-06,0,0.42187524,0,0.0029438518,0,0.00024541112,0,0.9753024,1
1,0.013839842,0,0.5547554,1,0.9960749,1,0.9999751,1,0.99963844,1
1,0.00043466222,0,0.5553958,1,0.003629087,0,0.0005797087,0,0.012649609,0
0,0.9123837,1,0.52903086,1,0.11620794,0,0.99999183,1,0.016609594,0
1,0.9996089,1,0.88201076,1,0.010153933,0,2.6152313e-05,0,0.060353655,0
1,0.98856634,1,0.55549765,1,0.9933664,1,0.8230943,1,0.08425653,0
1,3.4082556e-10,0,0.48417804,0,0.046325747,0,0.0011241467,0,0.09010977,0
1,4.3771674e-08,0,0.5556332,1,0.0059520626,0,0.8553215,1,0.7279757,1
1,1.0,1,0.41532212,0,0.9974482,1,0.9990592,1,0.9928569,1
1,0.28140372,0,0.5561137,1,0.0031710258,0,0.0006133187,0,0.004367123,0
0,0.9982109,1,0.55538833,1,0.9725075,1,0.99989784,1,0.94696337,1
0,2.2665482e-08,0,0.28759578,0,0.01064541,0,0.027092172,0,0.97490835,1
0,0.0047979257,0,0.55363065,1,0.005120443,0,0.0033805026,0,0.30426958,0
1,2.8735449e-06,0,0.5553453,1,0.008659419,0,0.006060856,0,0.0019461954,0
1,1.6187289e-09,0,0.50869906,1,0.0031074034,0,0.0014849989,0,0.0029416215,0
0,0.012856433,0,0.19062074,0,0.9970874,1,0.9359302,1,0.9999078,1
0,9.912089e-05,0,0.55779934,1,0.0031731213,0,0.00089394284,0,0.0022243743,0
0,0.00033284465,0,0.5549785,1,0.84781164,1,0.9999361,1,0.35428694,0
1,0.9998736,1,0.5543349,1,0.9957155,1,0.9996737,1,0.9795306,1
1,1.8429303e-11,0,0.55489045,1,0.9807232,1,0.78342134,1,0.99858665,1
1,1.6047036e-10,0,0.5513825,1,0.0031783867,0,0.0029408946,0,0.9929163,1
0,0.48939642,0,0.5555956,1,0.005322841,0,0.9655591,1,7.774623e-05,0
1,0.9995467,1,0.5550803,1,0.99701816,1,0.9998831,1,0.9996372,1
1,6.544862e-06,0,0.5551671,1,0.005986286,0,0.0005122277,0,0.04771961,0
1,0.007821929,0,0.55515575,1,0.021116557,0,0.99970907,1,0.9935131,1
0,1.1661797e-05,0,0.5558276,1,0.007531941,0,0.0013937271,0,0.059015762,0
0,0.9999999,1,0.5547018,1,0.99698454,1,0.9999862,1,0.9999114,1
0,0.99971706,1,0.5554044,1,0.0034322613,0,0.0008868415,0,0.0044690017,0
0,0.99999976,1,0.74737704,1,0.70026726,1,0.99986726,1,0.00010184339,0
0,0.9998769,1,0.55539894,1,0.99649054,1,0.99984217,1,0.92622423,1
1,6.736813e-06,0,0.999453,1,0.008291863,0,0.9963055,1,0.53025824,1
1,0.2904847,0,0.09940285,0,0.00018608922,0,1.6180173e-05,0,0.0027771103,0
1,1.1347213e-06,0,0.5543407,1,0.064189196,0,0.001872325,0,4.548713e-05,0
0,0.02586421,0,0.5555106,1,0.003570195,0,0.062096126,0,0.98822844,1
1,3.9515767e-06,0,0.5553631,1,0.0033102126,0,0.0077021597,0,9.157735e-05,0
0,0.2966884,0,0.5230398,1,0.0030914661,0,0.0008342881,0,0.34211236,0
1,0.99350816,1,0.5818719,1,0.0064193713,0,0.0007762929,0,0.004418202,0
0,0.106883444,0,0.5553969,1,0.006837196,0,0.9934153,1,0.94462854,1
0,0.9996088,1,0.55568063,1,0.9956565,1,0.9997641,1,0.32534775,0
1,0.9999988,1,0.55534554,1,0.9967992,1,0.99988747,1,0.0010349808,0
1,7.166865e-09,0,0.5553811,1,0.98963976,1,0.9990246,1,0.9913861,1
0,2.1730805e-06,0,0.55541503,1,0.024660442,0,0.0060228487,0,0.78983116,1
1,0.0716407,0,0.55500865,1,0.0076762256,0,0.99929625,1,0.00819413,0
0,0.00035364868,0,0.55283153,1,0.0037877434,0,0.010962298,0,0.0005038003,0
0,0.99997723,1,0.55422306,1,0.9897564,1,0.99986404,1,0.23592913,0
1,0.9356818,1,0.5554066,1,0.01751069,0,0.37999165,0,0.001227996,0
0,7.783986e-06,0,0.55638546,1,0.9968678,1,0.99999297,1,0.010053948,0
1,0.99976385,1,0.55540437,1,0.9956128,1,0.93084246,1,0.99225384,1
1,2.9520095e-07,0,0.55535245,1,0.0034171715,0,0.00094331405,0,0.0021595762,0
1,2.8036863e-08,0,0.6910403,1,0.99979866,1,0.9999994,1,0.99926364,1
1,0.0003024885,0,0.5550266,1,0.99092346,1,0.9991692,1,0.9994835,1
1,0.99997693,1,0.5550819,1,0.9970622,1,0.9997124,1,0.9998359,1
1,0.9999476,1,0.55532104,1,0.011789818,0,0.00077753083,0,0.012982143,0
1,1.7119301e-07,0,0.5553604,1,0.0036335953,0,0.0035298467,0,0.20693545,0
1,0.002849501,0,0.560721,1,0.010800632,0,0.0028844906,0,0.0507817,0
1,0.99997157,1,0.5546055,1,0.01813533,0,0.9673771,1,0.13112906,0
0,0.9999979,1,0.95327574,1,0.99970883,1,0.99999917,1,0.96982783,1
0,0.9987165,1,0.5558265,1,0.92731506,1,0.99917954,1,0.99989873,1
0,4.419353e-10,0,0.5559477,1,0.99117035,1,0.0030869462,0,0.9997246,1
0,0.99985385,1,0.92149824,1,0.999781,1,0.000649643,0,0.48143393,0
0,0.034165278,0,0.55563605,1,0.012543814,0,0.04308453,0,0.9987913,1
0,4.6539335e-06,0,0.55553097,1,0.0032990838,0,0.0007123365,0,0.0009642581,0
0,0.00010143738,0,0.5115206,1,0.003326627,0,0.004359453,0,0.018008385,0
0,1.2892347e-06,0,0.5536003,1,0.9969413,1,0.9983378,1,0.96549857,1
1,0.45966387,0,0.5557828,1,0.9842822,1,0.008962186,0,0.015163742,0
0,0.8778329,1,0.5550831,1,0.0039670365,0,0.010811952,0,0.022750122,0
0,0.99988675,1,0.55742437,1,0.05679778,0,0.99690145,1,0.9980111,1
0,0.99992025,1,0.44431663,0,0.0031628397,0,0.00556356,0,0.7974672,1
0,0.9999974,1,0.5551725,1,0.3389807,0,0.99980956,1,0.99979526,1
0,0.0032099138,0,0.55413806,1,0.0034629595,0,0.00091722445,0,0.9930762,1
1,9.0528156e-05,0,0.5558773,1,0.003213214,0,0.0041976,0,0.0010773569,0
0,0.0007520831,0,0.5551594,1,0.0031730474,0,0.0005334672,0,0.00012712835,0
1,0.99984425,1,0.0019217773,0,0.00024246948,0,0.00013732533,0,0.96770686,1
0,0.99999905,1,0.9342161,1,0.99941784,1,0.11214938,0,0.0006612431,0
1,0.0036465293,0,0.55544597,1,0.0036407902,0,0.0011937777,0,0.014562815,0
1,0.00018910335,0,0.7963244,1,0.0030237925,0,5.4540982e-05,0,0.00011667944,0
1,5.602566e-11,0,0.5551519,1,0.005841796,0,0.000910842,0,0.99525166,1
0,0.7939218,1,0.55485076,1,0.003561424,0,0.0014647528,0,0.00015093657,0
0,1.5645449e-09,0,0.58265054,1,0.9893633,1,0.874786,1,0.052381773,0
0,1.860474e-05,0,0.55476916,1,0.005410386,0,0.00055960135,0,0.000121391655,0
1,3.8489487e-10,0,0.85687816,1,0.72361785,1,4.0024595e-08,0,0.8719856,1
1,2.0206026e-06,0,0.55529624,1,0.10219705,0,0.9989449,1,0.99971694,1
1,0.99998903,1,0.55545765,1,0.0044213845,0,0.00060578546,0,0.011348555,0
0,8.111984e-10,0,0.55560505,1,0.0044988645,0,0.99890524,1,0.90899926,1
1,0.83158195,1,0.55555236,1,0.0058509004,0,0.000871327,0,0.00028374564,0
1,0.9999929,1,0.5797759,1,0.99923235,1,0.99985296,1,0.98579395,1
1,0.10667265,0,0.5555508,1,0.97920674,1,0.9993167,1,0.99612665,1
0,2.7219994e-07,0,0.55611044,1,0.0038268736,0,0.00056477275,0,0.8810447,1
0,0.8536355,1,0.5560458,1,0.0049536647,0,0.07311815,0,0.0010925137,0
0,9.0719425e-08,0,0.5540298,1,0.0034505266,0,0.0006498784,0,0.00013888718,0
0,6.827536e-10,0,0.5554092,1,0.0036312323,0,0.0018980401,0,0.0014416297,0
1,3.88748e-06,0,0.55533934,1,0.99681175,1,0.26410758,0,0.96922,1
1,0.99960464,1,0.55564904,1,0.0032953492,0,0.0031853407,0,0.002763052,0
1,0.00010005972,0,0.63298315,1,0.9973175,1,0.9999789,1,0.9996664,1
1,0.00040113277,0,0.5553374,1,0.005252518,0,0.0007281675,0,0.0005592087,0
0,4.470305e-09,0,0.55535746,1,0.9530273,1,0.45206693,0,0.9992498,1
0,2.2999984e-08,0,0.5554193,1,0.97162,1,0.2304212,0,0.9651592,1
0,1.9438154e-05,0,0.556147,1,0.997037,1,0.9999194,1,0.9995904,1
1,0.9265157,1,0.5552572,1,0.9676542,1,0.5446043,1,0.0011385357,0
0,0.010828288,0,0.5551187,1,0.0031903407,0,0.0038136912,0,0.011703074,0
1,0.99999124,1,0.14997175,0,0.012660024,0,0.011101101,0,0.00015713122,0
1,0.0003163681,0,0.55548954,1,0.0058241845,0,0.0019702958,0,0.99735206,1
1,1.1235087e-08,0,0.6715792,1,0.003927342,0,0.9271248,1,0.0050541386,0
0,2.0787731e-10,0,0.5554326,1,0.0033122979,0,0.0020839686,0,0.0026487159,0
0,7.0355753e-07,0,0.95646024,1,0.024537569,0,0.0020873756,0,0.00010093014,0
0,5.8694244e-11,0,0.08961566,0,0.99978095,1,0.9999946,1,0.99778813,1
1,1.8930197e-09,0,0.9083026,1,0.014494314,0,0.66133344,1,0.08987568,0
0,0.99956,1,0.55541813,1,0.0031665263,0,0.0011587124,0,0.00010122325,0
1,0.065364145,0,0.55543065,1,0.012366673,0,0.051717162,0,0.90800554,1
1,0.9999987,1,0.29452357,0,0.041864138,0,8.990261e-06,0,0.0020331612,0
1,0.9999643,1,0.5553426,1,0.010492915,0,0.000787572,0,0.18220139,0
0,5.538874e-09,0,0.5552352,1,0.99706674,1,0.999997,1,0.99994916,1
1,0.9999077,1,0.5951078,1,0.0041681854,0,0.021535568,0,0.34505352,0
1,2.4090294e-05,0,0.028770994,0,0.010166219,0,2.518e-05,0,0.007974422,0
0,0.96370596,1,0.5552216,1,0.9966021,1,0.9990212,1,0.9962191,1
0,0.97247094,1,0.5554787,1,0.18053882,0,0.0008890244,0,0.021130875,0
1,0.9999204,1,0.999724,1,0.99983007,1,0.9999276,1,0.99847806,1
0,0.0138451,0,0.55538344,1,0.9970663,1,0.99994504,1,0.9984211,1
0,2.3595162e-07,0,0.119113356,0,0.99976724,1,0.99998856,1,0.99962395,1
1,2.6581573e-10,0,0.5550768,1,0.519139,1,0.0010204547,0,3.6973903e-05,0
0,0.8078405,1,0.5555645,1,0.989721,1,0.9868789,1,0.5847529,1
0,7.4494165e-13,0,0.89839846,1,0.00037092963,0,0.7474237,1,0.99503285,1
0,0.999931,1,0.55541706,1,0.9969938,1,0.99720347,1,0.8575557,1
1,1.0,1,0.55381876,1,0.70911014,1,0.9984981,1,0.16601184,0
0,1.15392195e-05,0,0.55913335,1,0.0041660224,0,0.7912672,1,0.9152352,1
1,2.1988139e-07,0,0.5554905,1,0.03178282,0,0.00083937345,0,0.010816354,0
0,0.99999815,1,0.55554074,1,0.016379632,0,0.10913271,0,0.8764887,1
1,0.000773415,0,0.98694247,1,0.0007518162,0,0.71585417,1,0.004037514,0
0,0.99999994,1,0.5543031,1,0.0048981337,0,0.0021114547,0,0.025480134,0
1,0.9999621,1,0.55491585,1,0.010423426,0,0.9584675,1,0.99969953,1
1,0.00064138335,0,0.5411461,1,0.9371262,1,0.0033053518,0,0.6014433,1
0,2.3756989e-07,0,0.0558772,0,0.999211,1,0.0060200705,0,0.8322412,1
0,0.03348639,0,0.5553991,1,0.0077596065,0,0.0012478417,0,0.00011986675,0
1,0.0021122096,0,0.601538,1,0.99546576,1,0.9009521,1,0.49086666,0
1,0.9999964,1,0.5553236,1,0.0063667293,0,0.99758404,1,0.2851915,0
1,0.5760582,1,0.5553442,1,0.9966174,1,0.99998575,1,0.99972486,1
1,0.0013979458,0,0.8705029,1,0.0030583015,0,0.00018532852,0,0.00015817447,0
0,0.99977195,1,0.55560726,1,0.003959659,0,0.0013705036,0,0.0010974918,0
1,7.0783695e-05,0,0.5553705,1,0.90083045,1,0.00054034125,0,0.00022697628,0
0,1.2736217e-07,0,0.5551527,1,0.5861833,1,0.005876537,0,0.9474388,1
1,0.9997865,1,0.5558598,1,0.20184997,0,0.508444,1,0.9653248,1
0,1.05847974e-07,0,0.023965158,0,0.0061906986,0,0.078294314,0,0.00018208925,0
1,1.9006227e-05,0,0.5556276,1,0.047325324,0,0.9990937,1,0.9611797,1
1,0.7776537,1,0.55541426,1,0.003855281,0,0.00058196357,0,0.000297318,0
0,0.7874475,1,0.98886836,1,0.9978954,1,0.9999668,1,0.99977845,1
1,4.7610092e-07,0,0.565846,1,0.056936357,0,0.004606414,0,0.16520508,0
1,4.0291584e-07,0,0.55540544,1,0.29814786,0,0.9690571,1,0.9991595,1
1,7.62575e-07,0,0.56141216,1,0.004932957,0,0.010865094,0,0.9689697,1
0,0.99999887,1,0.55707234,1,0.9787055,1,0.9996366,1,0.99990076,1
0,0.99961936,1,0.5366499,1,0.005289533,0,0.0020336227,0,0.0015016218,0
0,0.9999689,1,0.55568445,1,0.0034497557,0,0.63629866,1,0.003046716,0
0,9.936429e-11,0,0.51590544,1,0.10954163,0,0.001572844,0,0.0930355,0
0,0.9999703,1,0.55534387,1,0.0075312676,0,0.00071758596,0,0.0057346057,0
0,1.7660484e-05,0,0.55546457,1,0.99578506,1,0.0014916025,0,0.9821875,1
1,3.9381507e-07,0,0.521715,1,0.0030695957,0,0.0010539503,0,0.0012290879,0
0,0.9994247,1,0.97147435,1,0.00015259466,0,0.2595967,0,0.0023207006,0
0,0.9999275,1,0.55523926,1,0.99438554,1,0.8834506,1,0.9871782,1
0,4.1531685e-08,0,0.55732954,1,0.98259425,1,0.99997556,1,0.9532002,1
0,3.8699534e-05,0,0.5321917,1,0.5319744,1,0.99907553,1,0.9993515,1
1,0.99999726,1,0.5551211,1,0.99528676,1,0.9999507,1,0.98945963,1
1,0.42140877,0,0.5571304,1,0.99698466,1,0.21063474,0,0.0015648915,0
0,0.69886655,1,0.557244,1,0.011135602,0,0.57403934,1,0.00018800594,0
1,0.9989709,1,0.55557644,1,0.18036772,0,0.067862764,0,0.13843006,0
1,2.0387337e-07,0,0.55885196,1,0.0031582904,0,0.0005206072,0,0.4847331,0
1,6.1725e-09,0,0.55532205,1,0.9968549,1,0.99941796,1,0.9996705,1
1,2.614303e-06,0,0.5582404,1,0.0030691624,0,0.9957484,1,0.16423051,0
1,0.062279742,0,0.55543196,1,0.9970678,1,0.99998206,1,0.9998975,1
1,0.19133528,0,0.55547357,1,0.009883181,0,0.9968371,1,0.9604698,1
1,0.00091929565,0,0.55586696,1,0.015088557,0,0.00060973276,0,0.99574596,1
0,0.002536205,0,0.5554591,1,0.01656389,0,0.015666509,0,0.0005149641,0
1,0.9999916,1,0.5546593,1,0.004470722,0,0.002227682,0,0.22947727,0
0,0.015294279,0,0.55627537,1,0.0031072258,0,0.0005117436,0,0.00026155863,0
0,0.55349016,1,0.5553664,1,0.0034577353,0,0.0007301131,0,0.38166296,0
1,0.9999309,1,0.579183,1,0.0038595283,0,0.9878025,1,0.9999917,1
1,0.9999319,1,0.561312,1,0.9969013,1,0.12005916,0,0.9959912,1
1,0.99963677,1,0.5490705,1,0.38444957,0,0.33009657,0,0.03329544,0
0,0.999237,1,0.5554117,1,0.9679243,1,0.95764065,1,0.51857543,1
1,0.009300738,0,0.5555728,1,0.0034180633,0,0.000980557,0,0.80001533,1
0,0.9992275,1,0.55561876,1,0.366548,0,0.29196188,0,0.0032667315,0
1,0.9999984,1,0.8609496,1,0.999777,1,0.99993443,1,0.99995315,1
0,1.6480474e-06,0,0.555412,1,0.08029124,0,0.9999936,1,0.9991849,1
0,1.6199778e-06,0,0.55208904,1,0.008758362,0,0.9999831,1,0.9290462,1
1,0.894123,1,0.640685,1,0.0048280167,0,0.9893664,1,0.076779336,0
1,0.006207278,0,0.5557924,1,0.994762,1,0.9998946,1,0.99985987,1
0,2.8672386e-07,0,0.55539256,1,0.00347251,0,0.002543205,0,0.0005112209,0
1,0.00030098655,0,0.5492869,1,0.9969103,1,0.99998474,1,0.24727027,0
0,1.0,1,0.5556379,1,0.0037503296,0,0.0017360905,0,0.8527024,1
0,1.4714546e-05,0,0.5531464,1,0.9967996,1,0.99997795,1,0.9389483,1
1,0.9999998,1,0.13067055,0,0.006880536,0,0.40674797,0,0.00447111,0
0,0.046086274,0,0.5554314,1,0.010129941,0,0.89014006,1,0.0007657127,0
1,0.9999882,1,0.5554045,1,0.0034171261,0,0.0004273595,0,9.267193e-05,0
0,1.4823985e-08,0,0.2763797,0,0.0032427711,0,0.19479653,0,0.0012026408,0
0,2.095723e-07,0,0.034130648,0,0.00042721714,0,2.631076e-05,0,0.00040857354,0
1,0.82341564,1,0.99394894,1,0.9935085,1,0.98908967,1,0.99996215,1
1,0.0005921397,0,0.55543596,1,0.9378707,1,0.9528924,1,0.07379546,0
0,4.8760114e-07,0,0.55542636,1,0.0047516148,0,0.95831174,1,0.26048735,0
0,0.9996397,1,0.5558664,1,0.003835361,0,0.01488321,0,0.9996127,1
0,0.9993197,1,0.001974928,0,0.99835664,1,0.98704636,1,0.945634,1
0,0.9993222,1,0.55558866,1,0.99304,1,0.9994338,1,0.99653196,1
0,0.9999823,1,0.7620556,1,0.997377,1,0.9999773,1,0.9998276,1
1,0.0049880054,0,0.55539185,1,0.99692374,1,0.99999607,1,0.99678314,1
0,0.99897486,1,0.55544376,1,0.97935504,1,0.9982085,1,0.99922895,1
0,0.9999973,1,0.54647136,1,0.9965636,1,0.9155869,1,0.9997526,1
0,2.7034439e-10,0,0.55540514,1,0.0032124978,0,0.00070863176,0,0.90768856,1
0,3.6455065e-05,0,0.555409,1,0.95569444,1,0.53463244,1,0.99985915,1
1,0.99999994,1,0.55455816,1,0.012026161,0,0.00095539837,0,0.015113378,0
0,0.42350858,0,0.55849975,1,0.9969993,1,0.99995375,1,0.85089135,1
0,0.9500051,1,0.5553151,1,0.013553387,0,0.64600545,1,0.99927056,1
1,0.99998957,1,0.5557566,1,0.9490967,1,0.14727937,0,0.5733549,1
1,0.0006359102,0,0.5553919,1,0.0031883412,0,0.0008378009,0,0.008958876,0
1,2.4303565e-06,0,0.55252856,1,0.0033947127,0,0.0010970029,0,0.0014262904,0
1,0.9999999,1,0.55574125,1,0.6247972,1,0.99951446,1,0.78043896,1
1,0.00022302114,0,0.5553286,1,0.01913118,0,0.0011738584,0,0.012008021,0
1,3.8421027e-11,0,0.5505418,1,0.0030774446,0,0.0009998111,0,0.00017784732,0
1,1.0,1,0.33694553,0,0.99713254,1,0.9999689,1,0.99995,1
1,3.109835e-06,0,0.5554478,1,0.007304674,0,0.9478448,1,0.05904042,0
1,6.849312e-08,0,0.55979556,1,0.98854023,1,0.0022473491,0,0.001481003,0
1,1.7060715e-05,0,0.55540514,1,0.7361312,1,0.7219471,1,0.9036299,1
1,4.433658e-08,0,0.5554349,1,0.06328459,0,0.68321604,1,0.7761493,1
1,0.3838819,0,0.61285436,1,0.0031314439,0,0.00041282634,0,0.0013153508,0
1,0.9999508,1,0.5551207,1,0.995529,1,0.9999301,1,0.99994993,1
1,0.004843405,0,0.5556985,1,0.023636388,0,0.9942685,1,0.015569886,0
1,0.922964,1,0.78528416,1,0.9997181,1,0.9999986,1,0.9839596,1
1,0.99819154,1,0.66359776,1,0.99985445,1,0.998247,1,0.0005578121,0
0,0.9999824,1,0.5554274,1,0.9936292,1,0.999524,1,0.0030185373,0
1,2.4703684e-08,0,0.55544347,1,0.99545366,1,0.9995664,1,0.8345145,1
0,0.22599018,0,0.54923254,1,0.997067,1,0.9999051,1,0.99997175,1
1,8.422321e-06,0,0.55331486,1,0.004704914,0,0.00047294484,0,0.037307486,0
0,1.0,1,0.99941885,1,0.9998374,1,0.61845237,1,0.70588326,1
1,0.5993776,1,0.5555004,1,0.9970242,1,0.99998456,1,0.99996454,1
1,0.016703568,0,0.5553487,1,0.003693455,0,0.001259285,0,0.0015644894,0
0,6.006107e-07,0,0.5551352,1,0.0071631223,0,0.6196162,1,0.00073800783,0
0,0.99999577,1,0.5554698,1,0.9624616,1,0.8330007,1,0.041381918,0
0,0.38209668,0,0.99101526,1,0.006687291,0,0.9957862,1,0.122523986,0
0,2.8454815e-08,0,0.64574003,1,0.00017046623,0,6.018066e-07,0,0.00440856,0
0,0.99935675,1,0.5561037,1,0.9936945,1,0.0019381226,0,0.9999078,1
1,0.9999396,1,0.5572303,1,0.9968297,1,0.9996245,1,0.99521095,1
1,0.4825278,0,0.57112426,1,0.0035376172,0,0.02519601,0,1.1911301e-05,0
0,6.4158643e-09,0,0.55548644,1,0.9877376,1,0.9858962,1,0.05047442,0
1,0.58476543,1,0.55538315,1,0.0031378632,0,0.0008564778,0,0.43209127,0
1,0.00017087795,0,0.5564653,1,0.0032204841,0,0.0011463872,0,0.011154499,0
0,0.99992275,1,0.5553596,1,0.0035976446,0,0.9298561,1,0.000950455,0
1,4.3400778e-05,0,0.55585754,1,0.99164265,1,0.9998617,1,0.8533153,1
0,0.9999961,1,0.5084107,1,0.0043886616,0,0.002227519,0,0.0028060346,0
1,0.0006018787,0,0.55545384,1,0.9965095,1,0.9999298,1,0.9999461,1
0,0.9999928,1,0.41764653,0,0.0030677738,0,0.996051,1,0.00036223282,0
0,0.99992555,1,0.55544114,1,0.98634976,1,0.9999763,1,0.998641,1
0,0.0355854,0,0.5544959,1,0.9960638,1,0.99998325,1,0.9999088,1
1,7.781734e-05,0,0.547843,1,0.003921386,0,0.00066923327,0,0.00027987885,0
0,0.999295,1,0.55516165,1,0.0047279606,0,0.0020172275,0,0.0114397025,0
1,0.79590166,1,0.5553379,1,0.0035196147,0,0.0069275363,0,0.0001501333,0
0,0.9999998,1,0.12430844,0,0.99827474,1,0.8676741,1,0.9986739,1
0,0.99999845,1,0.5556451,1,0.048178103,0,0.0020108465,0,0.001398068,0
1,0.00013394101,0,0.55546266,1,0.00461277,0,0.0006245842,0,0.0016656934,0
1,0.9984775,1,0.5554858,1,0.9136999,1,0.030758642,0,0.9968687,1
0,0.03960104,0,0.5553772,1,0.005548032,0,0.006091035,0,0.0056304894,0
0,0.69044095,1,0.57230276,1,0.006029834,0,0.02781225,0,0.0027834603,0
0,0.9999883,1,0.55544454,1,0.9589419,1,0.09379634,0,0.0011746834,0
1,8.7978954e-08,0,0.5553541,1,0.0031428386,0,0.0011554317,0,2.5164467e-05,0
0,8.356563e-07,0,0.004134166,0,0.999752,1,0.9999994,1,0.99343574,1
1,0.0030752742,0,0.55544573,1,0.0052993326,0,0.6581471,1,0.014757822,0
1,2.091546e-07,0,0.5552142,1,0.11284404,0,0.9568196,1,0.9809415,1
1,0.99999034,1,0.55384386,1,0.0030888238,0,0.00043294427,0,0.000109039065,0
0,0.99998856,1,0.5554173,1,0.9959563,1,0.99945986,1,0.10927824,0
0,1.9865365e-07,0,0.5566436,1,0.35825354,0,0.00798705,0,0.25889233,0
1,8.119077e-05,0,0.5554118,1,0.2128735,0,0.0014905363,0,0.32867384,0
1,0.9995724,1,0.527434,1,0.0044473954,0,0.008680517,0,0.002873194,0
0,0.99999994,1,0.55541265,1,0.079624124,0,0.99996847,1,0.9825743,1
0,0.9999327,1,0.5554566,1,0.003548509,0,0.090191536,0,0.98410064,1
1,0.9995871,1,0.5564195,1,0.9885452,1,0.0718576,0,0.38931522,0
1,0.9987116,1,0.5878885,1,0.05029086,0,0.011152731,0,0.892891,1
0,1.3293502e-06,0,0.5562485,1,0.99438816,1,0.9350656,1,0.99859375,1
1,0.99995744,1,0.5547013,1,0.00347811,0,0.00056195044,0,0.0016386652,0
0,0.99684155,1,0.001623768,0,0.98209065,1,0.00018066213,0,0.0038188326,0
1,0.16373083,0,0.95113736,1,0.0026201082,0,0.00025510244,0,4.576656e-05,0
0,0.98391557,1,0.5549699,1,0.0048214,0,0.0014522028,0,0.100060716,0
0,2.8747464e-09,0,0.9506309,1,0.0017817158,0,9.926398e-05,0,0.9714237,1
0,8.891606e-07,0,0.58843213,1,0.010970325,0,0.9999067,1,0.0029275035,0
1,0.9832568,1,0.55543005,1,0.9893142,1,0.06437605,0,0.9984727,1
0,1.9954807e-09,0,0.7553064,1,0.99295735,1,0.008138671,0,0.23530248,0
0,1.2032311e-08,0,0.5557347,1,0.41219872,0,0.00066184957,0,0.0063832775,0
1,0.099770345,0,0.5585597,1,0.010955342,0,0.7273194,1,0.02767767,0
0,0.999997,1,0.5624295,1,0.99682266,1,0.9999567,1,0.9883524,1
0,0.9983814,1,0.5761735,1,0.98114187,1,0.99908483,1,0.29615128,0
1,0.9999923,1,0.55519485,1,0.98330975,1,0.46543154,0,0.012224041,0
1,0.9961562,1,0.5562193,1,0.0033113,0,0.9993242,1,0.0002817078,0
0,0.9998997,1,0.5493961,1,0.007256216,0,0.019078653,0,0.9995228,1
0,0.99952865,1,0.06582616,0,0.9487997,1,0.16148907,0,0.96592265,1
0,0.57728,1,0.55534935,1,0.18936983,0,0.0062420317,0,0.0062027797,0
1,0.99975616,1,0.5554558,1,0.042232737,0,0.0010589965,0,0.91065633,1
0,5.7774383e-07,0,0.5236419,1,0.0030732208,0,0.0005669269,0,8.1311395e-05,0
0,0.99999994,1,0.55550075,1,0.983464,1,0.99995077,1,0.99931806,1
1,0.42498407,0,0.55538744,1,0.024654541,0,0.12876926,0,0.0126182325,0
0,3.842732e-06,0,0.048873525,0,0.9994152,1,0.99999714,1,0.9452854,1
0,1.0,1,0.55529624,1,0.0031707166,0,0.00038220646,0,0.0011173191,0
0,0.77904946,1,0.5554038,1,0.97820425,1,0.008248775,0,0.78705865,1
1,0.9999536,1,0.55553025,1,0.011088199,0,0.9995784,1,0.9619707,1
1,0.008173271,0,0.555626,1,0.003335703,0,0.0017381238,0,0.0067480034,0
0,0.99996954,1,0.5494771,1,0.0056455983,0,0.0014677136,0,0.99610144,1
0,0.001886858,0,0.5557101,1,0.993188,1,0.9999852,1,0.94325626,1
1,0.87895787,1,0.55574447,1,0.9689866,1,0.0011612067,0,0.006458388,0
0,0.07548835,0,0.555271,1,0.987346,1,0.9991965,1,0.025068399,0
1,1.9317663e-06,0,0.55546016,1,0.9877506,1,0.0019291891,0,0.96519494,1
0,2.2359523e-06,0,0.5554126,1,0.9953422,1,0.17623904,0,2.7206705e-05,0
0,0.00019148768,0,0.55551493,1,0.03165588,0,0.92775995,1,0.5429893,1
0,4.7165628e-08,0,0.55593485,1,0.003765904,0,0.005329016,0,0.00046473087,0
1,0.00020539822,0,0.556961,1,0.0062590325,0,0.9993691,1,0.017041188,0
0,0.013439674,0,0.25616232,0,0.0031189611,0,0.017063534,0,0.00013762659,0
1,0.89109695,1,0.008616727,0,0.017229749,0,0.020289427,0,0.00019665663,0
1,0.0007785996,0,0.0106899785,0,0.99975234,1,0.999939,1,0.9846005,1
0,0.9999984,1,0.55507225,1,0.99556184,1,0.9984947,1,0.9997933,1
1,2.7672096e-08,0,0.5557401,1,0.9969443,1,0.9985747,1,0.9996475,1
0,6.5198833e-07,0,0.55539554,1,0.07247487,0,0.002763064,0,0.9978968,1
0,1.9745474e-05,0,0.5554185,1,0.046458423,0,0.99980885,1,0.9982976,1
1,0.99999815,1,0.55562645,1,0.020317113,0,0.30793002,0,0.00017718736,0
0,0.99999315,1,0.5554973,1,0.040909443,0,0.0029406778,0,0.0047493153,0
0,0.7569655,1,0.9608718,1,0.0026112734,0,0.085601114,0,0.9046412,1
0,0.9998899,1,0.55541945,1,0.99182224,1,0.013594144,0,0.9984321,1
0,0.9999987,1,0.5563024,1,0.003846834,0,0.79384977,1,0.96779025,1
1,1.5111596e-07,0,0.5555787,1,0.09634295,0,0.02875226,0,0.99993604,1
0,1.496494e-09,0,0.044751205,0,0.99756503,1,0.99998707,1,0.9991726,1
0,0.9999983,1,0.5552028,1,0.005180447,0,0.0008181705,0,0.9519238,1
1,0.09248156,0,0.5556265,1,0.081498176,0,0.0009214789,0,0.8038136,1
0,0.9999939,1,0.5510891,1,0.93522465,1,0.0032649809,0,0.00028311816,0
1,0.033108413,0,0.5555768,1,0.18994002,0,0.0035156033,0,0.022761397,0
0,0.95311683,1,0.5554247,1,0.14214465,0,0.0016028052,0,0.052833103,0
0,0.99988633,1,0.55540085,1,0.15725936,0,0.9910337,1,0.69464713,1
0,2.2400208e-07,0,0.54287267,1,0.008884758,0,0.999868,1,0.9044877,1
0,0.008583077,0,0.5553515,1,0.0062973313,0,0.5652628,1,0.015203456,0
1,0.8409317,1,0.5626097,1,0.0035112146,0,0.999002,1,0.0007843006,0
1,0.40337634,0,0.555387,1,0.991419,1,0.9996501,1,0.16367039,0
0,2.2037423e-08,0,0.55541307,1,0.42298847,0,0.99572164,1,0.9981456,1
0,0.0020149397,0,0.55569446,1,0.9962416,1,0.9998478,1,0.99997336,1
1,0.9993744,1,0.17548321,0,0.03334317,0,0.001873515,0,0.01544187,0
1,0.9998278,1,0.5553091,1,0.003376338,0,0.007205971,0,0.008519957,0
1,0.99954367,1,0.55534244,1,0.98385423,1,0.0042819944,0,0.2684793,0
1,5.130681e-08,0,0.55793417,1,0.003175831,0,0.90713716,1,0.00038796628,0
0,0.98587626,1,0.5563316,1,0.0039864676,0,0.001036975,0,0.08846786,0
0,0.9984126,1,0.5553989,1,0.007518401,0,0.0046225353,0,0.0073521896,0
1,6.8804624e-08,0,0.97319627,1,0.00012133575,0,0.00054440275,0,0.04986987,0
0,0.27524772,0,0.555679,1,0.006483999,0,0.00074539706,0,0.00010269728,0
1,0.9885415,1,0.5874971,1,0.8503934,1,0.9988592,1,0.9862557,1
1,0.012068646,0,0.5555835,1,0.9969569,1,0.99963826,1,0.99983835,1
1,0.99999374,1,0.55563694,1,0.03437585,0,0.0025737735,0,0.82081574,1
0,0.9981722,1,0.5554734,1,0.005628089,0,0.96081483,1,0.025346985,0
0,1.0,1,0.55542415,1,0.0037647767,0,0.000624934,0,4.327528e-06,0
0,5.563597e-09,0,0.9346033,1,0.00087014504,0,1.5450215e-06,0,0.96489763,1
1,0.99948484,1,0.55652046,1,0.9945025,1,0.99969316,1,0.9900221,1
1,1.1554819e-08,0,0.5556264,1,0.94161594,1,0.99920565,1,0.9991642,1
1,4.0571304e-06,0,0.993287,1,0.99402755,1,0.46730632,0,0.9622266,1
0,1.3450572e-06,0,0.5555224,1,0.9396293,1,0.98496777,1,0.0018954779,0
1,0.95584756,1,0.5556056,1,0.9968359,1,0.99997,1,0.048988264,0
1,1.7052565e-09,0,0.5551872,1,0.99706656,1,0.9999887,1,0.9998079,1
1,1.8382008e-12,0,0.55527264,1,0.0032494082,0,0.00045376507,0,0.011989649,0
1,0.9999769,1,0.5524394,1,0.97496885,1,0.9998735,1,0.028271468,0
1,4.248879e-07,0,0.55542445,1,0.11064829,0,0.6396542,1,0.042163517,0
1,1.1037436e-05,0,0.5553236,1,0.004839113,0,0.32040295,0,0.0007119158,0
0,0.9999808,1,0.34666777,0,0.0041812453,0,0.0028902306,0,0.9418468,1
1,0.04478076,0,0.55536604,1,0.9952237,1,0.94441026,1,0.47647098,0
1,0.99978244,1,0.5455066,1,0.003075779,0,0.0009617657,0,0.9041431,1
1,8.0940094e-10,0,0.55429775,1,0.010465662,0,0.0013002418,0,0.9990761,1
1,0.9999967,1,0.0041718725,0,0.9964185,1,0.9748107,1,0.9970296,1
1,1.14059116e-10,0,0.55476624,1,0.8266945,1,0.99994856,1,0.9821704,1
0,2.6028447e-13,0,0.6655459,1,0.9968405,1,0.99933076,1,0.99982864,1
0,0.99659294,1,0.883675,1,0.00027257064,0,0.0047934577,0,0.9943759,1
0,0.99999976,1,0.6469059,1,0.9963937,1,0.9993948,1,0.978843,1
1,0.97055984,1,0.5553719,1,0.9754364,1,0.941155,1,0.91502756,1
0,5.8843066e-06,0,0.5552971,1,0.9776303,1,0.9997603,1,0.99951607,1
1,0.99580336,1,0.5556369,1,0.018775823,0,0.0016442823,0,0.0011891036,0
1,3.2566905e-07,0,0.18902798,0,0.00020195567,0,1.2902298e-07,0,0.00012180026,0
0,1.6563143e-11,0,0.5711019,1,0.049539264,0,0.35507616,0,0.96754104,1
1,0.9972586,1,0.5554635,1,0.0035481993,0,0.5891206,1,0.0047815735,0
1,0.9999981,1,0.9669647,1,0.99967986,1,0.99999505,1,0.028232511,0
1,0.999953,1,0.5551446,1,0.0044956817,0,0.8122222,1,0.005313386,0
1,4.7380766e-08,0,0.5468426,1,0.003067997,0,0.00103095,0,0.0019287511,0
1,0.99999875,1,0.55615574,1,0.99492204,1,0.9999291,1,0.45394552,0
0,4.7807716e-11,0,0.55541146,1,0.006135551,0,0.001081604,0,0.9980613,1
0,1.3159115e-09,0,0.5554685,1,0.95630807,1,0.99954796,1,0.99902135,1
0,0.99994236,1,0.9968485,1,0.00025845278,0,0.0007416099,0,0.025000406,0
1,0.010111277,0,0.47391704,0,0.9994519,1,0.0011777248,0,0.0024730253,0
1,2.8958897e-07,0,0.55629694,1,0.15613152,0,0.0011335764,0,0.13600902,0
0,1.0,1,0.5553946,1,0.011541423,0,0.9336285,1,0.03149473,0
0,0.8682325,1,0.55529225,1,0.0058902386,0,0.60832226,1,0.0013893557,0
1,0.005738769,0,0.55519736,1,0.0030770043,0,0.0006213735,0,2.0602854e-05,0
1,0.0027469508,0,0.55546176,1,0.011592338,0,0.0032681744,0,0.38166976,0
0,0.97961694,1,0.5554412,1,0.051025614,0,0.60942113,1,0.9693066,1
0,0.9981284,1,0.55551904,1,0.004708812,0,0.19088013,0,0.034660812,0
1,5.1331266e-12,0,0.55536944,1,0.0030811916,0,0.0004968993,0,5.034577e-06,0
1,4.0898367e-06,0,0.5568506,1,0.008198176,0,0.019619586,0,0.7871868,1
1,0.0023818053,0,0.4092792,0,0.9914457,1,0.99976856,1,0.7410782,1
0,0.9999902,1,0.5553748,1,0.006151045,0,0.0044978713,0,0.05953815,0
0,0.12279119,0,0.5565591,1,0.98790014,1,0.9994488,1,0.00356786,0
0,1.0,1,0.5513044,1,0.024255786,0,0.9994278,1,0.9347488,1
0,2.9214324e-09,0,0.58020735,1,0.43516394,0,0.99474776,1,0.0014032825,0
0,4.6522923e-06,0,0.56210536,1,0.8049326,1,0.98729753,1,0.04755311,0
1,0.9999998,1,0.55483085,1,0.43947637,0,0.9993729,1,0.047580767,0
1,0.99997705,1,0.5552336,1,0.0033293427,0,0.9994967,1,0.004276888,0
1,1.0,1,0.55554986,1,0.97961706,1,0.9995953,1,0.9963408,1
0,0.013019202,0,0.55540717,1,0.009958893,0,0.882855,1,0.0040386785,0
0,0.97760034,1,0.5550105,1,0.006998552,0,0.0007815525,0,0.0015714833,0
0,0.9999812,1,0.5556197,1,0.019211356,0,0.91443014,1,0.15853506,0
0,2.7448023e-05,0,0.55525273,1,0.9966692,1,0.9999308,1,0.9983829,1
1,4.992843e-07,0,0.5556064,1,0.029681673,0,0.9994672,1,0.9774877,1
1,2.4781721e-09,0,0.55440813,1,0.0034617218,0,0.023584224,0,0.4160535,0
1,8.712073e-10,0,0.55780387,1,0.5780373,1,0.07176581,0,0.999902,1
1,0.99940115,1,0.55471647,1,0.99367785,1,0.99679863,1,0.99600166,1
1,0.9436402,1,0.55536455,1,0.0034247327,0,0.0005291633,0,0.09425712,0
1,0.9999991,1,0.55540216,1,0.39995354,0,0.11565636,0,0.73048174,1
1,0.0024392572,0,0.55538654,1,0.99574643,1,0.99870574,1,0.9093269,1
1,0.9999998,1,0.5555662,1,0.010071209,0,0.07651199,0,0.52475154,1
1,4.879031e-05,0,0.5555702,1,0.008057018,0,0.25485653,0,0.037110645,0
0,0.9999165,1,0.1603877,0,0.99980885,1,0.99999785,1,0.9993454,1
0,0.9999913,1,0.56996584,1,0.07609628,0,0.01814687,0,0.9972267,1
0,0.9998952,1,0.55536866,1,0.07668481,0,0.057579566,0,0.99377793,1
0,0.94686115,1,0.5565546,1,0.99623305,1,0.9999797,1,0.9990341,1
1,0.51612353,1,0.5553901,1,0.012588171,0,0.53339154,1,0.9354812,1
0,0.0017864805,0,0.55618495,1,0.008295157,0,0.9349691,1,0.9826689,1
1,0.99908054,1,0.5547907,1,0.003885388,0,0.9860773,1,0.0031173455,0
1,0.00043383602,0,0.5557836,1,0.0050225738,0,0.99645877,1,9.150646e-05,0
1,1.0,1,0.44849122,0,0.0030986003,0,0.002949527,0,6.210034e-05,0
1,0.9999007,1,0.75560135,1,0.003324111,0,3.0457073e-08,0,0.0070631076,0
0,0.0062579475,0,0.5553322,1,0.99631965,1,0.9999909,1,0.9972034,1
0,0.99994975,1,0.5551474,1,0.9918141,1,0.9998337,1,0.9995824,1
1,0.07200579,0,0.5553836,1,0.99553466,1,0.9989498,1,0.9428091,1
1,3.378484e-07,0,0.555573,1,0.9970158,1,0.9999761,1,0.95222044,1
0,0.9968508,1,0.55543375,1,0.0048839245,0,0.9990906,1,0.9761521,1
0,0.9999892,1,0.55447054,1,0.003911399,0,0.6530655,1,0.12925945,0
0,0.058269154,0,0.53878427,1,0.99978215,1,0.9999175,1,0.9992424,1
1,0.9999959,1,0.650967,1,0.0030942315,0,0.0004499983,0,0.00052716944,0
1,8.972907e-12,0,0.5668171,1,0.9818671,1,0.9998085,1,0.014484257,0
0,0.9999876,1,0.553129,1,0.99372065,1,0.9998097,1,0.99237835,1
1,0.99999785,1,0.5554555,1,0.03795117,0,0.021693705,0,0.0012732366,0
1,1.067853e-09,0,0.2636549,0,0.19658308,0,0.9890794,1,0.27147627,0
1,1.0,1,0.017718311,0,0.99892735,1,0.0008853514,0,0.00012597244,0
0,0.99991924,1,0.55541337,1,0.96158206,1,0.9996136,1,0.9998842,1
1,0.99991727,1,0.55553573,1,0.008856674,0,0.0061635454,0,0.55724525,1
0,0.035826683,0,0.55537534,1,0.054051332,0,0.99461013,1,0.9621799,1
1,0.0024903584,0,0.55562437,1,0.99607843,1,0.9999887,1,0.99650484,1
1,7.1876957e-06,0,0.5554171,1,0.95087904,1,0.00076836423,0,0.024641227,0
0,3.5641024e-06,0,0.70023984,1,0.9832854,1,0.99728465,1,0.90400106,1
1,0.9986381,1,0.55540466,1,0.100050434,0,0.55405575,1,0.20841737,0
0,0.99988294,1,0.55537826,1,0.0047233826,0,0.02777879,0,0.003275223,0
0,1.3913338e-05,0,0.55520153,1,0.9827417,1,0.0024558192,0,0.037386555,0
1,0.98924077,1,0.5553573,1,0.0040614647,0,0.00071237795,0,0.0024041666,0
1,0.0013305657,0,0.5553982,1,0.0047079613,0,0.9514911,1,0.018754011,0
0,0.9999997,1,0.5553249,1,0.99608946,1,0.9583435,1,0.99929327,1
1,2.501137e-05,0,0.555424,1,0.039991353,0,0.0012763704,0,0.018838499,0
0,5.088741e-07,0,0.15135211,0,0.99035954,1,0.9992201,1,0.99992335,1
0,0.99918973,1,0.55007386,1,0.0039527165,0,0.77000844,1,2.6172269e-05,0
0,0.9999953,1,0.551493,1,0.006001263,0,0.11208449,0,0.0022731547,0
1,0.9934065,1,0.5553508,1,0.99515194,1,0.99763125,1,0.99980235,1
0,0.9969801,1,0.55508643,1,0.003538758,0,0.008872297,0,0.0016249581,0
0,0.9999984,1,0.5554142,1,0.011622901,0,0.001591461,0,0.99542344,1
0,0.9999636,1,0.90954953,1,0.9974237,1,0.99999565,1,0.9536748,1
1,0.9999961,1,0.5554235,1,0.10392173,0,0.9997136,1,0.99513996,1
0,0.99982995,1,0.5578655,1,0.60492045,1,0.1908152,0,0.9972078,1
1,2.0623468e-06,0,0.7519985,1,0.0030839338,0,0.0029514767,0,8.822438e-05,0
0,0.9999538,1,0.55286986,1,0.99688196,1,0.9998327,1,0.99528927,1
0,0.99989474,1,0.5455678,1,0.0030678776,0,0.0020656032,0,6.435047e-05,0
1,0.99814713,1,0.5553986,1,0.003587463,0,0.7636942,1,0.0028087727,0
1,0.9999993,1,0.5627671,1,0.0039551086,0,0.99610937,1,0.0022589029,0
1,1.426517e-08,0,0.56113327,1,0.94014305,1,0.9569592,1,0.9416073,1
0,1.8092958e-05,0,0.5507074,1,0.004013136,0,0.0024737522,0,0.0006353455,0
0,0.99999845,1,0.5577873,1,0.012871997,0,0.0022250963,0,0.00077310257,0
0,0.9999442,1,0.5554011,1,0.036934227,0,0.120921366,0,0.06500387,0
0,5.48435e-06,0,0.5550657,1,0.0031083873,0,0.0020471127,0,0.00040173877,0
0,0.4683608,0,0.5553199,1,0.0071674786,0,0.12291884,0,0.005290286,0
0,0.0038114423,0,0.55462825,1,0.0031138088,0,0.00039763463,0,5.3944783e-05,0
1,7.2376616e-10,0,0.55453354,1,0.99595004,1,0.9989936,1,0.99960494,1
0,7.851596e-07,0,0.55781126,1,0.99615175,1,0.9999302,1,0.99978155,1
0,1.2540862e-09,0,0.029643755,0,0.99959594,1,0.9999793,1,0.072215915,0
1,0.9999918,1,0.55546325,1,0.1589672,0,0.99980533,1,0.99991155,1
1,0.0012387696,0,0.5554767,1,0.006754069,0,0.0024256583,0,0.034637216,0
0,0.00031227534,0,0.55497503,1,0.9970586,1,0.99999136,1,0.9999845,1
0,0.9326935,1,0.5524489,1,0.0035321987,0,0.00057848566,0,0.0021451977,0
0,0.999622,1,0.4930846,0,0.9998156,1,0.999229,1,0.9998589,1
0,0.95279384,1,0.55538875,1,0.005611153,0,0.034548715,0,0.48805428,0
0,0.9999689,1,0.5664795,1,0.0011345843,0,2.0445632e-06,0,0.69930995,1
1,0.996102,1,0.55538684,1,0.0030993754,0,0.0007170652,0,0.0010785167,0
1,0.9999991,1,0.5552,1,0.71083605,1,0.07768553,0,0.9662042,1
1,0.0031535202,0,0.5553836,1,0.6890053,1,0.99937546,1,0.0018216324,0
1,0.03067026,0,0.5520314,1,0.9966001,1,0.9999953,1,0.99928904,1
1,0.9999978,1,0.5564438,1,0.0061173164,0,0.0007353744,0,0.00029785276,0
0,0.999968,1,0.98854756,1,0.0003018622,0,4.3359546e-07,0,0.8202257,1
1,0.39908096,0,0.5552965,1,0.0031012485,0,0.00087206584,0,1.2081512e-05,0
1,0.9999993,1,0.5553554,1,0.0070125037,0,0.02760663,0,0.0010691365,0
1,9.5646305e-05,0,0.55044854,1,0.06047054,0,0.9238304,1,0.013190526,0
0,0.9999215,1,0.55527794,1,0.004747785,0,0.0008067055,0,3.7555164e-06,0
0,5.2939605e-08,0,0.55553514,1,0.9963032,1,0.9999322,1,0.9873342,1
1,0.010120397,0,0.55538034,1,0.9951071,1,0.99986774,1,0.9999961,1
0,0.00039324744,0,0.55590415,1,0.99386823,1,0.6865067,1,0.50143003,1
1,0.9995211,1,0.5545912,1,0.9858792,1,0.97518396,1,0.017676445,0
1,3.140831e-08,0,0.039536964,0,0.99986297,1,0.74306774,1,0.5958354,1
0,2.5915186e-05,0,0.9385378,1,0.9997593,1,0.9933792,1,0.99943453,1
0,0.9997913,1,0.55552083,1,0.0041934038,0,0.0014673217,0,0.98870474,1
1,0.9882607,1,0.54409736,1,0.9970289,1,0.99915403,1,0.39251375,0
1,0.99999803,1,0.5553988,1,0.99706054,1,0.9999826,1,0.9960593,1
1,0.6061693,1,0.55542433,1,0.0034088092,0,0.00054321345,0,0.009525882,0
1,0.999476,1,0.5554322,1,0.98626137,1,0.99649185,1,0.9889022,1
0,0.00059722044,0,0.97071654,1,0.41619852,0,0.90655214,1,0.07683743,0
0,0.4779146,0,0.00027723977,0,0.8778515,1,0.15656614,0,0.005242655,0
0,0.9999866,1,0.55570936,1,0.9957117,1,0.99997514,1,0.9990273,1
0,0.000107685984,0,0.5553896,1,0.0066224006,0,0.048774928,0,0.99934596,1
0,0.0033165538,0,0.061303426,0,0.0066463226,0,0.9520856,1,0.9115336,1
0,0.0009474895,0,0.55556333,1,0.9868427,1,0.027365845,0,0.096695624,0
1,0.00012691386,0,0.55541337,1,0.9881352,1,0.9999243,1,0.4866318,0
0,1.0,1,0.55528826,1,0.99203295,1,0.99973565,1,0.999744,1
1,2.5311909e-05,0,0.555125,1,0.9831446,1,0.99912065,1,0.9732184,1
0,0.20697744,0,0.5555132,1,0.0031786736,0,0.0011924732,0,0.00040460212,0
1,0.04025271,0,0.55539155,1,0.031262994,0,0.004722971,0,0.00063257804,0
0,0.44306436,0,0.5548912,1,0.99686927,1,0.99926496,1,0.84558135,1
0,8.216086e-08,0,0.5554336,1,0.9959993,1,0.9999406,1,0.9719798,1
0,1.04433175e-05,0,0.55524886,1,0.010193521,0,0.004320231,0,0.037886757,0
1,3.332855e-05,0,0.55517185,1,0.07355847,0,0.19510554,0,0.0003751486,0
0,4.519653e-06,0,0.55519193,1,0.0044581,0,0.0027111713,0,0.007093873,0
0,4.9930706e-05,0,0.55513275,1,0.008118652,0,0.00091864076,0,0.03431254,0
1,2.6372754e-10,0,0.5559668,1,0.41900617,0,0.99960697,1,0.99987906,1
0,0.00033752457,0,0.5549843,1,0.9904047,1,0.99995214,1,0.9999327,1
1,0.028714554,0,0.55540156,1,0.89864093,1,0.9346012,1,0.015491692,0
1,1.41863575e-05,0,0.55551594,1,0.9917204,1,0.99852425,1,0.8778248,1
1,0.06768268,0,0.5614856,1,0.9761395,1,0.007583432,0,0.52613294,1
0,5.4962966e-12,0,0.55514336,1,0.9832789,1,0.99486697,1,0.99900264,1
0,0.93832815,1,0.16970958,0,0.99990535,1,0.06640364,0,0.96826285,1
1,5.671733e-11,0,0.17969446,0,0.00013080501,0,0.0031530943,0,0.014790056,0
0,0.9999906,1,0.55544263,1,0.23215914,0,0.97502154,1,0.87943506,1
1,0.008294824,0,0.55539197,1,0.005061299,0,0.003668028,0,0.47413042,0
1,0.0024295982,0,0.4724269,0,0.0045954036,0,0.001077049,0,0.94700485,1
0,0.99999005,1,0.55464387,1,0.0047667613,0,0.002654504,0,0.06578547,0
0,0.8871905,1,0.55549836,1,0.009902223,0,0.0036631064,0,0.00023357684,0
1,0.99999946,1,0.5553147,1,0.004096129,0,0.0026570465,0,0.0009500305,0
1,0.99999154,1,0.55541027,1,0.9961553,1,0.9936759,1,0.99845576,1
1,0.9957445,1,0.55561835,1,0.0032119255,0,0.0008577037,0,0.0014521539,0
0,0.79728913,1,0.99379593,1,0.00034040242,0,0.8267394,1,0.008700588,0
0,5.0312157e-11,0,0.5555167,1,0.003792659,0,0.005571118,0,0.02855752,0
1,0.99991536,1,0.5560884,1,0.99547136,1,0.99980646,1,0.99997926,1
0,0.99544036,1,0.5555694,1,0.008293976,0,0.9500321,1,0.7094189,1
1,1.4393988e-06,0,0.7041457,1,0.8368334,1,0.963443,1,0.94697326,1
1,0.98501825,1,0.5567962,1,0.9968396,1,0.99916065,1,0.0017446409,0
1,4.5133906e-06,0,0.5556819,1,0.0030669875,0,0.0007254842,0,0.0016294144,0
1,0.99983156,1,0.3017318,0,0.9998779,1,0.9999629,1,0.9998467,1
0,0.9997866,1,0.5554828,1,0.9945851,1,0.9999469,1,0.9931439,1
0,0.03428042,0,0.55513835,1,0.99691033,1,0.9994214,1,0.96788335,1
0,4.945891e-06,0,0.55562466,1,0.47974506,0,0.9999864,1,0.9848008,1
1,0.92789525,1,0.55552006,1,0.009029164,0,0.0012510312,0,0.0024243733,0
0,0.99998707,1,0.55875254,1,0.9970498,1,0.9985002,1,0.99884933,1
0,0.7925374,1,0.55559415,1,0.0042330865,0,0.021729145,0,0.04037674,0
1,0.022184163,0,0.5554298,1,0.99698114,1,0.9984938,1,0.98287857,1
1,0.11396329,0,0.5554123,1,0.9968133,1,0.9999586,1,0.99901974,1
1,1.1695577e-11,0,0.85346985,1,0.9474787,1,0.94060355,1,0.99998724,1
0,5.6505858e-09,0,0.05252159,0,0.99982935,1,0.9999949,1,0.0013817052,0
0,0.99999166,1,0.5553996,1,0.004937548,0,0.0006356269,0,0.7098377,1
0,0.9999949,1,0.55537575,1,0.9884786,1,0.99899846,1,0.9996554,1
1,0.0021378098,0,0.5551766,1,0.0048792753,0,0.0013595329,0,0.90239334,1
0,0.8825591,1,0.0016819063,0,0.0013283232,0,8.1669874e-05,0,0.02669826,0
0,0.9997852,1,0.5554129,1,0.99478996,1,0.9927302,1,0.9990328,1
0,6.410935e-08,0,0.34297138,0,0.013827222,0,0.6065496,1,0.7585615,1
1,0.75941175,1,0.5555361,1,0.018883264,0,0.0017126898,0,0.9986424,1
1,4.1612243e-06,0,0.55552083,1,0.87788695,1,0.9998863,1,0.97916275,1
1,1.2052334e-09,0,0.5548399,1,0.004602749,0,0.005634799,0,0.44961447,0
1,0.00011012591,0,0.55927444,1,0.004205011,0,0.063647956,0,0.95480436,1
0,1.2673345e-07,0,0.5522772,1,0.0032097793,0,0.0010747679,0,0.011131287,0
1,0.00047512728,0,0.55540544,1,0.0036943571,0,0.00095109467,0,0.008270269,0
1,0.86726403,1,0.55539244,1,0.0062001226,0,0.007775229,0,0.6761348,1
0,0.00024805314,0,0.5554827,1,0.23520064,0,0.0016036939,0,0.96607375,1
0,3.5816589e-10,0,0.007900483,0,0.9960077,1,0.9999966,1,0.11617984,0
0,0.9474199,1,0.55543286,1,0.09708948,0,0.001955113,0,0.99806833,1
0,0.9999191,1,0.5559991,1,0.33698162,0,0.99558216,1,0.0027603703,0
1,6.714935e-05,0,0.5537948,1,0.99664915,1,0.98853403,1,0.14957066,0
1,0.0008122183,0,0.10998381,0,0.9963536,1,0.9999257,1,0.0025845014,0
1,0.99996936,1,0.99480927,1,0.9998838,1,0.9998147,1,0.94508517,1
1,0.96954507,1,0.55538815,1,0.9969995,1,0.92029554,1,0.9996994,1
1,0.9999985,1,0.5555809,1,0.034225855,0,0.37545583,0,0.008514564,0
1,0.00038970978,0,0.99791956,1,0.9501382,1,0.0012297219,0,0.21555033,0
1,0.99951535,1,0.55572826,1,0.98829144,1,0.9989379,1,0.8672478,1
0,1.0192238e-07,0,0.55536765,1,0.0040099863,0,0.016810006,0,0.011076921,0
0,0.99999976,1,0.259601,0,0.9571984,1,0.0040749945,0,0.96917605,1
0,4.9191357e-10,0,0.55566806,1,0.99555874,1,0.028165609,0,0.98487204,1
0,3.1377516e-05,0,0.009174533,0,0.00014621699,0,2.1491094e-06,0,0.0022180842,0
1,0.9731123,1,0.55542505,1,0.0032454403,0,0.0012589684,0,0.0028141374,0
0,0.9998676,1,0.2554685,0,0.996818,1,0.9993671,1,0.94437176,1
1,0.37274772,0,0.6663679,1,0.99728894,1,0.06379107,0,0.00017669388,0
1,0.021329653,0,0.5551702,1,0.9970568,1,0.99999565,1,0.9919402,1
0,2.19348e-09,0,0.5555992,1,0.99618113,1,0.99994373,1,0.600341,1
1,0.0015919867,0,0.9207817,1,0.00014434339,0,0.0042427736,0,0.00051762554,0
0,4.1663055e-09,0,0.5547136,1,0.0037971423,0,0.09777926,0,0.025722485,0
1,0.037135195,0,0.55507874,1,0.0046206983,0,0.72255325,1,0.0009800745,0
1,0.99983674,1,0.04710227,0,0.5747759,1,0.00036429075,0,0.0026550344,0
1,0.99999964,1,0.5539393,1,0.0045420523,0,0.0015811109,0,5.8090387e-05,0
0,0.9992086,1,0.5554389,1,0.003073059,0,0.00040612405,0,4.163364e-06,0
1,0.9999992,1,0.555272,1,0.0032592628,0,0.00041310603,0,3.584899e-05,0
0,0.99995154,1,0.5554428,1,0.003458368,0,0.0025302242,0,0.005185939,0
1,0.97566336,1,0.99976027,1,0.016225493,0,1.7357066e-06,0,0.001024523,0
1,3.5303365e-05,0,0.55546635,1,0.06174491,0,0.99542594,1,0.99998426,1
0,0.6894599,1,0.9984673,1,0.00022640478,0,0.00011093506,0,0.0030705857,0
1,0.026505884,0,0.5552771,1,0.0031821504,0,0.00069101364,0,0.00053246995,0
0,6.2021923e-06,0,0.55546176,1,0.94695175,1,0.892103,1,0.81516707,1
1,0.11764875,0,0.5555408,1,0.017928297,0,0.9998154,1,0.9988075,1
0,0.9999991,1,0.5554678,1,0.0046610963,0,0.0006878323,0,0.02319381,0
1,0.010419964,0,0.991782,1,0.0005433858,0,3.5055407e-08,0,0.6232576,1
0,5.70232e-08,0,0.555589,1,0.0031277072,0,0.00050916534,0,0.00033373688,0
1,3.616584e-07,0,0.55544007,1,0.003986713,0,0.0011280917,0,0.0012326472,0
0,0.59694487,1,0.55554295,1,0.004029719,0,0.13688113,0,0.016889004,0
1,4.0471238e-07,0,0.55537933,1,0.003281301,0,0.0008851467,0,0.0009624446,0
1,4.2391055e-09,0,0.55538064,1,0.009683501,0,0.43803486,0,0.97637445,1
1,0.015631929,0,0.5554857,1,0.81241894,1,0.99994016,1,0.0466163,0
0,0.047705352,0,0.55559176,1,0.021263072,0,0.0010425508,0,0.00018415783,0
1,4.1433794e-09,0,0.5654706,1,0.99706686,1,0.99999225,1,0.9977013,1
0,0.8750107,1,0.5809281,1,0.98561347,1,0.01255571,0,0.0006257639,0
0,0.00475726,0,0.4631823,0,0.9950592,1,0.98713833,1,0.9959255,1
0,8.575181e-12,0,0.5549024,1,0.9966392,1,0.99975413,1,0.4478766,0
0,0.00017743369,0,0.684935,1,0.9971195,1,0.99988425,1,0.01823735,0
0,0.022886332,0,0.55547714,1,0.97621125,1,0.011817488,0,0.98985773,1
0,1.2068648e-05,0,0.5630824,1,0.0046659084,0,0.9997873,1,0.0022512872,0
0,0.005751906,0,0.55542004,1,0.0036231934,0,0.56776166,1,0.0076012923,0
1,0.033350587,0,0.57392853,1,0.0052231345,0,0.0017175266,0,0.00019774986,0
1,1.2276556e-08,0,0.555806,1,0.98817575,1,0.00063771853,0,0.00064305856,0
0,0.9892947,1,0.55533856,1,0.00588213,0,0.07107202,0,0.0016687172,0
1,0.008956933,0,0.5554504,1,0.0295234,0,0.0010912097,0,0.00069454854,0
0,0.9999977,1,0.555612,1,0.008968601,0,0.99930984,1,0.02670705,0
0,0.92535335,1,0.018906992,0,0.0461019,0,3.1468915e-06,0,0.0037609143,0
1,0.997251,1,0.5736856,1,0.0034802095,0,0.0010739906,0,0.000464183,0
1,0.27189773,0,0.5444119,1,0.9448128,1,0.99467915,1,0.964394,1
1,0.0009239097,0,0.55539817,1,0.94424856,1,0.9971187,1,0.9910603,1
0,0.99568933,1,0.07758627,0,0.9998754,1,0.9999955,1,0.88698775,1
0,0.00025594002,0,0.55554783,1,0.53599685,1,0.9678136,1,0.23247479,0
1,0.0015692905,0,0.5541449,1,0.99706745,1,0.99999434,1,0.99853754,1
1,6.173046e-11,0,0.5511125,1,0.004936188,0,0.007513088,0,0.0030232035,0
0,0.9555577,1,0.55536395,1,0.994141,1,0.9997714,1,0.9999258,1
1,3.9190593e-09,0,0.5502005,1,0.9921992,1,0.99665695,1,0.016897598,0
0,0.13450466,0,0.5554012,1,0.004707554,0,0.016878959,0,0.0007126971,0
1,0.00034374782,0,0.5553969,1,0.008558037,0,0.0005864401,0,0.00315103,0
1,0.00011329023,0,0.6765856,1,0.00021790876,0,0.29876834,0,0.048950423,0
1,1.0,1,0.54971904,1,0.9955609,1,0.9993794,1,0.72550285,1
0,0.9999315,1,0.55488575,1,0.0054483283,0,0.0015454681,0,0.0024858,0
1,0.0006228954,0,0.055579085,0,0.9964776,1,0.000102924045,0,0.9957968,1
0,2.6219158e-08,0,0.55850685,1,0.9758023,1,0.16896842,0,0.06405611,0
0,5.678642e-07,0,0.55392396,1,0.010033323,0,0.0006398713,0,0.0021213682,0
1,0.99999654,1,0.5553906,1,0.9840951,1,0.9229016,1,0.014692536,0
0,0.99425447,1,0.556192,1,0.18180965,0,0.99488646,1,0.9996142,1
0,4.739509e-07,0,0.555204,1,0.003145635,0,0.004146061,0,0.012836594,0
1,2.3555336e-05,0,0.5550043,1,0.99078923,1,0.99997324,1,0.9220219,1
0,0.0033048477,0,0.52620643,1,0.9997125,1,0.999999,1,0.99320567,1
0,0.00016308433,0,0.3033913,0,0.9994165,1,0.99872196,1,0.03179099,0
0,0.00016710372,0,0.1228745,0,0.00017622882,0,1.6885247e-07,0,0.010337181,0
1,2.0823734e-05,0,0.5553991,1,0.9879587,1,0.9999871,1,0.9972495,1
1,0.9955729,1,0.55544055,1,0.00932249,0,0.0041832547,0,0.031474166,0
1,7.352343e-05,0,0.5553153,1,0.0035944511,0,0.00049629394,0,0.013159193,0
0,7.6741145e-08,0,0.54428184,1,0.020348467,0,0.9988787,1,0.0018790835,0
1,6.717665e-09,0,0.92324305,1,0.00037209174,0,6.984567e-07,0,4.7876012e-05,0
0,0.99987006,1,0.55299586,1,0.99553764,1,0.8754426,1,0.031429157,0
0,0.99736327,1,0.5670079,1,0.9964322,1,0.9998019,1,0.999537,1
1,6.8683015e-13,0,0.5550983,1,0.9877782,1,0.9999594,1,0.096570626,0
0,1.0,1,0.55542916,1,0.8932159,1,0.99994564,1,0.0049777017,0
1,1.4544534e-07,0,0.5555053,1,0.9811424,1,0.9987566,1,0.9962588,1
1,0.94329727,1,0.55508417,1,0.99258435,1,0.16748372,0,0.99907947,1
1,0.26653513,0,0.55536234,1,0.00390735,0,0.0012130967,0,0.97098553,1
0,0.9999676,1,0.019425374,0,0.00019298705,0,1.5794042e-06,0,0.001579603,0
0,0.9999975,1,0.5553526,1,0.21588944,0,0.5593037,1,0.9995181,1
1,4.1720126e-05,0,0.55602455,1,0.003112721,0,0.00052701414,0,0.0007837986,0
1,1.0,1,0.55499536,1,0.04066569,0,0.9997966,1,0.99986637,1
1,2.0438496e-05,0,0.9893996,1,0.0007595272,0,0.0061842273,0,0.8815647,1
1,0.9997769,1,0.555239,1,0.0055798558,0,0.0010548406,0,0.003029614,0
1,0.9999939,1,0.55811054,1,0.98938537,1,0.046982203,0,0.99165154,1
0,0.00015700885,0,0.7482969,1,0.99938184,1,0.003354677,0,0.71477246,1
0,0.9549354,1,0.5554,1,0.6835447,1,0.42676038,0,0.9998553,1
0,0.0010164721,0,0.55542606,1,0.0053205555,0,0.48063797,0,0.74975777,1
0,1.2530285e-06,0,0.5553961,1,0.0065950225,0,0.00046463765,0,0.0012033981,0
1,0.9997508,1,0.5553778,1,0.0039039075,0,0.00096396654,0,0.295507,0
1,0.049887367,0,0.5555791,1,0.00318072,0,0.0022940289,0,0.09218292,0
1,0.9999978,1,0.5551125,1,0.3627989,0,0.9855874,1,0.9986643,1
0,0.9999993,1,0.5554295,1,0.9965473,1,0.99753284,1,0.9999755,1
1,0.035655297,0,0.55527633,1,0.99576163,1,0.48045495,0,0.00419857,0
0,1.3615578e-07,0,0.5553173,1,0.00447246,0,0.999048,1,7.681313e-05,0
1,0.99887025,1,0.55593693,1,0.0037359777,0,0.0021841882,0,0.98563045,1
0,4.696909e-09,0,0.5568022,1,0.99546474,1,0.9999076,1,0.9954926,1
0,1.4025124e-10,0,0.55530185,1,0.91268367,1,0.0023937637,0,0.023407258,0
1,2.1544372e-07,0,0.5553364,1,0.99706346,1,0.99997693,1,0.9999739,1
1,0.99999833,1,0.5554118,1,0.004222371,0,0.0007858377,0,0.007269916,0
1,1.3344295e-06,0,0.5535834,1,0.9964919,1,0.9999867,1,0.76931787,1
1,0.064898714,0,0.55521977,1,0.0036684307,0,0.0019174751,0,3.935189e-05,0
0,0.0027500568,0,0.5553838,1,0.99459136,1,0.999805,1,0.98896426,1
1,0.9998181,1,0.5431665,1,0.0034575528,0,0.040145792,0,0.0003858456,0
0,0.00038464981,0,0.84299564,1,0.0013392866,0,0.992525,1,0.061978906,0
1,0.9999303,1,0.555411,1,0.9959277,1,0.9995144,1,0.99227345,1
0,0.9998671,1,0.5553928,1,0.99694955,1,0.9999046,1,0.9986539,1
1,0.01821212,0,0.76431257,1,0.008317475,0,0.0033272502,0,0.10362955,0
1,0.014016912,0,0.55535257,1,0.99623144,1,0.99173284,1,0.96730727,1
0,0.99999595,1,0.555494,1,0.0055161533,0,0.0030079924,0,0.00022612284,0
1,0.9996839,1,0.7419631,1,0.00036933427,0,3.3230546e-05,0,0.0047684214,0
0,0.9945569,1,0.56240284,1,0.0008756416,0,0.053624474,0,0.0006740163,0
0,0.15869087,0,0.56786835,1,0.003481442,0,0.0009013746,0,0.00020237608,0
0,7.598963e-05,0,0.55539465,1,0.5328269,1,0.15068977,0,0.27847487,0
0,3.1208813e-11,0,0.060105953,0,0.9926932,1,0.9999061,1,0.9982479,1
0,0.9994456,1,0.55417675,1,0.044069752,0,0.9999932,1,0.99713945,1
0,1.7123207e-06,0,0.55535996,1,0.9960733,1,0.9948101,1,0.9998624,1
0,0.9999748,1,0.6859851,1,0.0036435714,0,0.0024405106,0,1.0857462e-05,0
1,5.473825e-08,0,0.55963135,1,0.017907547,0,0.9962998,1,0.9950862,1
0,0.0009540461,0,0.5445431,1,0.0030662941,0,0.0003520052,0,0.0001470632,0
0,0.9999965,1,0.5552566,1,0.0056902487,0,0.99584025,1,0.00085721916,0
0,3.595218e-05,0,0.555888,1,0.009101084,0,0.008962966,0,0.0044103647,0
1,0.0005095792,0,0.5553579,1,0.0031101448,0,0.00066981005,0,0.0010070585,0
0,6.030828e-08,0,0.30685884,0,0.00023422492,0,0.00025802114,0,0.30329844,0
1,0.026266059,0,0.54490876,1,0.96242297,1,0.9999302,1,0.99342674,1
0,5.4022735e-07,0,0.5552885,1,0.0038231066,0,0.008409233,0,0.0049279737,0
0,0.31798324,0,0.55612403,1,0.9970638,1,0.99999315,1,0.9997707,1
1,0.99962604,1,0.5528425,1,0.008540136,0,0.0008324422,0,0.014768164,0
0,1.6885531e-08,0,0.55185485,1,0.004980154,0,0.999725,1,0.9988243,1
0,3.284839e-08,0,0.5555549,1,0.99703807,1,0.9999926,1,0.99992347,1
1,0.9999954,1,0.5554751,1,0.99646956,1,0.999272,1,0.99977523,1
1,0.9999998,1,0.6887948,1,0.99513334,1,0.9993867,1,0.0006111328,0
1,0.99996394,1,0.5554846,1,0.0048242975,0,0.42477736,0,0.018423555,0
0,0.01755994,0,0.5550924,1,0.9933534,1,0.9969406,1,0.45736143,0
0,1.2789085e-09,0,0.5550596,1,0.019902054,0,0.84779894,1,0.96991616,1
1,0.9998831,1,0.5553594,1,0.33300892,0,0.0026183205,0,0.0005971353,0
1,0.88516366,1,0.5555722,1,0.9944864,1,0.99987745,1,0.1533534,0
1,0.00011149554,0,0.555204,1,0.99028015,1,0.90815353,1,0.9719103,1
0,1.2887503e-07,0,0.55540746,1,0.010643968,0,0.0016214836,0,9.873016e-05,0
0,0.053532556,0,0.55793375,1,0.012330064,0,0.9485537,1,0.80126816,1
0,0.99793893,1,0.5552669,1,0.031184534,0,0.99983317,1,0.000117345124,0
1,0.99962103,1,0.5555481,1,0.004920257,0,0.0048035425,0,0.99919164,1
0,0.99950576,1,0.5550547,1,0.08265614,0,0.8670581,1,0.00526586,0
0,1.5037116e-06,0,0.55511963,1,0.0034122192,0,0.00063493446,0,0.0034694255,0
1,0.999976,1,0.89077365,1,0.0009255724,0,3.8610295e-05,0,0.5172588,1
1,0.003287456,0,0.5553924,1,0.0072483267,0,0.33063638,0,0.06327916,0
1,0.9999745,1,0.55526495,1,0.021550415,0,0.99147236,1,0.007030503,0
1,0.9998812,1,0.55428135,1,0.9967138,1,0.99999094,1,0.9999782,1
1,7.4495614e-07,0,0.43715975,0,0.0032425523,0,0.0025718424,0,0.017643984,0
1,0.99999934,1,0.5509958,1,0.9964829,1,0.9996882,1,0.99989563,1
1,0.76013976,1,0.55525523,1,0.38794726,0,0.0010630573,0,0.98030823,1
1,3.839516e-06,0,0.555361,1,0.99218327,1,0.9987884,1,0.8192222,1
1,0.99938965,1,0.555565,1,0.9945275,1,0.8894157,1,0.99630934,1
1,0.0036160753,0,0.5553953,1,0.061797734,0,0.0023066327,0,0.17110313,0
0,1.2427201e-06,0,0.45212778,0,0.07101629,0,0.0038423687,0,0.0005264943,0
0,0.008205615,0,0.26064783,0,0.90043616,1,0.9986573,1,0.9999893,1
1,8.036962e-05,0,0.5556837,1,0.9967977,1,0.9999793,1,0.9995469,1
0,0.8279254,1,0.5763167,1,0.9980145,1,0.3863036,0,0.94167036,1
0,0.8494046,1,0.5554545,1,0.994879,1,0.9987779,1,0.01868399,0
1,2.8861686e-09,0,0.5268972,1,0.9970525,1,0.99998665,1,0.2951834,0
0,0.999996,1,0.30589092,0,0.0043163705,0,0.99581707,1,0.00596909,0
1,0.9611048,1,0.5556646,1,0.0044561494,0,0.0006829914,0,0.0002409312,0
1,0.9999986,1,0.55535334,1,0.07511698,0,0.00071599236,0,0.35480258,0
1,0.77594125,1,0.5553834,1,0.02811788,0,0.3342596,0,0.029311059,0
0,0.0011692178,0,0.17455389,0,0.99975353,1,0.99999624,1,0.97198206,1
1,0.0019698713,0,0.5554357,1,0.99479014,1,0.9999255,1,0.9997483,1
0,2.056598e-07,0,0.12918359,0,0.0021359494,0,0.00022404137,0,0.0010797045,0
1,0.010762221,0,0.55574703,1,0.008428412,0,0.00091942615,0,0.0022876912,0
1,0.9996284,1,0.5401377,1,0.6943426,1,0.7689528,1,0.00065585657,0
1,0.9754839,1,0.55546856,1,0.0046461523,0,0.0017797671,0,0.0101208305,0
0,4.4362397e-07,0,0.5604081,1,0.0050086603,0,0.97655314,1,0.48072705,0
1,0.0005936275,0,0.39219472,0,0.0035824364,0,0.014516269,0,0.93768364,1
1,4.1661803e-08,0,0.0053956416,0,0.998781,1,0.9982978,1,0.7921636,1
1,0.99979883,1,0.55569875,1,0.0040669306,0,0.99224037,1,0.999108,1
1,0.99999547,1,0.36664233,0,0.005985732,0,9.595801e-05,0,0.09682877,0
0,3.0688095e-06,0,0.5534485,1,0.0033079262,0,0.0014931527,0,0.28747743,0
1,0.99988365,1,0.5576652,1,0.016062612,0,0.4308405,0,0.0094616795,0
1,1.0,1,0.555635,1,0.4410016,0,0.9902696,1,0.9951939,1
0,0.51270884,1,0.55538553,1,0.016937422,0,0.60201174,1,0.7797388,1
0,0.9991242,1,0.5518066,1,0.8338114,1,0.99387383,1,0.0004997268,0
1,0.9992564,1,0.5555897,1,0.99648166,1,0.9999785,1,0.98018825,1
0,1.0954865e-06,0,0.50463974,1,0.0035364388,0,0.004101701,0,0.99974936,1
0,0.975778,1,0.5554845,1,0.9939465,1,0.99967885,1,0.03586021,0
0,0.31329235,0,0.55540794,1,0.0049241525,0,0.0023425908,0,0.009145782,0
1,0.15260908,0,0.5550726,1,0.0030666566,0,0.0004488374,0,3.9248378e-05,0
1,2.4023958e-08,0,0.5564979,1,0.0032742424,0,0.0006216235,0,0.07835044,0
1,4.7319624e-08,0,0.99727535,1,0.00057363417,0,6.1106746e-08,0,0.0051914114,0
0,3.030072e-09,0,0.5553989,1,0.099831656,0,0.59036803,1,0.9928365,1
0,0.9892807,1,0.5555532,1,0.014679019,0,0.9990886,1,0.2015384,0
1,0.9926593,1,0.55547816,1,0.0040659355,0,0.00055382453,0,0.6288021,1
0,1.0,1,0.53377587,1,0.006725672,0,0.00053048565,0,0.0036049008,0
1,0.9999783,1,0.50897175,1,0.003126964,0,0.015630571,0,0.9793851,1
1,0.99963164,1,0.55542266,1,0.71732116,1,0.99951804,1,0.96008813,1
1,0.9999992,1,0.5562405,1,0.9946855,1,0.9992848,1,0.999995,1
0,0.030297883,0,0.97917014,1,0.99995494,1,0.99984264,1,0.999551,1
1,0.9231894,1,0.5558553,1,0.9926486,1,0.9999816,1,0.1669315,0
0,1.4004053e-06,0,0.55541456,1,0.0073068794,0,0.7960202,1,0.03951684,0
1,0.99999964,1,0.99961495,1,0.9987118,1,0.9998982,1,0.62491894,1
1,0.71600235,1,0.55530375,1,0.0046912353,0,0.035896108,0,0.010599786,0
1,0.9997425,1,0.7395626,1,0.96013457,1,1.0813855e-05,0,0.01333434,0
0,0.9999604,1,0.55270463,1,0.0076578334,0,0.0008206402,0,0.46005142,0
1,0.9999987,1,0.5601113,1,0.86261106,1,0.0015832036,0,2.3379902e-05,0
1,3.2404123e-06,0,0.55528265,1,0.99559057,1,0.99940294,1,0.999309,1
0,0.0010214102,0,0.5554188,1,0.9969896,1,0.99997413,1,0.9999523,1
0,6.8474997e-11,0,0.555411,1,0.0032449018,0,0.0015588909,0,0.050720688,0
1,0.9998365,1,0.6230359,1,0.006046596,0,0.016363038,0,0.102316864,0
0,2.330519e-05,0,0.5550048,1,0.9962604,1,0.9999392,1,0.9999503,1
0,0.0005367664,0,0.98388815,1,0.9995432,1,0.67381835,1,0.9968918,1
1,0.9944875,1,0.5553661,1,0.003086075,0,0.0006692716,0,7.050225e-05,0
1,0.9999974,1,0.08229043,0,0.0004101988,0,0.12546852,0,0.7016239,1
1,0.99723756,1,0.5553741,1,0.9969481,1,0.9999219,1,0.9917074,1
0,0.88289446,1,0.55578864,1,0.9926515,1,0.99047035,1,0.9727525,1
0,2.2776494e-07,0,0.8243077,1,0.0011274645,0,9.721651e-06,0,0.0009809438,0
1,0.68287575,1,0.5553319,1,0.005933608,0,0.057442717,0,0.001870214,0
0,7.2886974e-10,0,0.6710335,1,0.0069131237,0,0.0038332285,0,1.0344956e-05,0
1,0.0015106084,0,0.5555608,1,0.022067687,0,0.0010914451,0,0.99623597,1
0,2.440599e-07,0,0.5577748,1,0.00423213,0,0.0007470853,0,0.1270465,0
1,0.21429159,0,0.7605208,1,0.11534244,0,0.00047706673,0,0.009260709,0
1,0.9999562,1,0.3451742,0,0.99634576,1,0.99998814,1,0.8541746,1
1,0.00069541344,0,0.555423,1,0.007890393,0,0.002051806,0,0.98097295,1
0,0.99997014,1,0.5633238,1,0.0034440346,0,0.0017477502,0,0.00013777467,0
0,2.3657265e-06,0,0.9842212,1,0.0013759657,0,0.03153685,0,0.99801594,1
0,0.008361262,0,0.5555977,1,0.9962187,1,0.91651416,1,0.99893355,1
0,1.0,1,0.55598485,1,0.054758046,0,0.9998431,1,0.09040923,0
1,0.9999992,1,0.5545681,1,0.9957804,1,0.99036247,1,0.9970728,1
0,0.99999905,1,0.9424879,1,0.99959004,1,0.90281844,1,0.22021933,0
1,3.2730625e-08,0,0.5555148,1,0.99457675,1,0.9991886,1,0.9127907,1
1,0.0026414162,0,0.5553879,1,0.0034156307,0,0.07104387,0,0.0007781782,0
1,0.003392115,0,0.5554531,1,0.9970397,1,0.99981284,1,0.99999195,1
1,0.09862372,0,0.5555943,1,0.010628197,0,0.11696652,0,0.08698792,0
1,0.9805821,1,0.5695663,1,0.0032500403,0,0.00893519,0,0.006549019,0
1,6.715764e-10,0,0.5568607,1,0.0030789739,0,0.00044135712,0,0.0004074648,0
1,0.99998635,1,0.5554624,1,0.008673818,0,0.0025146273,0,0.03033136,0
0,1.723415e-05,0,0.55570924,1,0.0038231653,0,0.288014,0,0.89266396,1
0,0.00010129035,0,0.5554397,1,0.0056904024,0,0.00084544957,0,0.0014902741,0
1,0.99999934,1,0.55546194,1,0.98344094,1,0.9606059,1,0.5695306,1
1,5.0264793e-05,0,0.5553739,1,0.008528412,0,0.99900657,1,0.09062935,0
0,0.99975014,1,0.5553809,1,0.96414,1,0.618451,1,0.98566353,1
1,0.9999533,1,0.35837638,0,0.9297867,1,0.99994826,1,0.8505119,1
1,0.97996116,1,0.5556242,1,0.0040522283,0,0.2920124,0,0.00072175934,0
1,3.7694023e-10,0,0.9424037,1,0.99229723,1,0.99987036,1,0.97168356,1
0,1.1964157e-06,0,0.5553568,1,0.9789775,1,0.00048282466,0,0.35214695,0
0,0.99994874,1,0.55922055,1,0.003427932,0,0.0041010818,0,0.005029511,0
0,0.81084895,1,0.5552614,1,0.996399,1,0.9999902,1,0.9998048,1
1,4.0670173e-05,0,0.55532587,1,0.9968825,1,0.9999963,1,0.99946254,1
1,0.99999917,1,0.5554121,1,0.10993152,0,0.0055825133,0,0.1238769,0
0,0.9999621,1,0.55551445,1,0.07787725,0,0.988797,1,0.20692506,0
1,0.012423673,0,0.5431439,1,0.9858477,1,0.0012182662,0,0.8008435,1
1,1.0121209e-09,0,0.5554009,1,0.6260347,1,0.9998741,1,0.99769676,1
0,2.7400632e-10,0,0.5551076,1,0.994738,1,0.000989016,0,0.08302389,0
1,1.3336978e-09,0,0.1188154,0,0.0013100072,0,0.083803214,0,0.000557144,0
1,0.8634676,1,0.5657091,1,0.0030704935,0,0.0007396006,0,0.00021451597,0
0,0.9999999,1,0.00093018316,0,0.0002507274,0,0.024309268,0,0.07841352,0
0,0.9999987,1,0.5552659,1,0.982668,1,0.9998766,1,0.99526805,1
1,0.9999999,1,0.555866,1,0.006520408,0,0.08227441,0,0.7772086,1
0,0.0045913435,0,0.55539787,1,0.005972053,0,0.010194108,0,9.437078e-05,0
1,0.9999736,1,0.55544746,1,0.9965321,1,0.99995625,1,0.99936146,1
1,6.3026186e-12,0,0.55542296,1,0.7144671,1,0.5714971,1,0.036100194,0
0,7.142836e-08,0,0.30140337,0,0.99812376,1,1.0527201e-05,0,0.5295079,1
0,0.00046531175,0,0.4903232,0,0.98015,1,0.18275954,0,0.6798663,1
1,0.9966337,1,0.55536836,1,0.20350453,0,0.9582429,1,0.9627729,1
1,1.6739275e-08,0,0.5554623,1,0.0035681792,0,0.0023576287,0,0.026310066,0
1,3.443003e-10,0,0.55545986,1,0.010640752,0,0.005427414,0,0.9992922,1
0,0.005421296,0,0.56131357,1,0.99540824,1,0.99993396,1,0.9996343,1
1,0.00050128804,0,0.555633,1,0.005073803,0,0.00090936356,0,0.00045202405,0
0,4.2915713e-06,0,0.5553124,1,0.9970175,1,0.9999796,1,0.9998851,1
0,1.0783936e-06,0,0.5549552,1,0.006743189,0,0.0012242383,0,0.0009089837,0
1,0.99978167,1,0.55540186,1,0.16721898,0,0.90437853,1,0.9291895,1
1,0.9992299,1,0.5549423,1,0.558122,1,0.95627993,1,0.012172753,0
0,0.002026096,0,0.55540955,1,0.0038866487,0,0.08526585,0,0.10261642,0
0,1.8215358e-06,0,0.25249228,0,0.9874746,1,0.9998587,1,0.99922353,1
1,0.9999954,1,0.87809074,1,0.99838495,1,0.99997234,1,0.0022966235,0
0,0.99999785,1,0.5511765,1,0.0033809056,0,0.0049128244,0,6.288728e-05,0
0,1.6109185e-08,0,0.5554954,1,0.996175,1,0.9999773,1,0.9994567,1
1,4.626347e-05,0,0.5553948,1,0.9942533,1,0.9997934,1,0.99648106,1
0,5.1197835e-06,0,0.55468565,1,0.99577117,1,0.99996483,1,0.83561856,1
0,0.77472204,1,0.98781127,1,0.07819932,0,0.04998007,0,0.0036837554,0
0,0.4264371,0,0.9962615,1,0.000374444,0,6.920458e-09,0,0.00054416043,0
1,0.9988036,1,0.5554,1,0.9958746,1,0.99987304,1,0.9904099,1
1,1.4946183e-07,0,0.55544186,1,0.004258012,0,0.9888972,1,0.9693123,1
1,0.9909772,1,0.55538493,1,0.037345853,0,0.30339846,0,0.003343598,0
1,0.99343866,1,0.5552608,1,0.003181603,0,0.783659,1,0.011824814,0
1,8.408317e-07,0,0.5554136,1,0.99543244,1,0.8477185,1,0.9980955,1
1,0.00043815761,0,0.5561989,1,0.003179931,0,0.0014996192,0,0.0018517934,0
0,0.99997145,1,0.5558178,1,0.075938635,0,0.09539939,0,0.5020337,1
1,6.845841e-11,0,0.9826731,1,0.013545732,0,0.00013943414,0,0.030465141,0
1,5.5976404e-08,0,0.5523015,1,0.99680483,1,0.38473794,0,0.9999392,1
0,5.627108e-05,0,0.555365,1,0.9941254,1,0.96092165,1,0.998309,1
0,0.99999964,1,0.5557988,1,0.9770964,1,0.99806565,1,0.024782183,0
0,0.020730345,0,0.55548483,1,0.942311,1,0.99986184,1,0.99688673,1
0,0.9897354,1,0.561026,1,0.7219294,1,0.87936395,1,0.9901288,1
1,7.719961e-09,0,0.5509469,1,0.7973993,1,0.99977255,1,0.07763748,0
1,1.0,1,0.5653836,1,0.9820132,1,0.10549712,0,0.99047863,1
0,1.1574539e-06,0,0.2527446,0,0.2883089,0,0.9997545,1,0.0033468823,0
0,0.99913615,1,0.5553678,1,0.9577036,1,0.002190945,0,0.0009983334,0
0,0.7900862,1,0.55487055,1,0.996866,1,0.9999318,1,0.983765,1
0,5.5899213e-06,0,0.9919815,1,0.9997534,1,0.99999774,1,0.46484524,0
1,1.3351308e-09,0,0.55563575,1,0.9640922,1,0.99997824,1,0.9999392,1
0,0.10261734,0,0.5514468,1,0.9967364,1,0.9996401,1,0.61036325,1
1,0.98205566,1,0.9990282,1,0.0074328324,0,0.9999854,1,0.0355679,0
1,1.6077443e-05,0,0.5564597,1,0.338104,0,0.00043160713,0,0.011576465,0
0,0.9999837,1,0.5553673,1,0.0062955,0,0.99987936,1,0.00076803955,0
1,0.21045333,0,0.5567395,1,0.54720646,1,0.00064286223,0,0.9999332,1
0,2.5276475e-05,0,0.5586536,1,0.2398404,0,0.000892051,0,0.81370074,1
0,0.9999973,1,0.5554875,1,0.9776483,1,0.999938,1,0.9943689,1
0,1.0,1,0.55536175,1,0.0044858097,0,0.99972737,1,0.014829797,0
0,1.31477166e-14,0,0.554702,1,0.9969788,1,0.99999416,1,0.99960655,1
1,7.749424e-06,0,0.55610096,1,0.9967749,1,0.9999815,1,0.9997794,1
0,4.7325266e-10,0,0.55542994,1,0.9906777,1,0.9998904,1,0.9521577,1
0,0.80508447,1,0.9758689,1,0.99969435,1,0.9999272,1,0.991352,1
1,7.243661e-08,0,0.55463016,1,0.9904136,1,0.634826,1,0.08077157,0
1,0.08955894,0,0.55619353,1,0.9905723,1,0.92524385,1,0.011315277,0
1,0.120310284,0,0.42798114,0,0.8104573,1,0.0017471871,0,0.028961645,0
1,7.0166145e-10,0,0.5556181,1,0.004050354,0,0.00063135027,0,0.12137844,0
0,0.16247092,0,0.56124866,1,0.9959385,1,0.9998658,1,0.9995553,1
0,0.018218309,0,0.9452137,1,0.96562845,1,0.9993703,1,0.9961464,1
1,0.18203376,0,0.5556759,1,0.04584515,0,0.9637938,1,0.99899477,1
1,0.0034360096,0,0.5554468,1,0.0031119462,0,0.0003388364,0,0.00012327345,0
0,6.6517245e-08,0,0.55643547,1,0.88640463,1,0.9997991,1,0.99998266,1
1,0.98977613,1,0.55541337,1,0.9774513,1,0.93567,1,0.9991169,1
1,0.96205384,1,0.5556359,1,0.0038969503,0,0.002532497,0,0.7111824,1
1,0.99997807,1,0.5554462,1,0.003692655,0,0.00057593593,0,0.0005818715,0
0,0.0068003046,0,0.7424638,1,0.99599,1,0.99992776,1,0.22200881,0
1,0.000418293,0,0.9993081,1,0.9999714,1,0.9958437,1,0.5125322,1
0,0.99996144,1,0.5553578,1,0.0040675,0,0.0015117587,0,0.037717592,0
0,0.9999996,1,0.572407,1,0.005615137,0,0.9772443,1,0.0065121297,0
0,8.2171665e-09,0,0.9600424,1,0.0008866011,0,0.9999788,1,0.42758432,0
1,2.5495333e-07,0,0.5859032,1,0.004299441,0,0.0023062178,0,0.41664046,0
1,0.0047907582,0,0.55527425,1,0.0053084493,0,0.0005378496,0,2.5416623e-05,0
1,5.6021047e-08,0,0.5560088,1,0.9900701,1,0.0007834679,0,0.0020918283,0
1,6.486518e-08,0,0.49572816,0,0.9763714,1,0.98662007,1,0.996244,1
0,0.2888488,0,0.5554989,1,0.99706507,1,0.9999549,1,0.99989825,1
1,0.9999989,1,0.005052109,0,0.99987364,1,0.99969846,1,0.23219718,0
0,0.9993389,1,0.5554143,1,0.012349776,0,0.0038266785,0,0.869299,1
0,0.68491685,1,0.55525523,1,0.0031068143,0,0.0005319252,0,0.0006659398,0
0,0.99890053,1,0.5552189,1,0.21346964,0,0.99904764,1,0.99489737,1
1,0.000629063,0,0.555428,1,0.042727534,0,0.0064613232,0,0.9191454,1
0,2.0374857e-06,0,0.5559218,1,0.003388015,0,0.25162354,0,0.0008512519,0
1,0.09619463,0,0.54304045,1,0.9970654,1,0.99998575,1,0.9969836,1
1,0.0014602119,0,0.55242026,1,0.9959076,1,0.9998219,1,0.9999028,1
0,0.026981562,0,0.5712069,1,0.0031283228,0,0.0008985163,0,0.0015157495,0
1,0.645772,1,0.55553627,1,0.99585575,1,0.47598854,0,0.99664664,1
0,0.9993675,1,0.55566204,1,0.0047784382,0,0.0012783391,0,0.0015138572,0
0,0.002491632,0,0.31672853,0,0.9657063,1,0.99098676,1,3.1758733e-05,0
1,0.99999547,1,0.55542934,1,0.8326361,1,0.0064034793,0,0.7022188,1
0,0.99999964,1,0.55573094,1,0.003254945,0,0.0015875336,0,0.9735866,1
0,2.4281662e-05,0,0.55535305,1,0.0068819467,0,0.29793364,0,0.09795031,0
0,0.9999997,1,0.5560331,1,0.9964792,1,0.9877471,1,0.9999558,1
0,0.9993023,1,0.5553711,1,0.9690873,1,0.9992898,1,0.00022693082,0
0,1.55392e-07,0,0.55539167,1,0.9945715,1,0.99310833,1,0.99996746,1
0,1.3611188e-07,0,0.015241634,0,0.0006888658,0,0.99937314,1,0.029292298,0
0,1.805354e-05,0,0.56255794,1,0.003707878,0,0.0021474657,0,0.006058872,0
1,0.40102848,0,0.5552954,1,0.93651646,1,0.77704483,1,0.0024184817,0
1,0.99999815,1,0.9294539,1,0.991917,1,0.07970337,0,0.999768,1
0,0.038971424,0,0.52266484,1,0.92051375,1,0.0022276903,0,0.0024960353,0
1,0.48404476,0,0.6740272,1,0.013945767,0,0.021258617,0,0.0009108772,0
0,0.9999967,1,0.5554738,1,0.9935822,1,0.99942577,1,0.99597824,1
0,4.1350293e-05,0,0.05126687,0,0.020352202,0,0.0014974928,0,0.653745,1
1,0.9999716,1,0.5554383,1,0.99469405,1,0.9013721,1,0.9998841,1
0,7.207078e-07,0,0.55337363,1,0.9830806,1,0.0014112922,0,0.002696417,0
1,0.0145633435,0,0.5575513,1,0.99664885,1,0.9999382,1,0.99931157,1
1,5.4688677e-08,0,0.55530727,1,0.9970228,1,0.9992011,1,0.9990156,1
1,1.6686427e-07,0,0.012681038,0,0.96539736,1,0.00058811286,0,0.0012840992,0
1,0.9999414,1,0.6676988,1,0.0034642809,0,0.99708706,1,4.2584226e-05,0
0,0.998638,1,0.546964,1,0.9885098,1,0.9876238,1,0.99563676,1
1,0.99986136,1,0.5553515,1,0.0032214334,0,0.0013574873,0,3.5848216e-06,0
1,0.99996364,1,0.5553113,1,0.6203019,1,0.020371862,0,0.005474877,0
0,1.0,1,0.55332494,1,0.99497896,1,0.9999712,1,0.9998822,1
0,0.99999535,1,0.55544406,1,0.004470958,0,0.0017689806,0,0.010790331,0
1,0.99996644,1,0.5554105,1,0.99665385,1,0.99929035,1,0.99956286,1
0,1.779421e-05,0,0.537766,1,0.0034004978,0,0.0005246464,0,0.0022907942,0
0,9.855482e-09,0,0.5524174,1,0.0035028956,0,0.00063980184,0,0.8924279,1
0,0.99969345,1,0.56329715,1,0.0033337176,0,0.00041495732,0,0.99940675,1
0,0.0039359815,0,0.42803088,0,0.9912397,1,0.9812773,1,0.0011585102,0
1,6.536969e-05,0,0.55947,1,0.0030926585,0,0.0005384557,0,0.00013062014,0
0,5.1198265e-07,0,0.5786506,1,0.006496103,0,0.9709633,1,0.008788526,0
0,1.216446e-07,0,0.56514674,1,0.7569642,1,0.9979302,1,0.02573507,0
1,0.07541295,0,0.55536735,1,0.99285805,1,0.97563756,1,0.97747546,1
1,0.9204593,1,0.5553909,1,0.0033842523,0,0.005502675,0,0.00010789782,0
0,2.0853715e-06,0,0.55546576,1,0.007968446,0,0.13713047,0,0.9261928,1
0,0.051077515,0,0.5553171,1,0.003186355,0,0.00054422376,0,7.6103854e-05,0
1,0.0011401214,0,0.54780173,1,0.0030984897,0,0.0024622208,0,0.0005221873,0
1,0.00039176925,0,0.38580745,0,0.0030662573,0,0.0017029045,0,7.181949e-05,0
1,0.99999917,1,0.5547364,1,0.9699679,1,0.99796623,1,0.9953782,1
1,0.002142381,0,0.55539995,1,0.0030953588,0,0.0004364615,0,0.007280978,0
1,0.02380005,0,0.0045524877,0,0.0022781696,0,0.9999839,1,0.12855043,0
1,3.4402376e-06,0,0.55434364,1,0.016983839,0,0.99865234,1,0.49704668,0
1,0.999951,1,0.82167035,1,0.003114555,0,0.0066818604,0,0.026741402,0
0,0.9975117,1,0.55534387,1,0.003485858,0,0.3796281,0,0.33520907,0
1,0.23024042,0,0.786745,1,0.99850935,1,0.12362911,0,0.9999667,1
1,0.0010425686,0,0.55538505,1,0.008479563,0,0.9981829,1,0.11919775,0
1,2.3782677e-06,0,0.55528957,1,0.0035385012,0,0.016248053,0,0.00017893697,0
1,0.9999782,1,0.5417932,1,0.0030971323,0,0.0009788593,0,0.037790406,0
1,0.14334293,0,0.028386522,0,0.00075851195,0,0.0067955176,0,0.9972113,1
0,0.08019787,0,0.555335,1,0.0030704523,0,0.00045366018,0,0.008952943,0
0,0.00012839574,0,0.555652,1,0.0046034385,0,0.0010703037,0,0.013225702,0
0,2.5185423e-06,0,0.84314954,1,0.00579827,0,0.5016127,1,0.98936266,1
1,7.001622e-08,0,0.5554039,1,0.010835069,0,0.005521279,0,0.07861497,0
1,5.2171203e-05,0,0.55541134,1,0.9969278,1,0.99997854,1,0.99995834,1
0,2.6974085e-09,0,0.5554645,1,0.00341922,0,0.0005001489,0,0.00043186123,0
0,0.020287577,0,0.55535996,1,0.0052177263,0,0.4042448,0,0.0054851184,0
0,9.38206e-07,0,0.5563825,1,0.96776366,1,0.22425199,0,0.93414295,1
1,5.877241e-08,0,0.99783707,1,0.00065084436,0,0.9938694,1,0.0060412833,0
0,0.99419516,1,0.5551136,1,0.99649006,1,0.9999563,1,0.9997215,1
0,0.9997943,1,0.55546063,1,0.0042139087,0,0.00097546005,0,0.0015782631,0
0,1.3086683e-05,0,0.55559707,1,0.99082005,1,0.96612316,1,0.6268084,1
0,0.00053002045,0,0.55541587,1,0.9970479,1,0.99999064,1,0.99613416,1
0,0.9999162,1,0.55734414,1,0.99706805,1,0.9999877,1,0.99899614,1
0,0.9998558,1,0.55535585,1,0.7915468,1,0.9947521,1,0.9996932,1
0,1.92809e-08,0,0.547511,1,0.0031188144,0,0.00040438317,0,0.0020140344,0
1,0.7342868,1,0.9959262,1,0.99958676,1,0.00030437842,0,0.9995252,1
0,0.99465674,1,0.55565196,1,0.99641925,1,0.1914539,0,0.00061613537,0
1,0.9991702,1,0.5556549,1,0.0031808426,0,0.001805006,0,7.442459e-05,0
0,9.503426e-05,0,0.5554308,1,0.071334176,0,0.99982226,1,0.9994147,1
0,0.05738462,0,0.555756,1,0.98987424,1,0.99994373,1,0.9987595,1
0,3.7678325e-07,0,0.5551698,1,0.9814766,1,0.9999904,1,0.99064934,1
1,0.0008349884,0,0.8376724,1,0.9994612,1,0.99999756,1,0.89698344,1
1,0.99965036,1,0.55436045,1,0.99628884,1,0.9921478,1,0.9993601,1
1,7.2998624e-08,0,0.5553984,1,0.009674289,0,0.026968177,0,0.99977493,1
0,0.000106582855,0,0.5553065,1,0.00957327,0,0.28036848,0,0.0077507263,0
1,0.9999682,1,0.5553658,1,0.019891202,0,0.2368865,0,0.9943455,1
0,0.000131871,0,0.5552272,1,0.99641395,1,0.99991375,1,0.9962211,1
0,0.001964781,0,0.54191995,1,0.9970641,1,0.99999654,1,0.9999529,1
0,0.85429955,1,0.5554498,1,0.9962314,1,0.9996477,1,0.98754036,1
0,0.021645268,0,0.5556424,1,0.99698544,1,0.9999304,1,0.9995883,1
1,0.99884236,1,0.5590994,1,0.005397264,0,0.22753613,0,0.0009005084,0
1,2.1853195e-07,0,0.5547169,1,0.0037268433,0,0.13325883,0,0.0064281556,0
0,0.78468734,1,0.5555099,1,0.9527994,1,0.98785967,1,0.96185726,1
0,0.903802,1,0.5564502,1,0.9957557,1,0.9994043,1,0.99954605,1
0,5.0704166e-06,0,0.5466856,1,0.004528543,0,0.0074616508,0,0.0019034632,0
1,3.5643642e-13,0,0.9986959,1,0.00052721513,0,7.0041733e-06,0,0.3385879,0
1,0.13533297,0,0.5705837,1,0.004314336,0,0.99937534,1,0.9999364,1
0,0.0010176619,0,0.98702884,1,0.99983764,1,0.9999877,1,0.9954455,1
0,2.9076398e-07,0,0.5567991,1,0.9795361,1,0.39954215,0,0.9996801,1
1,3.4480418e-06,0,0.55546075,1,0.6706379,1,0.0053465003,0,0.97515064,1
1,0.0017130965,0,0.9949691,1,0.0014957665,0,3.0550384e-06,0,0.06017513,0
0,1.9181718e-06,0,0.5574443,1,0.0030879895,0,0.0006844689,0,0.0029774758,0
1,4.212551e-05,0,0.55539465,1,0.8195233,1,0.73138493,1,0.0032116217,0
1,1.0,1,0.55547696,1,0.06623815,0,0.9477675,1,0.9945161,1
0,1.7507959e-10,0,0.58440065,1,0.98758626,1,0.99998534,1,0.0011414896,0
1,0.6185439,1,0.56226486,1,0.0030688734,0,0.00048613088,0,0.0011661722,0
0,3.6066967e-09,0,0.5548433,1,0.0031431925,0,0.0006345417,0,0.00029466054,0
1,8.941036e-05,0,0.5553463,1,0.0030969626,0,0.00076949445,0,0.016399287,0
1,1.8926233e-06,0,0.5559942,1,0.015108803,0,0.0005028654,0,5.39888e-06,0
1,0.9999969,1,0.5553275,1,0.9970186,1,0.99998224,1,0.99715406,1
1,0.9394726,1,0.5551783,1,0.99113834,1,0.99357235,1,0.97425294,1
0,9.913135e-13,0,0.55556464,1,0.83922195,1,0.0013591619,0,0.9983406,1
1,1.8744171e-07,0,0.5876042,1,0.003084967,0,0.0010010431,0,0.00030274125,0
1,0.35196987,0,0.027796673,0,0.9991769,1,1.3684657e-05,0,0.00057665334,0
0,0.9972826,1,0.9869262,1,0.00025329422,0,1.9120986e-05,0,0.0050411634,0
0,0.9820063,1,0.0049807606,0,0.00013435943,0,2.1433931e-07,0,2.4451883e-06,0
0,3.2563763e-05,0,0.55540466,1,0.9734488,1,0.43942586,0,0.993489,1
0,4.5065267e-09,0,0.5552503,1,0.0040318384,0,0.0011455431,0,0.18872158,0
0,0.9319089,1,0.5552909,1,0.0062452243,0,0.3437225,0,0.001006905,0
0,0.0043942966,0,0.5554148,1,0.0030703777,0,0.0011543663,0,0.00042097963,0
0,5.4352564e-05,0,0.19580464,0,0.016012928,0,0.0093994485,0,0.00073871063,0
1,8.559067e-09,0,0.55531126,1,0.996892,1,0.99983364,1,0.99975824,1
0,0.99968797,1,0.55539346,1,0.0033821638,0,0.0010040451,0,0.00014047866,0
1,0.30611813,0,0.55517626,1,0.0032448738,0,0.00074952206,0,0.040086865,0
1,0.9528694,1,0.96639174,1,0.9956206,1,0.009331337,0,0.99777925,1
0,0.9999862,1,0.5550897,1,0.7763114,1,0.0025892348,0,0.99882376,1
0,1.1334917e-08,0,0.7699607,1,0.88920665,1,0.99759233,1,0.034349624,0
1,0.999999,1,0.5554621,1,0.005745129,0,0.00066008704,0,0.13895768,0
1,1.1981031e-09,0,0.5553773,1,0.91303086,1,0.114804566,0,0.05413801,0
0,5.2906404e-07,0,0.55529684,1,0.0030880484,0,0.0008073354,0,0.00018245197,0
1,6.381344e-07,0,0.5556602,1,0.9966738,1,0.9999602,1,0.8447809,1
0,3.675807e-12,0,0.8309108,1,0.00018177927,0,0.19852932,0,0.878841,1
0,0.9995043,1,0.5540925,1,0.9964173,1,0.9996785,1,0.9998907,1
1,0.99999493,1,0.04172265,0,0.00013546602,0,0.17719229,0,0.0150997285,0
1,0.031030606,0,0.43009004,0,0.9970091,1,0.044599436,0,0.93337584,1
1,5.2708846e-09,0,0.5555088,1,0.9969363,1,0.9999875,1,0.9999452,1
0,0.045091946,0,0.69001234,1,0.00011922431,0,0.00011016562,0,0.22058465,0
1,0.13118035,0,0.55383515,1,0.9620952,1,0.99983376,1,0.99845016,1
0,0.019867333,0,0.45836934,0,0.0030876752,0,0.00011019723,0,0.00043789053,0
1,0.99999934,1,0.5553988,1,0.009855591,0,0.0014624468,0,0.3157309,0
1,0.041862544,0,0.9993059,1,0.99735487,1,0.99999654,1,0.5569916,1
1,6.107241e-11,0,0.55919147,1,0.0036957907,0,0.029817866,0,9.869335e-05,0
0,0.9999625,1,0.55390316,1,0.70549077,1,0.9987313,1,0.9086717,1
1,0.9992059,1,0.9592342,1,0.0031921002,0,1.17811155e-07,0,0.042802647,0
1,2.0457255e-06,0,0.5540036,1,0.9905499,1,0.9993528,1,0.0011304003,0
1,0.9998457,1,0.5551964,1,0.99490136,1,0.99578875,1,0.9999001,1
1,0.9992601,1,0.5387099,1,0.011054884,0,0.001009796,0,0.058122013,0
1,3.5115096e-05,0,0.55422,1,0.9129848,1,0.99995774,1,0.9984132,1
0,0.034187518,0,0.5560117,1,0.99628,1,0.99998814,1,0.98768616,1
0,7.3185214e-07,0,0.52173686,1,0.17873646,0,0.0022058187,0,0.98912346,1
0,0.9999991,1,0.5554564,1,0.0042084362,0,0.0005507673,0,0.032148432,0
1,0.99768853,1,0.5554311,1,0.012013844,0,0.90345484,1,0.020847235,0
0,3.957437e-08,0,0.55831456,1,0.0033168679,0,0.0005783561,0,0.0011875988,0
0,0.0021548064,0,0.5554081,1,0.99518263,1,0.99975485,1,0.9945401,1
0,0.04211743,0,0.5551729,1,0.9642607,1,0.1910588,0,0.1856171,0
1,2.9562833e-07,0,0.5553643,1,0.84054893,1,0.016317472,0,0.0025540784,0
0,0.06398721,0,0.5658765,1,0.005267468,0,0.9652232,1,0.8945167,1
1,9.54974e-07,0,0.558273,1,0.005711106,0,0.0023381403,0,0.84959894,1
0,0.9855458,1,0.5553288,1,0.9392683,1,0.8836414,1,0.9710994,1
1,0.9999621,1,0.55548686,1,0.028769113,0,0.04784629,0,0.027992142,0
1,0.9999669,1,0.5508834,1,0.9894145,1,0.00055996474,0,0.76061565,1
1,1.5122499e-05,0,0.55486906,1,0.015075934,0,0.00068344723,0,0.09903868,0
1,4.5768293e-06,0,0.55549693,1,0.3904066,0,0.004130389,0,0.004314809,0
1,0.00011314407,0,0.555669,1,0.7390961,1,0.9999281,1,0.980995,1
1,1.08285974e-07,0,0.5369377,1,0.004112457,0,0.0014439464,0,0.004826399,0
1,1.2918022e-08,0,0.5551939,1,0.003125839,0,0.00046272296,0,0.00017245903,0
1,0.9998247,1,0.99805135,1,0.0003013024,0,0.00015025132,0,0.024906702,0
0,7.306493e-05,0,0.010021264,0,0.002681452,0,1.05813315e-05,0,0.057335492,0
1,1.5682625e-05,0,0.5553906,1,0.89943594,1,0.8321009,1,0.77905524,1
0,1.0,1,0.5553922,1,0.9775882,1,0.9999673,1,0.32961664,0
1,0.99855965,1,0.99893415,1,0.999487,1,0.99753785,1,0.9980183,1
0,0.95395887,1,0.99184483,1,0.96358633,1,0.9960662,1,0.9921073,1
1,4.3328887e-06,0,0.5557335,1,0.0031548634,0,0.0013717471,0,0.0019484215,0
0,2.192937e-08,0,0.55462366,1,0.0031148584,0,0.9759179,1,0.0070080822,0
1,1.8056232e-08,0,0.55540186,1,0.015227436,0,0.00652906,0,0.0024181365,0
0,5.180815e-07,0,0.9945708,1,0.99986005,1,0.9999798,1,0.9978822,1
0,0.06830908,0,0.5816387,1,0.9961093,1,0.002308152,0,0.98460066,1
0,0.99992275,1,0.55511236,1,0.042325985,0,0.1323472,0,0.021456642,0
1,0.98420167,1,0.55631363,1,0.0037141754,0,0.0008839096,0,0.98830724,1
0,0.9928695,1,0.55511093,1,0.0031019798,0,0.00092927064,0,8.54517e-05,0
1,0.9999938,1,0.6092855,1,0.9953863,1,0.99671364,1,0.64540994,1
1,0.9999873,1,0.555497,1,0.17841461,0,0.9999151,1,0.9996798,1
0,6.440772e-07,0,0.5565717,1,0.003157785,0,0.0004407601,0,0.00018754668,0
1,0.99999726,1,0.55533415,1,0.99165964,1,0.4405597,0,0.99837226,1
1,0.99849415,1,0.5554,1,0.008150054,0,0.36050943,0,0.17704442,0
1,0.99819255,1,0.5556336,1,0.0075653205,0,0.0027834144,0,0.99960315,1
1,0.00020180184,0,0.5711144,1,0.9948427,1,0.99939,1,0.9637385,1
1,1.0,1,0.5613555,1,0.9920476,1,0.99983865,1,0.04844329,0
0,2.407968e-09,0,0.56110424,1,0.98952854,1,0.98633295,1,0.6623478,1
0,1.0,1,0.565924,1,0.0031535532,0,0.0013695067,0,0.00909986,0
0,0.9998523,1,0.55853033,1,0.0030741417,0,0.0003573877,0,0.00036032833,0
0,0.99965894,1,0.5553641,1,0.9951285,1,0.99998707,1,0.9998439,1
1,3.175795e-06,0,0.557035,1,0.00433668,0,0.0059404075,0,0.26298097,0
0,0.14502165,0,0.55524296,1,0.0040141284,0,0.046303526,0,0.0374843,0
0,3.0382026e-13,0,0.61393446,1,0.99981296,1,0.999996,1,0.9998037,1
0,0.00017041358,0,0.9716609,1,0.00079041586,0,0.9790261,1,0.013291416,0
0,5.973334e-09,0,0.55537707,1,0.0074439533,0,0.85929585,1,0.028366547,0
1,0.0038056965,0,0.54718816,1,0.00333335,0,0.00054773357,0,0.9998891,1
0,0.99965733,1,0.5843239,1,0.9925436,1,0.99967355,1,0.0069747823,0
1,0.89390504,1,0.55542725,1,0.9880502,1,0.011394961,0,0.19405974,0
1,8.7342205e-06,0,0.55534613,1,0.98735887,1,0.45048144,0,0.00011992587,0
0,0.8949741,1,0.5519789,1,0.9969001,1,0.9919799,1,0.9999896,1
1,0.99999934,1,0.5575106,1,0.009183436,0,0.9624878,1,0.030578522,0
1,0.9999985,1,0.55551004,1,0.0039624604,0,0.0004160733,0,7.533428e-05,0
0,0.9993496,1,0.555619,1,0.3122201,0,0.99845904,1,0.0025883545,0
1,9.689054e-14,0,0.03207123,0,0.00021971544,0,0.39949152,0,0.002089013,0
1,0.96176887,1,0.59917223,1,0.99703074,1,0.9999741,1,0.9529521,1
1,0.000692938,0,0.55456245,1,0.99668276,1,0.999683,1,0.9809741,1
0,6.2355143e-12,0,0.0072222715,0,0.041735508,0,0.0063475627,0,0.001224855,0
1,8.8277795e-07,0,0.55581486,1,0.9966539,1,0.9961093,1,0.999977,1
1,0.0010083657,0,0.5551879,1,0.059425104,0,0.9997843,1,0.050031886,0
1,0.9383047,1,0.5532413,1,0.0040354105,0,0.015967222,0,0.018101986,0
0,0.48973954,0,0.55568916,1,0.005660747,0,0.009274733,0,0.7376236,1
0,0.8010399,1,0.9996422,1,0.00661072,0,0.07708395,0,0.8177493,1
1,0.9999813,1,0.0052503343,0,0.00016702518,0,0.97376096,1,0.040837836,0
0,0.99728835,1,0.5555195,1,0.97670454,1,0.99948645,1,0.9759701,1
0,0.55155563,1,0.55539095,1,0.3439056,0,0.99974215,1,0.9926072,1
0,0.6971803,1,0.047562156,0,0.012738296,0,0.00024163011,0,0.05713778,0
0,0.9999956,1,0.5553405,1,0.0031762477,0,0.0013441258,0,0.72006035,1
0,1.2905214e-07,0,0.55215573,1,0.0032589652,0,0.01210771,0,0.00016271,0
0,4.891684e-07,0,0.4453967,0,0.9958379,1,0.83370066,1,0.0004818265,0
1,0.40808493,0,0.99911416,1,0.089458235,0,0.9959059,1,0.5209008,1
1,1.9280411e-05,0,0.9986089,1,0.78154486,1,0.9989728,1,0.9945532,1
1,0.99999696,1,0.5544155,1,0.0031869123,0,0.00045068003,0,0.00020298405,0
1,0.033365313,0,0.038846806,0,0.0009023112,0,0.9997605,1,0.98088306,1
1,0.98969334,1,0.5554191,1,0.0031536773,0,0.0007764353,0,9.643657e-05,0
1,1.6092274e-06,0,0.55320936,1,0.9898548,1,0.96679026,1,0.99764186,1
1,0.9995518,1,0.55726653,1,0.0037795517,0,0.0021975557,0,0.0005795566,0
0,1.2753702e-11,0,0.5561191,1,0.98706645,1,0.9998994,1,0.9280726,1
1,0.98735654,1,0.9957414,1,0.95645845,1,0.00039693166,0,0.7734172,1
1,3.8395597e-06,0,0.555139,1,0.9961542,1,0.881951,1,0.020388518,0
0,0.96526396,1,0.5554655,1,0.9970547,1,0.9999967,1,0.9903788,1
1,0.04436723,0,0.5583909,1,0.9970475,1,0.9999993,1,0.9994757,1
1,1.0685439e-09,0,0.02384619,0,0.99968135,1,0.9999828,1,0.625621,1
1,4.8037027e-08,0,0.5552784,1,0.99699837,1,0.9997457,1,0.9991643,1
0,0.99980694,1,0.020795476,0,0.010147424,0,0.99774474,1,0.01189851,0
1,0.9999683,1,0.55569184,1,0.9953897,1,0.9723123,1,0.99270266,1
0,0.9992126,1,0.5553592,1,0.98776096,1,0.9651522,1,0.991298,1
0,0.99524564,1,0.5552946,1,0.062291447,0,0.52618057,1,0.9363762,1
1,0.001169279,0,0.5554301,1,0.90392166,1,0.120435044,0,0.0051227636,0
1,5.920574e-10,0,0.9927403,1,0.0002845358,0,9.82833e-05,0,0.015879342,0
0,0.6524237,1,0.5523746,1,0.9842496,1,0.98169225,1,0.9786351,1
1,0.99999785,1,0.55535483,1,0.08687474,0,0.025742192,0,0.00055758515,0
1,0.9999962,1,0.55543005,1,0.99619603,1,0.0042711026,0,0.89069885,1
1,0.9992473,1,0.55505997,1,0.9970527,1,0.9987942,1,0.99991965,1
0,0.83867973,1,0.22201882,0,0.9841606,1,0.9992561,1,0.9996776,1
0,0.9999985,1,0.5554934,1,0.97977823,1,0.9968254,1,0.98977107,1
1,0.086337164,0,0.5555832,1,0.035695005,0,0.94655615,1,0.014048065,0
1,0.114121236,0,0.55616456,1,0.0050702607,0,0.00080083305,0,0.23304045,0
1,1.1760297e-06,0,0.5702601,1,0.9786055,1,0.98197585,1,0.9573623,1
1,9.4517176e-08,0,0.5553774,1,0.0030944832,0,0.0004166159,0,0.000116331954,0
1,0.013961609,0,0.55539995,1,0.99701774,1,0.99999213,1,0.9999822,1
0,0.99998856,1,0.55898654,1,0.98660386,1,0.049885437,0,0.99922615,1
1,0.1757951,0,0.5271757,1,0.9718692,1,0.51782364,1,0.9825912,1
0,0.9958701,1,0.55541354,1,0.71382606,1,0.8996709,1,0.9086302,1
1,0.90728056,1,0.5550213,1,0.98379284,1,0.9979216,1,0.22554,0
0,0.99993855,1,0.5554851,1,0.005034061,0,0.789393,1,0.81087047,1
1,2.2335835e-09,0,0.5554385,1,0.95739543,1,0.99992967,1,0.9786441,1
1,0.7169418,1,0.5551602,1,0.96570605,1,0.9557539,1,0.99974245,1
1,0.9976134,1,0.5550545,1,0.0031314606,0,0.0022077158,0,0.012274394,0
0,0.9999686,1,0.55539006,1,0.0040310705,0,0.0048892135,0,0.0024760899,0
0,0.9999516,1,0.5551833,1,0.9967109,1,0.99990785,1,0.9995002,1
0,9.2219e-05,0,0.5553987,1,0.94810075,1,0.99995476,1,0.12596455,0
1,0.99999815,1,0.5556645,1,0.0034301009,0,0.0013946486,0,0.00073004555,0
1,0.99999845,1,0.5552614,1,0.9948208,1,0.9999234,1,0.99993724,1
1,2.6601924e-07,0,0.55521363,1,0.03209741,0,0.5820516,1,0.00012588393,0
1,0.99998224,1,0.5554198,1,0.0135162175,0,0.0014559819,0,0.0039293934,0
0,0.99983555,1,0.3465739,0,0.0059148627,0,0.046846613,0,0.98145115,1
1,1.1835515e-08,0,0.5544102,1,0.003370254,0,0.0006586452,0,0.015612478,0
1,0.98614293,1,0.5555784,1,0.0087543195,0,0.00118723,0,0.9768747,1
1,0.01015938,0,0.9919616,1,0.50898385,1,0.14655627,0,0.00017374377,0
0,1.794114e-10,0,0.00296485,0,0.992343,1,0.0018488909,0,0.99985194,1
0,0.99996483,1,0.555428,1,0.99550253,1,0.0035118235,0,0.9807258,1
0,0.9997529,1,0.57477903,1,0.004231925,0,0.0013501467,0,0.0012335539,0
0,0.99989235,1,0.5543817,1,0.010399779,0,0.99945056,1,0.031304155,0
0,0.99999976,1,0.55504185,1,0.70973325,1,0.9926307,1,0.0008311086,0
0,0.98801214,1,0.030956853,0,0.037988845,0,0.035190158,0,0.008959749,0
1,0.99737227,1,0.5556283,1,0.99363214,1,0.9997633,1,0.999853,1
0,1.1155179e-09,0,0.55213594,1,0.10004413,0,0.0010333266,0,0.001145831,0
0,1.0,1,0.5553718,1,0.0031140798,0,0.03254378,0,0.012218527,0
0,0.9998466,1,0.5540106,1,0.94818157,1,0.9999815,1,0.9991415,1
1,0.99999833,1,0.5553995,1,0.9968638,1,0.99983054,1,0.9996314,1
0,7.12341e-11,0,0.5225761,1,0.98756194,1,0.9999656,1,0.7994791,1
1,3.1751863e-06,0,0.5553666,1,0.0059385626,0,0.00083800283,0,0.00025616123,0
0,2.4854227e-05,0,0.56434613,1,0.003162904,0,0.002298731,0,2.7013733e-05,0
1,3.2939994e-08,0,0.5539854,1,0.99695736,1,0.9998074,1,0.9711002,1
1,0.99996126,1,0.42956692,0,0.00015795368,0,7.341541e-07,0,0.020710943,0
0,2.7044625e-06,0,0.5576755,1,0.9940846,1,0.99835443,1,0.13729478,0
0,0.97569627,1,0.58233243,1,0.9860772,1,0.999765,1,0.002618043,0
1,0.99918467,1,0.5553854,1,0.0063572032,0,0.0022081572,0,7.081854e-05,0
0,0.99994904,1,0.55594313,1,0.990728,1,0.9992356,1,0.9977621,1
0,0.8719665,1,0.403758,0,0.0031416556,0,0.7511632,1,2.6927133e-05,0
1,0.10826498,0,0.21401127,0,0.00068038824,0,0.0024033813,0,0.00318424,0
1,4.7883266e-05,0,0.5557328,1,0.9891047,1,0.0024028474,0,0.9704008,1
0,1.4583132e-09,0,0.5553956,1,0.9956668,1,0.9987465,1,0.9998023,1
0,0.99868983,1,0.55541795,1,0.36423898,0,0.67417985,1,0.9329861,1
0,3.4436766e-07,0,0.95048505,1,0.99985415,1,0.99860704,1,0.13263787,0
0,9.7132464e-08,0,0.5568566,1,0.0034158533,0,0.0015031189,0,5.3068652e-05,0
1,0.29257077,0,0.55579674,1,0.996991,1,0.99999374,1,0.94836986,1
0,0.014689548,0,0.5556005,1,0.0042715487,0,0.0059994604,0,0.002399735,0
1,1.101365e-07,0,0.5545282,1,0.0048098178,0,0.0014056412,0,0.00011551903,0
1,0.0001662956,0,0.5554217,1,0.11198819,0,0.005371673,0,1.6611959e-05,0
0,0.0006613052,0,0.5563379,1,0.004050029,0,0.0013967181,0,0.014559484,0
0,4.33902e-07,0,0.5405542,1,0.99698305,1,0.9998017,1,0.90437657,1
1,0.44791025,0,0.5753241,1,0.0044396557,0,0.0024344837,0,0.001512378,0
0,0.99984187,1,0.5559889,1,0.0046951934,0,0.0013797124,0,0.00563207,0
1,2.5015012e-08,0,0.10702134,0,0.9998701,1,0.99998504,1,0.97057027,1
1,0.9999711,1,0.5555435,1,0.49185836,0,0.9999474,1,0.9991799,1
0,0.9965542,1,0.5147505,1,0.9965104,1,0.99939674,1,0.96046585,1
0,0.99996525,1,0.5557373,1,0.004632837,0,0.26477757,0,0.5108747,1
1,5.2600807e-08,0,0.5552942,1,0.9960622,1,0.9931111,1,0.99811983,1
0,0.9814031,1,0.5555799,1,0.9779868,1,0.9997347,1,0.9999518,1
0,1.7379493e-06,0,0.55440104,1,0.23467125,0,0.9993317,1,4.3463526e-05,0
0,5.9040585e-06,0,0.5546614,1,0.0100907665,0,0.021118326,0,0.94749385,1
0,0.059601862,0,0.5553299,1,0.0033734043,0,0.030439844,0,0.10887035,0
0,0.9998938,1,0.5572622,1,0.96068275,1,0.94666153,1,0.9997361,1
1,0.833873,1,0.5551638,1,0.0043743504,0,0.008005842,0,6.772807e-05,0
0,0.0001668876,0,0.5571753,1,0.005184899,0,0.98531127,1,0.2774843,0
0,0.98921925,1,0.61504185,1,0.97961015,1,0.72431815,1,0.9892326,1
1,1.5256001e-08,0,0.9999686,1,0.9999511,1,0.9999888,1,0.9941609,1
0,0.033355474,0,0.55332714,1,0.9970112,1,0.9981057,1,0.9992719,1
1,0.38499796,0,0.5591071,1,0.9960793,1,0.9973908,1,0.56357634,1
1,0.99999744,1,0.5553653,1,0.95967454,1,0.99492466,1,0.9993842,1
1,0.99998736,1,0.5556898,1,0.0032031876,0,0.0013029742,0,0.017372344,0
0,0.9999996,1,0.55518633,1,0.0048055677,0,0.010221429,0,0.48692727,0
0,0.29172945,0,0.555195,1,0.9182316,1,0.053577498,0,0.013402308,0
1,0.48953944,0,0.55476826,1,0.9940612,1,0.99972856,1,0.99998426,1
0,0.49010667,0,0.17773451,0,0.0036986398,0,0.8405629,1,0.008485545,0
0,0.999992,1,0.5556193,1,0.003484818,0,0.5530039,1,0.003357149,0
0,0.19377576,0,0.55542994,1,0.9478898,1,0.0020757955,0,0.14645532,0
0,0.99999917,1,0.5554173,1,0.003305146,0,0.00062799285,0,0.00053776294,0
1,0.9999439,1,0.555304,1,0.011098842,0,0.0018498328,0,0.54999214,1
1,3.9980475e-07,0,0.5552265,1,0.0031902879,0,0.00074916,0,0.0048621744,0
1,0.9999958,1,0.5554027,1,0.71938276,1,0.556927,1,0.7794531,1
0,0.013421945,0,0.5553538,1,0.5209251,1,0.9999845,1,0.99956125,1
1,0.008207253,0,0.66588855,1,0.99973685,1,0.99992645,1,0.056216583,0
1,0.00031587685,0,0.55565953,1,0.9970635,1,0.9999942,1,0.032692615,0
0,5.2218128e-09,0,0.55539435,1,0.020934721,0,0.079316236,0,0.76276445,1
1,0.9999997,1,0.56173015,1,0.75251186,1,0.9999755,1,0.36918676,0
0,1.0,1,0.55280024,1,0.012482001,0,0.00045951377,0,0.013131505,0
1,0.9999757,1,0.55535513,1,0.003346281,0,0.0014560831,0,0.0005563792,0
0,0.92020994,1,0.5554269,1,0.0031394283,0,0.0012034745,0,0.0028469944,0
1,0.99964815,1,0.5553906,1,0.9969577,1,0.9991391,1,0.00069720525,0
1,0.99996626,1,0.5511868,1,0.0031610357,0,0.0006701916,0,0.0012949962,0
1,0.10887905,0,0.55540985,1,0.9128423,1,0.5595173,1,0.09397168,0
1,0.9999297,1,0.5550894,1,0.9923357,1,0.98677486,1,0.00010463416,0
1,3.2593817e-07,0,0.46762392,0,0.9650307,1,0.99999523,1,0.99963033,1
1,0.9998118,1,0.5552321,1,0.9867797,1,0.92820597,1,0.001310731,0
0,0.9803983,1,0.98959136,1,0.003701813,0,0.003914561,0,0.997946,1
1,7.868066e-08,0,0.016933803,0,0.914272,1,4.6920595e-05,0,0.02075436,0
0,9.373031e-08,0,0.5554811,1,0.19852643,0,0.026724748,0,0.9927893,1
1,2.8936762e-07,0,0.5550581,1,0.0030997994,0,0.00061323546,0,9.6574884e-05,0
0,0.9998752,1,0.55629647,1,0.0033770856,0,0.00046239857,0,0.00042909195,0
1,0.9920797,1,0.26745394,0,0.9996605,1,0.9332635,1,0.9993496,1
0,0.010195806,0,0.5511823,1,0.99698955,1,0.99978393,1,0.99950624,1
1,0.9998906,1,0.5575698,1,0.0059748897,0,0.004632265,0,0.0057914313,0
0,0.999999,1,0.5554274,1,0.006389932,0,0.0051585315,0,0.052302178,0
1,0.9999998,1,0.55697024,1,0.0033183687,0,0.0005907358,0,0.27250138,0
1,0.9999958,1,0.5551478,1,0.9966497,1,0.99988484,1,0.9994354,1
1,0.08135612,0,0.7448748,1,0.99980474,1,0.0055777654,0,0.6348109,1
0,0.9292325,1,0.9972751,1,0.99952286,1,0.9999978,1,0.07787014,0
0,5.5892174e-10,0,0.5552602,1,0.9957538,1,0.9987665,1,0.03579197,0
0,6.169494e-07,0,0.5553975,1,0.0037043006,0,0.12528667,0,9.28578e-05,0
0,0.0064921384,0,0.82001615,1,0.9997215,1,0.9666761,1,0.19643587,0
1,0.6116621,1,0.55870456,1,0.021775488,0,0.99968946,1,0.0015201097,0
1,0.0039923466,0,0.55546886,1,0.9968224,1,0.9999916,1,0.9998907,1
1,9.68397e-07,0,0.0022741533,0,0.5592506,1,0.9999581,1,0.99561316,1
1,6.7651345e-06,0,0.5555018,1,0.0035026046,0,0.0006424197,0,0.00065385626,0
1,9.65267e-06,0,0.55513096,1,0.0033480213,0,0.012627146,0,0.0008574058,0
0,9.551386e-09,0,0.6134267,1,0.9974553,1,0.999991,1,0.9999822,1
1,0.9999553,1,0.5514014,1,0.97786576,1,0.987582,1,0.00039141683,0
1,1.8782726e-05,0,0.9997443,1,0.11612111,0,2.0497487e-06,0,0.7374043,1
0,1.6236614e-08,0,0.544033,1,0.99637467,1,0.9825142,1,0.02680115,0
1,0.0009553249,0,0.55546904,1,0.9705923,1,0.9887165,1,0.99573445,1
0,1.3292246e-06,0,0.5559468,1,0.0052687954,0,0.0069473223,0,0.0033655562,0
1,8.919333e-11,0,0.41307253,0,0.9967094,1,0.999875,1,0.9991579,1
1,8.938308e-06,0,0.5555656,1,0.99436945,1,0.98793566,1,0.9997844,1
1,0.00081246445,0,0.55557466,1,0.9611264,1,0.97919565,1,0.26363897,0
1,2.1881307e-07,0,0.5553711,1,0.99581945,1,0.99999624,1,0.99379253,1
0,0.08709922,0,0.5554375,1,0.0075874063,0,0.99775267,1,0.056447238,0
0,0.00013043247,0,0.55540526,1,0.0041370867,0,0.0055432254,0,0.0050381804,0
0,2.6061105e-06,0,0.5561221,1,0.9881043,1,0.9998616,1,0.9978861,1
0,0.0057556527,0,0.56039125,1,0.0033101481,0,0.03551854,0,0.99935454,1
0,0.96921724,1,0.5579194,1,0.55228674,1,0.0053138803,0,0.012075612,0
0,3.91045e-05,0,0.55541843,1,0.0040032812,0,0.0018756705,0,9.757221e-05,0
0,0.00014372976,0,0.5552671,1,0.0037932466,0,0.13058151,0,0.003347843,0
1,0.04827659,0,0.566436,1,0.11796525,0,0.0011653021,0,0.024291279,0
1,0.99889654,1,0.5554405,1,0.0062873606,0,0.0014806391,0,0.998229,1
0,3.8119915e-06,0,0.5552331,1,0.0033644035,0,0.18709159,0,0.016526788,0
0,0.00783132,0,0.55628955,1,0.9969216,1,0.9988734,1,0.97960675,1
0,0.00017090891,0,0.5552038,1,0.99471295,1,0.0874506,0,0.9999498,1
1,0.9997259,1,0.55541986,1,0.9760065,1,0.1441083,0,0.9934311,1
1,0.0026041048,0,0.55560917,1,0.16861342,0,0.13187659,0,0.0012605914,0
0,0.00017784581,0,0.9881465,1,0.00022045159,0,0.0050854785,0,0.002786742,0
1,0.99461186,1,0.53875375,1,0.98577636,1,0.7522049,1,0.99800855,1
0,0.0011615936,0,0.5440323,1,0.99391365,1,0.99970144,1,0.9982783,1
0,0.99993926,1,0.5552653,1,0.30140057,0,0.9995299,1,0.9968952,1
1,0.998318,1,0.55544734,1,0.99335885,1,0.9799507,1,0.54901165,1
1,5.5505316e-06,0,0.5553946,1,0.0033236027,0,0.0004932217,0,9.199967e-05,0
1,3.8754865e-06,0,0.5555023,1,0.9813987,1,0.0010407943,0,0.0011976062,0
0,0.01826959,0,0.9167641,1,0.0011602598,0,4.5421044e-07,0,7.266221e-05,0
1,0.99999976,1,0.033830058,0,0.18824828,0,0.81946677,1,0.7960869,1
1,0.9999994,1,0.55539787,1,0.9641854,1,0.98578763,1,0.4715727,0
0,0.0634723,0,0.55420357,1,0.0037443996,0,0.9965063,1,0.0038673186,0
0,0.9999632,1,0.5554357,1,0.9961775,1,0.9961104,1,0.103991255,0
1,2.356427e-09,0,0.045957353,0,0.050985053,0,5.8149857e-05,0,0.0004543409,0
0,1.0,1,0.5577203,1,0.013011037,0,0.9997305,1,0.006757308,0
1,6.888085e-06,0,0.5552379,1,0.0031743115,0,0.00052130816,0,0.0014446167,0
1,0.109650224,0,0.5554572,1,0.9376591,1,0.046413206,0,0.2539355,0
0,0.9999793,1,0.5539908,1,0.9908612,1,0.9768862,1,0.97872835,1
1,0.9995937,1,0.5660538,1,0.5455564,1,0.22505738,0,0.77783966,1
0,0.08131235,0,0.5557843,1,0.0041921656,0,0.019739687,0,0.009122487,0
0,0.44335878,0,0.009215419,0,0.98837644,1,0.70170057,1,0.9599332,1
1,0.9999515,1,0.5093176,1,0.00822869,0,0.99951345,1,0.99994475,1
1,0.9999957,1,0.5549962,1,0.93991506,1,0.0016518352,0,0.7855802,1
1,0.84986556,1,0.997045,1,0.0003993115,0,0.0002638582,0,0.06467876,0
0,1.05921e-08,0,0.55651796,1,0.9762824,1,0.99450976,1,0.99990153,1
1,0.9999963,1,0.56381804,1,0.0030801182,0,0.0009726686,0,0.008025517,0
0,5.3627225e-08,0,0.5552719,1,0.0032719898,0,0.006067984,0,0.3470242,0
1,0.00021271425,0,0.9139451,1,0.18938036,0,0.035505924,0,0.003477118,0
1,0.00049474207,0,0.55540514,1,0.07563798,0,0.9997237,1,0.9906953,1
0,0.9991266,1,0.5554888,1,0.02370989,0,0.00073963875,0,0.008699852,0
1,5.411204e-10,0,0.55532944,1,0.009035579,0,0.53905255,1,0.5985589,1
1,0.9997515,1,0.55548185,1,0.0035205146,0,0.0006919831,0,0.018228859,0
0,1.2716482e-07,0,0.64842314,1,0.0059179794,0,0.9994874,1,0.9858328,1
1,0.00048815965,0,0.5553564,1,0.106934,0,0.99989134,1,0.99914354,1
1,7.695756e-06,0,0.5553723,1,0.008356409,0,0.00059361255,0,0.00022453365,0
1,0.99841833,1,0.5554053,1,0.008637386,0,0.0102551365,0,0.07117225,0
0,0.999864,1,0.5553828,1,0.0034711903,0,0.00797991,0,0.0006423835,0
1,0.50805396,1,0.6337683,1,0.00308446,0,0.997493,1,0.0025959746,0
1,0.9999996,1,0.5948104,1,0.0031846166,0,0.0050293365,0,0.00036215564,0
0,0.99999875,1,0.55540013,1,0.008250669,0,0.52956635,1,0.78136665,1
0,0.0007461471,0,0.55524707,1,0.0041206325,0,0.0023347773,0,9.270924e-05,0
0,7.6539225e-05,0,0.56985736,1,0.0035959051,0,0.002509376,0,0.0016127152,0
1,0.9997785,1,0.43959072,0,0.07640891,0,0.7021025,1,0.0003180128,0
0,4.811521e-07,0,0.54876083,1,0.9968184,1,0.9989809,1,0.27009702,0
0,0.2032678,0,0.5553876,1,0.019998787,0,0.9967885,1,0.039816406,0
1,0.9999717,1,0.55540216,1,0.99634534,1,0.007434131,0,0.92510676,1
0,0.9999968,1,0.5553743,1,0.062112793,0,0.014254531,0,0.021987833,0
1,0.021674814,0,0.5554032,1,0.011451799,0,0.011249013,0,0.71221226,1
0,1.0,1,0.005310098,0,0.00017492099,0,0.0010103328,0,0.86810863,1
1,0.98348564,1,0.4148035,0,0.003142583,0,0.0027546429,0,0.0015983274,0
1,6.838373e-05,0,0.55548906,1,0.60262144,1,0.007940239,0,0.0011689462,0
0,1.1238655e-05,0,0.55522615,1,0.05989297,0,0.75636727,1,0.32745627,0
1,0.6254008,1,0.5363612,1,0.003097154,0,0.026919015,0,0.0017511446,0
0,0.95025826,1,0.55534405,1,0.9947132,1,0.99969745,1,0.9933496,1
0,0.0047966875,0,0.55665547,1,0.0031003451,0,0.0013531103,0,0.00019201936,0
1,0.99998283,1,0.5556067,1,0.99494,1,0.0026667686,0,0.99861175,1
1,0.9999938,1,0.55581665,1,0.011949814,0,0.0022746196,0,0.22594297,0
0,0.007906947,0,0.55548394,1,0.997049,1,0.9999514,1,0.99661946,1
1,2.3281356e-08,0,0.55546665,1,0.00661619,0,0.030013122,0,0.35415477,0
0,0.99998206,1,0.5553942,1,0.99198246,1,0.09334472,0,0.003188834,0
0,0.9999876,1,0.55543834,1,0.0047513,0,0.0009049493,0,0.12446223,0
1,9.0681615e-06,0,0.548086,1,0.9943891,1,0.9999016,1,0.024860341,0
1,8.030231e-08,0,0.22142063,0,0.7852627,1,0.14606373,0,0.39906502,0
1,4.8467285e-08,0,0.55524224,1,0.9970232,1,0.9999855,1,0.22098705,0
0,9.2615936e-11,0,0.55591714,1,0.9955701,1,0.9999101,1,0.010826508,0
0,0.9999584,1,0.5538616,1,0.011431639,0,0.99085855,1,0.35591128,0
0,0.32104027,0,0.5600855,1,0.9821367,1,0.99991286,1,0.99728334,1
1,7.9559655e-13,0,0.55543065,1,0.9969919,1,0.99999607,1,0.99999535,1
0,0.1682246,0,0.5544713,1,0.008821011,0,0.7126878,1,0.0018840118,0
1,0.9999844,1,0.7242567,1,0.00019382352,0,6.0791073e-05,0,0.03510393,0
1,0.005160046,0,0.5549644,1,0.0031221977,0,0.00052745285,0,0.00077316444,0
1,1.1964809e-06,0,0.56229997,1,0.9941181,1,0.99782133,1,0.99939173,1
0,0.83651537,1,0.55620176,1,0.005559485,0,0.0014110368,0,0.009437468,0
1,0.99686426,1,0.5553999,1,0.09339097,0,0.0061783483,0,0.7000784,1
0,0.99999976,1,0.9975943,1,0.0037709167,0,2.2266046e-05,0,0.9998381,1
0,1.6340818e-08,0,0.555534,1,0.98394006,1,0.13334742,0,0.048952043,0
0,2.7840123e-08,0,0.15308543,0,0.99974805,1,0.9999997,1,0.99951714,1
1,0.9998234,1,0.5553411,1,0.9968577,1,0.99996674,1,0.9952362,1
0,3.1793498e-12,0,0.019060228,0,0.9985805,1,0.9988487,1,0.0041480926,0
0,5.4087955e-06,0,0.5503238,1,0.0042766226,0,0.0009788278,0,0.0001683261,0
0,4.527772e-07,0,0.14615321,0,0.00026772317,0,0.05760705,0,0.0084417835,0
0,0.0011144505,0,0.55530185,1,0.0049240985,0,0.9998352,1,0.026432898,0
0,4.4230005e-06,0,0.55540097,1,0.003518448,0,0.00078360114,0,0.3862039,0
0,1.3447509e-07,0,0.5554304,1,0.13986069,0,0.968828,1,0.0005765495,0
1,1.5768345e-08,0,0.5550848,1,0.9912343,1,0.9999577,1,0.25279713,0
0,0.9831297,1,0.5462781,1,0.0049421126,0,0.003037036,0,0.8113654,1
0,0.0020358271,0,0.98500437,1,0.9993685,1,0.96912533,1,0.99515045,1
1,2.427086e-06,0,0.5178148,1,0.00677285,0,0.00229017,0,0.006671239,0
0,0.004100836,0,0.5555355,1,0.004341646,0,0.004795196,0,0.0038316974,0
0,1.5087815e-08,0,0.55550486,1,0.008024403,0,0.9194947,1,0.9967676,1
1,0.0052518435,0,0.0024897698,0,0.9299246,1,0.99810326,1,0.009511828,0
0,0.9997746,1,0.55537266,1,0.18747775,0,0.0011954745,0,0.62308913,1
1,0.9694927,1,0.5563605,1,0.86992836,1,0.9999371,1,0.99955994,1
0,0.99977547,1,0.55533594,1,0.005570609,0,0.030575247,0,0.9824928,1
1,0.43094373,0,0.5558458,1,0.993329,1,0.99975723,1,0.9996046,1
1,0.9809943,1,0.5697661,1,0.008143852,0,0.9987679,1,0.019684747,0
1,0.9999966,1,0.55567807,1,0.99001,1,0.999855,1,0.004613658,0
0,0.00153368,0,0.5556442,1,0.9970429,1,0.99871284,1,0.989712,1
0,2.2236405e-07,0,0.55574757,1,0.0073542674,0,0.0029954817,0,0.002140935,0
1,0.9951364,1,0.55528486,1,0.8395788,1,0.001372903,0,0.9959918,1
0,0.0035809064,0,0.63426477,1,0.003087473,0,0.00038841236,0,0.0012439216,0
0,0.010265891,0,0.5554689,1,0.23911875,0,0.9998999,1,0.97565204,1
1,0.7354625,1,0.5548953,1,0.003937913,0,0.15398285,0,0.9991301,1
1,0.08626279,0,0.5554246,1,0.024790078,0,0.0012090931,0,0.8423807,1
0,0.99998134,1,0.052173194,0,0.99701923,1,0.99996465,1,0.99943393,1
1,0.9999859,1,0.5594822,1,0.9954204,1,0.49613822,0,0.023196343,0
1,0.99971914,1,0.5554426,1,0.9951338,1,0.9778514,1,0.9979093,1
0,7.3098573e-07,0,0.555368,1,0.01775658,0,0.005295973,0,0.00020210727,0
1,8.0654814e-07,0,0.555306,1,0.99492097,1,0.9998641,1,0.99806297,1
1,2.5336135e-09,0,0.55359983,1,0.012391887,0,0.0011519332,0,7.469478e-05,0
1,0.9080199,1,0.25953805,0,0.17544538,0,0.0037759119,0,0.007875681,0
0,0.99999946,1,0.55510503,1,0.99612445,1,0.9999548,1,0.99917156,1
0,1.0202647e-06,0,0.5553996,1,0.017798908,0,0.99781466,1,0.99349177,1
0,3.8559843e-08,0,0.33126947,0,0.9950533,1,0.91736627,1,0.2319383,0
1,0.9999462,1,0.55547917,1,0.47969452,0,0.9997622,1,0.9946248,1
1,1.7551056e-10,0,0.54956573,1,0.99650675,1,0.9976047,1,0.034618437,0
1,0.99994314,1,0.5827653,1,0.9563338,1,0.30661556,0,0.8079934,1
1,0.99996704,1,0.5560689,1,0.0801949,0,0.0007248798,0,0.03068786,0
0,0.9999691,1,0.46882805,0,0.0031239272,0,0.0043511153,0,0.9964987,1
1,4.8027914e-06,0,0.55342513,1,0.0031828736,0,0.000885831,0,0.28698123,0
1,0.003216793,0,0.555399,1,0.13328628,0,0.007229537,0,0.64280593,1
1,1.09166905e-07,0,0.22280018,0,0.00015293698,0,0.13559093,0,0.99982363,1
0,0.008401643,0,0.5553346,1,0.0043737297,0,0.30975062,0,0.00041867833,0
0,1.0,1,0.9737086,1,0.9998752,1,1.0576378e-05,0,0.001141584,0
0,1.2684607e-08,0,0.5699829,1,0.9988715,1,0.99988645,1,0.99843615,1
0,0.995117,1,0.55568254,1,0.99515724,1,0.9998519,1,0.5768311,1
0,0.16174102,0,0.59468377,1,0.974227,1,0.9562084,1,0.9996019,1
1,7.791261e-09,0,0.5554353,1,0.99348557,1,0.012502742,0,0.9992298,1
1,0.3433319,0,0.9756425,1,0.001103693,0,0.53759784,1,0.90013826,1
0,0.03879324,0,0.55544746,1,0.0032900993,0,0.0004983753,0,0.00022511845,0
1,1.0,1,0.0017421918,0,0.9998601,1,0.9999894,1,0.23673894,0
0,7.2883154e-08,0,0.5555766,1,0.38393635,0,0.967915,1,0.6640039,1
1,0.14439204,0,0.5561429,1,0.0037865243,0,0.93752223,1,0.0056882547,0
1,6.774079e-07,0,0.55535996,1,0.006403118,0,0.94289833,1,0.055439442,0
1,0.99999994,1,0.5507477,1,0.106996395,0,0.0026931032,0,0.00018727401,0
0,0.000723522,0,0.5555129,1,0.992167,1,0.9999729,1,0.9990126,1
1,2.227836e-08,0,0.5557642,1,0.058067124,0,0.9986006,1,0.24695528,0
1,0.9996231,1,0.5553173,1,0.964724,1,0.99692416,1,0.9998972,1
0,0.9999654,1,0.28318244,0,0.99965674,1,0.7124694,1,0.073880136,0
1,0.99999976,1,0.55539733,1,0.80770594,1,0.9999444,1,0.17405573,0
0,0.9989589,1,0.5556851,1,0.0444201,0,0.9996663,1,0.00016013466,0
0,0.00029812838,0,0.55555356,1,0.0042421287,0,0.99963653,1,0.005159867,0
0,8.053438e-06,0,0.55279946,1,0.0031853388,0,0.0010546186,0,0.0031515977,0
1,8.226595e-05,0,0.8206572,1,0.039811283,0,0.002208238,0,0.00016672714,0
1,5.073657e-06,0,0.5552865,1,0.9943454,1,0.28033978,0,0.005673559,0
0,0.0058741677,0,0.55788296,1,0.0055042366,0,0.00061663793,0,0.14040247,0
1,1.0484504e-06,0,0.555527,1,0.99197114,1,0.0006764334,0,0.013973688,0
1,0.9999987,1,0.555819,1,0.011937602,0,0.0021156354,0,0.0012844707,0
0,0.029121738,0,0.55574167,1,0.019938488,0,0.8369421,1,0.0029055255,0
1,0.10187383,0,0.5547518,1,0.030068075,0,0.9629614,1,0.28655818,0
1,0.9995671,1,0.55546033,1,0.8121887,1,0.9997811,1,0.43891585,0
1,0.9998546,1,0.5536897,1,0.008484627,0,0.9938647,1,0.9684887,1
1,0.999999,1,0.55558896,1,0.9969745,1,0.99994785,1,0.9999636,1
0,1.0,1,0.55527586,1,0.9930839,1,0.9749484,1,0.1273229,0
0,0.99281436,1,0.5552148,1,0.9804779,1,0.9996639,1,0.9993723,1
1,0.9553964,1,0.555575,1,0.013478822,0,0.49612135,0,0.00068108505,0
1,0.9999964,1,0.40112886,0,0.0030700918,0,0.0036300025,0,0.011837224,0
0,5.931026e-11,0,0.555405,1,0.031913012,0,0.96990746,1,0.23299736,0
1,0.9998911,1,0.23907258,0,0.0074337265,0,0.0014537942,0,0.0029406315,0
0,1.095684e-08,0,0.1931604,0,0.0027980576,0,0.0002928999,0,0.0042802356,0
1,0.9745766,1,0.00023164134,0,0.99959296,1,0.99995553,1,0.9999924,1
0,5.188519e-06,0,0.555416,1,0.0032907417,0,0.00896178,0,0.094983146,0
0,1.6505583e-08,0,0.55568486,1,0.99655247,1,0.99998635,1,0.9938158,1
1,0.9999375,1,0.5537565,1,0.8122775,1,0.9999494,1,0.9491527,1
1,0.19623055,0,0.55536085,1,0.010286843,0,0.008261978,0,0.21367306,0
0,0.99999577,1,0.9941899,1,0.9999225,1,0.99841195,1,0.004443563,0
0,1.8360823e-10,0,0.55522615,1,0.9927872,1,0.046103444,0,0.9998363,1
0,7.162916e-09,0,0.5561839,1,0.009923039,0,0.99997884,1,0.9998486,1
0,0.999987,1,0.55441505,1,0.99623394,1,0.9999594,1,0.9957918,1
0,1.6352796e-11,0,0.536644,1,0.07984981,0,0.99998087,1,0.99988914,1
0,0.0063300766,0,0.5554081,1,0.005861666,0,0.001611534,0,0.00051797245,0
1,0.9942309,1,0.4788314,0,0.9924066,1,0.9928763,1,0.74411356,1
0,0.9980673,1,0.55555326,1,0.6175012,1,0.98406166,1,0.04135123,0
1,0.022458924,0,0.55525255,1,0.005678242,0,0.0016337595,0,0.95258677,1
0,0.00028242692,0,0.5553386,1,0.0032387464,0,0.00044132597,0,0.00034832035,0
1,8.961197e-05,0,0.5559355,1,0.00695625,0,0.8892743,1,0.99977374,1
1,2.0384248e-11,0,0.5557086,1,0.5546577,1,0.99910825,1,0.15200138,0
1,0.9998376,1,0.53098875,1,0.99588674,1,0.5522905,1,0.998787,1
1,0.0020458798,0,0.55540466,1,0.0066056615,0,0.0018448296,0,0.012727211,0
1,0.98816955,1,0.572691,1,0.19084759,0,0.0015336953,0,0.011888477,0
0,0.99999326,1,0.27173367,0,0.9996482,1,0.9998466,1,0.9971565,1
0,0.99998724,1,0.5545393,1,0.9966426,1,0.9997359,1,0.26715064,0
0,5.1073504e-05,0,0.92653257,1,0.99905443,1,0.99987346,1,0.9998534,1
1,0.0005772384,0,0.55583614,1,0.0034350462,0,0.0014530577,0,1.5904267e-05,0
0,0.2064252,0,0.55530906,1,0.050496936,0,0.0019685894,0,0.99937254,1
1,0.007152895,0,0.555311,1,0.9918589,1,0.9995047,1,0.9805799,1
0,6.9379794e-06,0,0.55536216,1,0.99194676,1,0.9998768,1,0.013253816,0
0,1.00179905e-05,0,0.55548054,1,0.0038320175,0,0.673631,1,0.9647079,1
1,0.99206215,1,0.555463,1,0.99701387,1,0.99912673,1,0.99981713,1
0,0.2993307,0,0.5553978,1,0.99013424,1,0.99246675,1,0.9807519,1
1,0.00078277406,0,0.95401335,1,0.00022627918,0,0.00079986436,0,0.052946948,0
1,0.98168683,1,0.55458236,1,0.010610241,0,0.30843583,0,0.99878114,1
0,0.00015654662,0,0.55545336,1,0.990193,1,0.9998013,1,0.9541596,1
0,0.015765585,0,0.55499864,1,0.095227614,0,0.0059647537,0,8.9049325e-05,0
1,0.0001124518,0,0.038183864,0,0.97415674,1,0.04761724,0,0.021878837,0
1,0.9978193,1,0.55572873,1,0.9935775,1,0.99994016,1,0.9952942,1
0,0.99958795,1,0.5550497,1,0.9952055,1,0.99997634,1,0.98210615,1
0,3.9607897e-08,0,0.5566424,1,0.0040625893,0,0.012304638,0,0.35400113,0
0,0.99988705,1,0.952548,1,0.96012753,1,2.7395514e-05,0,0.0011141128,0
1,0.0054263216,0,0.54879206,1,0.99704653,1,0.79541403,1,0.9986542,1
0,0.99997836,1,0.5552697,1,0.99452657,1,0.9993901,1,0.94783044,1
1,8.447614e-05,0,0.5553818,1,0.9959792,1,0.9999913,1,0.99969226,1
1,0.9992854,1,0.01103092,0,0.9994766,1,0.9310856,1,0.99999344,1
0,0.031692717,0,0.5554955,1,0.6359808,1,0.99976563,1,0.6697389,1
0,0.0052385377,0,0.55571556,1,0.9958654,1,0.9999625,1,0.98341197,1
1,0.973861,1,0.5571061,1,0.7354875,1,0.97765213,1,0.0021498837,0
0,0.9999954,1,0.057780005,0,0.0006247879,0,0.00062701054,0,3.2175856e-05,0
0,0.036534276,0,0.5556068,1,0.009181736,0,0.99867296,1,0.8760851,1
0,0.99875,1,0.55530584,1,0.9336903,1,0.0022705013,0,0.0077113747,0
0,4.3461512e-10,0,0.12279945,0,0.0029943553,0,0.10754082,0,0.0005550837,0
1,2.146076e-08,0,0.55540115,1,0.9622684,1,0.9022217,1,0.9874897,1
1,1.1361645e-05,0,0.123440586,0,0.10174308,0,0.9999806,1,0.004704164,0
0,0.99952656,1,0.55782694,1,0.9931904,1,0.0070153805,0,0.43783873,0
0,5.2114235e-10,0,0.5548123,1,0.2707952,0,0.89356405,1,0.090080924,0
0,0.999181,1,0.5631615,1,0.0031868822,0,0.00053498795,0,0.09316986,0
1,0.9968189,1,0.55539894,1,0.0035769818,0,0.00093316485,0,0.00011570743,0
0,0.9782295,1,0.55747706,1,0.0037663113,0,0.005287996,0,8.6408465e-05,0
0,7.330097e-08,0,0.5552397,1,0.43166775,0,0.9787794,1,0.016318774,0
1,0.020360978,0,0.5554991,1,0.99601495,1,0.999992,1,0.9999286,1
0,0.6571544,1,0.5551667,1,0.99703544,1,0.9998474,1,0.9990303,1
0,3.386513e-08,0,0.552888,1,0.99143505,1,0.99996406,1,0.00019954542,0
0,0.99963886,1,0.5556282,1,0.003726797,0,0.00058882515,0,5.0122017e-05,0
1,0.9999783,1,0.45379135,0,0.0034599688,0,0.013150576,0,0.0001421857,0
0,3.412697e-08,0,0.5554206,1,0.014009053,0,0.2961033,0,0.85732573,1
0,0.0015317079,0,0.0037340645,0,0.004881892,0,0.001956457,0,0.0067431224,0
1,0.99993855,1,0.13906391,0,0.9938028,1,0.9996489,1,0.004933966,0
0,5.693967e-05,0,0.55533403,1,0.99602693,1,0.99865156,1,0.9996011,1
1,0.99995565,1,0.55522174,1,0.6933976,1,0.99999845,1,0.96212757,1
0,1.1844846e-07,0,0.5554447,1,0.92578155,1,0.9981879,1,0.64405817,1
1,0.99983215,1,0.5584433,1,0.0031225167,0,0.00062248856,0,0.0025633688,0
0,0.0004696353,0,0.15803435,0,0.0004199335,0,6.105107e-07,0,0.00025028648,0
1,0.014057419,0,0.5555429,1,0.98906034,1,0.9932006,1,0.5233379,1
1,0.99981123,1,0.55556613,1,0.9931104,1,0.9999618,1,0.9997418,1
0,0.99999917,1,0.55511963,1,0.0037524537,0,0.020741573,0,0.0045816447,0
0,0.99984705,1,0.51977366,1,0.0036065592,0,0.00086981483,0,0.00016051884,0
1,0.0019683533,0,0.55553037,1,0.99431354,1,0.9999559,1,0.99998164,1
1,6.433159e-11,0,0.08705443,0,0.99698293,1,0.968077,1,0.99966097,1
1,0.9999366,1,0.555502,1,0.98635435,1,0.017956888,0,0.99971545,1
1,0.9976055,1,0.55539936,1,0.87594205,1,0.41168696,0,0.04306951,0
1,0.99998796,1,0.5556291,1,0.0032059522,0,0.02706521,0,0.00016064393,0
0,5.5460976e-07,0,0.5554224,1,0.9906816,1,0.99998605,1,0.5606241,1
1,5.6526545e-13,0,0.028706549,0,0.9588956,1,0.96992433,1,0.9999317,1
1,3.8493056e-07,0,0.5555232,1,0.9968274,1,0.9999987,1,0.9977699,1
1,9.444564e-06,0,0.53040284,1,0.9974282,1,0.9999775,1,0.99795413,1
1,0.64963275,1,0.5554068,1,0.0031591947,0,0.00042358105,0,0.00023307806,0
0,3.265506e-05,0,0.55495065,1,0.994982,1,0.999514,1,0.13560927,0
0,0.99996215,1,0.55592114,1,0.0042628706,0,0.9993337,1,0.96341676,1
1,0.97747475,1,0.55539733,1,0.01587071,0,0.001787115,0,0.81898046,1
0,0.9999645,1,0.5558033,1,0.0032694624,0,0.016054437,0,0.06988686,0
0,0.99978846,1,0.55489224,1,0.99229175,1,0.99903756,1,0.048543327,0
0,1.6974179e-06,0,0.55242246,1,0.9893404,1,0.9995055,1,0.2484908,0
1,0.99798846,1,0.014847983,0,0.00020474785,0,0.99994963,1,0.0025602481,0
1,3.546856e-08,0,0.047391918,0,0.28328243,0,1.9890541e-07,0,0.00027804662,0
1,0.9981912,1,0.012755361,0,0.00014652504,0,0.0005935947,0,0.0007994331,0
0,2.6055366e-06,0,0.55543965,1,0.003197827,0,0.00041870613,0,0.00045372112,0
1,0.9998802,1,0.5554202,1,0.0065118433,0,0.9473227,1,0.81529045,1
1,0.9109732,1,0.555241,1,0.007794292,0,0.7942272,1,0.07857134,0
0,0.9999231,1,0.5539458,1,0.9967126,1,0.99881035,1,0.96459424,1
0,4.2423007e-06,0,0.5552035,1,0.0044424287,0,0.0005307193,0,0.00010241251,0
0,0.00021308391,0,0.55539125,1,0.0031896434,0,0.00089367724,0,0.0012711531,0
1,3.5409988e-07,0,0.5557516,1,0.9769133,1,0.99431354,1,0.01470934,0
0,4.3661926e-06,0,0.5554233,1,0.9935553,1,0.9999183,1,0.99821454,1
1,4.9287657e-08,0,0.5569372,1,0.34105983,0,0.99995,1,0.99520546,1
1,0.9999996,1,0.99605924,1,0.9842007,1,0.987479,1,0.97382635,1
0,1.7499667e-08,0,0.5554759,1,0.99428004,1,0.01876761,0,0.9317542,1
1,0.99886173,1,0.55542547,1,0.0036386913,0,0.0007510342,0,0.97370285,1
0,0.9709589,1,0.55772394,1,0.004192956,0,0.01868427,0,0.8629898,1
1,0.9999974,1,0.0014224369,0,0.080161236,0,0.9969102,1,0.9731543,1
1,0.9009071,1,0.5553804,1,0.0031507255,0,0.0007988947,0,1.431118e-05,0
0,0.9999998,1,0.5613082,1,0.0030769957,0,0.0023077808,0,4.5577577e-05,0
1,0.0002675443,0,0.55557245,1,0.9968836,1,0.9994233,1,0.9936328,1
1,0.00011361013,0,0.99417675,1,0.00042479334,0,0.9509391,1,0.0005936714,0
0,0.04691392,0,0.55627304,1,0.013977511,0,0.7519015,1,0.0008174571,0
1,0.00043320432,0,0.5557748,1,0.9960751,1,0.9997276,1,0.99250084,1
0,0.9999999,1,0.55551225,1,0.009992665,0,0.48800746,0,0.999682,1
0,0.8868484,1,0.0018162518,0,0.00024776976,0,0.002421986,0,1.3570667e-05,0
0,0.10623092,0,0.5638694,1,0.0037670706,0,0.1251179,0,8.067652e-05,0
1,1.3569338e-06,0,0.555684,1,0.14465626,0,0.00192932,0,0.97398967,1
0,1.5422451e-06,0,0.6497121,1,0.9997632,1,0.9999506,1,0.13708451,0
0,4.9796244e-11,0,0.55555856,1,0.9951309,1,0.9721449,1,0.994092,1
1,4.2293652e-07,0,0.55910057,1,0.0031857237,0,0.0035740396,0,4.959819e-06,0
0,0.00019658878,0,0.5555872,1,0.010551285,0,0.7248596,1,0.92960227,1
0,1.24982125e-05,0,0.5738067,1,0.99201536,1,0.4937551,0,0.97850305,1
0,0.0841563,0,0.55539083,1,0.042446334,0,0.0021068521,0,0.5082582,1
1,1.0172002e-07,0,0.5584378,1,0.0033311362,0,0.59161794,1,0.0011583988,0
0,0.0011305915,0,0.49735272,0,0.0055407337,0,0.0021629736,0,0.025315873,0
0,2.726415e-06,0,0.54498255,1,0.9970298,1,0.9999924,1,0.0040322314,0
0,0.9999315,1,0.5556944,1,0.0031743492,0,0.0004912589,0,0.005102634,0
0,1.0901693e-05,0,0.555534,1,0.014763044,0,0.0012198901,0,0.005171456,0
0,8.43781e-11,0,0.7812714,1,0.00091082335,0,0.009932173,0,0.00031848645,0
1,0.9999235,1,0.12823935,0,0.00032547704,0,4.0622663e-07,0,7.823447e-05,0
0,0.06300681,0,0.55548304,1,0.30370045,0,0.5521969,1,0.00049172936,0
1,0.99978626,1,0.058413327,0,0.9985701,1,0.9998315,1,0.9833569,1
0,0.9999897,1,0.9946619,1,0.99988806,1,0.9999779,1,0.9999421,1
0,0.0033607217,0,0.5556219,1,0.0063502253,0,0.002213449,0,7.4951706e-05,0
1,0.0045256936,0,0.5536404,1,0.003086651,0,0.00040303913,0,0.7404252,1
1,0.17839983,0,0.626306,1,0.9951778,1,0.0025916952,0,0.0007957193,0
0,0.0035056765,0,0.44937047,0,0.54177344,1,0.009025841,0,0.9770655,1
1,0.999983,1,0.9703929,1,0.9997401,1,0.9999992,1,0.98745954,1
1,7.232106e-06,0,0.55469114,1,0.8576879,1,0.9990401,1,0.0044870577,0
0,0.7659888,1,0.5553028,1,0.0036810632,0,0.00058786233,0,0.002736011,0
1,9.866357e-12,0,0.99990404,1,0.00016983139,0,0.04122213,0,0.030198378,0
0,0.74567795,1,0.5549917,1,0.011130473,0,0.34159663,0,0.9983777,1
0,0.99926114,1,0.5553133,1,0.0057784626,0,0.0046773097,0,0.022799697,0
1,0.9999183,1,0.55538005,1,0.0063398285,0,0.0026645819,0,0.0018482116,0
0,0.035288278,0,0.5539037,1,0.96345097,1,0.003022959,0,0.30568376,0
1,0.002885943,0,0.55541986,1,0.0033592638,0,0.0018456889,0,0.000136145,0
1,1.3717243e-05,0,0.58752143,1,0.9950998,1,0.999969,1,0.99388796,1
0,0.009768979,0,0.55527806,1,0.9965339,1,0.9998008,1,0.9968038,1
1,1.467692e-07,0,0.55524075,1,0.98574394,1,0.99986,1,0.99909663,1
0,2.8793797e-06,0,0.5561476,1,0.024937095,0,0.0031187267,0,6.6723835e-05,0
0,0.33841306,0,0.5553561,1,0.9969909,1,0.99997437,1,0.9999635,1
0,6.081589e-10,0,0.5552458,1,0.99705845,1,0.9999868,1,0.99999654,1
1,0.9998056,1,0.55597013,1,0.029894624,0,0.038754947,0,0.4107539,0
0,5.66785e-05,0,0.5683483,1,0.88027036,1,0.0011281569,0,0.0114387525,0
0,4.421883e-06,0,0.5555705,1,0.30667606,0,0.9992373,1,0.9993099,1
0,0.9996224,1,0.55545264,1,0.007629873,0,0.0011392588,0,0.0019743762,0
1,0.9999335,1,0.5553364,1,0.93715817,1,0.9964091,1,0.0052366373,0
1,5.5257665e-10,0,0.5552641,1,0.0039703306,0,0.00072384515,0,0.0010447949,0
0,1.0637931e-10,0,0.72324437,1,0.004770488,0,0.9998989,1,0.8189319,1
1,0.011671843,0,0.97754943,1,0.0001229962,0,2.3851015e-07,0,0.0779003,0
1,4.2938094e-11,0,0.8467399,1,0.00029324528,0,6.094734e-06,0,0.000110988076,0
1,0.99999934,1,0.5571905,1,0.9961683,1,0.98878574,1,0.9999478,1
0,1.084321e-07,0,0.5553985,1,0.0034577483,0,0.56070745,1,0.0007439958,0
1,0.99998957,1,0.5542007,1,0.0042707194,0,0.0005319693,0,0.008557135,0
0,0.99999696,1,0.6339313,1,0.003059155,0,0.00019553889,0,7.091328e-05,0
0,4.751063e-06,0,0.00044662782,0,0.0043479414,0,0.99051255,1,0.13058013,0
0,0.9999999,1,0.6107323,1,0.99675965,1,0.9999921,1,0.9999858,1
1,0.88491315,1,0.99390805,1,0.99954516,1,0.022738548,0,0.012336941,0
0,0.6585069,1,0.555209,1,0.99428034,1,0.9999484,1,0.95175153,1
0,0.0056219096,0,0.55498844,1,0.99695796,1,0.99998677,1,0.99523383,1
0,0.9903303,1,0.5558794,1,0.0172053,0,0.9980657,1,0.9999921,1
1,8.3210994e-05,0,0.5554861,1,0.18289335,0,0.99008596,1,0.87258947,1
0,7.3795735e-07,0,0.5408278,1,0.0030814097,0,0.0032492538,0,0.9475707,1
1,0.97412944,1,0.007627542,0,0.9972625,1,0.9999662,1,0.98624533,1
0,3.2124348e-07,0,0.55537087,1,0.0035943629,0,0.005162004,0,0.0007707186,0
1,0.9999741,1,0.55542797,1,0.3879268,0,0.48570743,0,0.99359,1
0,0.8976824,1,0.5553635,1,0.99649847,1,0.9999683,1,0.9988762,1
1,1.0610346e-07,0,0.55534875,1,0.99609053,1,0.9999249,1,0.99995154,1
0,4.709515e-12,0,0.5098721,1,0.8186525,1,0.99967057,1,0.009016753,0
1,0.8992177,1,0.5320915,1,0.0043471856,0,0.001275821,0,0.0003251576,0
1,2.722726e-09,0,0.55379987,1,0.0030821967,0,0.00073156075,0,0.0007594464,0
1,0.8229477,1,0.012400707,0,0.0006122275,0,0.028106011,0,0.090019085,0
1,0.0044775587,0,0.5877973,1,0.0033804832,0,0.9951683,1,0.008692083,0
0,0.28112808,0,0.555521,1,0.0076180194,0,0.019735238,0,0.97214985,1
1,6.9760466e-07,0,0.55621314,1,0.0031224622,0,0.0010047724,0,0.1118886,0
0,7.055815e-05,0,0.5547714,1,0.19092815,0,0.0032613326,0,0.8373554,1
1,0.99997294,1,0.5554958,1,0.0032228103,0,0.00092025613,0,0.0015864054,0
0,0.99999964,1,0.55548954,1,0.0031312774,0,0.0007051255,0,0.011388689,0
1,1.284533e-07,0,0.555368,1,0.99403715,1,0.9999958,1,0.9973842,1
0,7.1563416e-05,0,0.55535895,1,0.0074664373,0,0.0007060282,0,0.00020209223,0
1,3.7478916e-08,0,0.6491835,1,0.42946422,0,0.999996,1,0.92968214,1
0,4.4863744e-12,0,0.9190921,1,0.96895164,1,0.19883896,0,0.9998146,1
1,2.457504e-06,0,0.5551826,1,0.0043594423,0,0.0014207332,0,0.0008594781,0
1,0.0004003758,0,0.5545376,1,0.9944243,1,0.9995729,1,0.9994991,1
1,1.0,1,0.5139636,1,0.0031148316,0,0.0014660897,0,0.0008889904,0
1,2.2677976e-05,0,0.5553723,1,0.0031275495,0,0.001472875,0,3.803297e-05,0
1,1.0,1,0.54668766,1,0.009239698,0,0.002123878,0,0.0010948287,0
1,0.07981625,0,0.5553224,1,0.93998533,1,0.28986984,0,0.9995658,1
0,4.6790905e-08,0,0.054392397,0,0.19374801,0,6.177895e-06,0,0.07466181,0
1,0.9972753,1,0.5556543,1,0.081274636,0,0.91792274,1,0.00083254895,0
0,0.96314454,1,0.5546856,1,0.009382856,0,0.99973893,1,0.9887347,1
1,0.9999894,1,0.555382,1,0.9968014,1,0.997167,1,0.999274,1
0,1.8545343e-05,0,0.5556515,1,0.003952953,0,0.0009133118,0,0.008601021,0
0,4.6385704e-08,0,0.5561043,1,0.009792268,0,0.9994727,1,0.6386157,1
0,3.1278615e-09,0,0.5554121,1,0.009797087,0,0.9979061,1,0.7547483,1
0,0.99731517,1,0.56604654,1,0.71603125,1,0.9977322,1,0.99843407,1
1,2.2877293e-09,0,0.5632125,1,0.0030694674,0,0.00047860306,0,9.662201e-06,0
0,0.00044226937,0,0.94605446,1,0.0065886457,0,0.00014495026,0,0.08131037,0
0,4.4603366e-06,0,0.49351203,0,0.05522889,0,3.5851468e-09,0,0.0065953373,0
0,0.997999,1,0.8889378,1,0.008072436,0,0.00031898508,0,0.13222769,0
0,0.9945544,1,0.55621827,1,0.99661636,1,0.9997856,1,0.99989694,1
0,0.9999639,1,0.55589134,1,0.9969385,1,0.99999386,1,0.9998592,1
0,7.709712e-07,0,0.554881,1,0.996769,1,0.9999433,1,0.99981886,1
0,1.6665467e-07,0,0.99674475,1,0.05863475,0,0.2327842,0,0.9643823,1
0,0.00018864231,0,0.55548203,1,0.065027624,0,0.0035028458,0,0.9968775,1
0,7.8958243e-07,0,0.5569325,1,0.99541855,1,0.9999648,1,0.99992085,1
1,0.99971896,1,0.5552887,1,0.98329574,1,0.9893297,1,0.98949337,1
0,0.00012538569,0,0.56531906,1,0.4373835,0,0.004027796,0,0.0008922626,0
0,0.9999324,1,0.55539685,1,0.9938082,1,0.9999618,1,0.9999909,1
1,0.00026191774,0,0.5553881,1,0.9967429,1,0.99999124,1,0.9998733,1
0,0.9972698,1,0.5388388,1,0.0043354314,0,0.0012979336,0,0.020543057,0
1,5.82224e-10,0,0.06699988,0,0.98091847,1,0.46809733,0,0.005157163,0
0,4.862985e-07,0,0.5553176,1,0.0039506163,0,0.0015303233,0,0.05146574,0
0,0.95570964,1,0.55124015,1,0.99693763,1,0.9999683,1,0.83696204,1
0,2.8146791e-05,0,0.5555245,1,0.043047544,0,0.0015632139,0,0.6810919,1
1,2.8609293e-07,0,0.55564237,1,0.003565489,0,0.73984265,1,0.048026484,0
1,0.10691344,0,0.5553648,1,0.008440674,0,0.547873,1,0.009166003,0
1,6.944268e-06,0,0.5550704,1,0.0030684099,0,0.00046768127,0,0.0006592299,0
1,0.9999936,1,0.55545336,1,0.9745997,1,0.9962653,1,0.99929005,1
0,0.9999821,1,0.55532444,1,0.98401964,1,0.9949869,1,0.02045228,0
1,0.00036204344,0,0.5554014,1,0.027495082,0,0.42372522,0,0.99998623,1
0,5.3643898e-08,0,0.39655185,0,0.26322514,0,0.33293998,0,0.005640707,0
0,0.0023298,0,0.9527662,1,0.0027345165,0,2.7443764e-07,0,0.7735543,1
1,6.575055e-05,0,0.012849417,0,0.00016945257,0,2.0216089e-07,0,0.03277323,0
0,0.004060841,0,0.55531776,1,0.9966084,1,0.9996845,1,0.99447304,1
0,0.99996144,1,0.5561265,1,0.09750466,0,0.22973837,0,1.6186408e-05,0
1,0.3284766,0,0.555744,1,0.004913008,0,0.0014229943,0,0.00015450532,0
0,0.0028653168,0,0.3601947,0,0.0030984103,0,0.0010994314,0,0.0002654152,0
1,5.586005e-06,0,0.4985333,0,0.004514594,0,0.9990049,1,0.0013151482,0
1,2.1778797e-07,0,0.55566204,1,0.996089,1,0.99993306,1,0.999909,1
0,0.99999946,1,0.55533904,1,0.19751361,0,0.94420725,1,0.9923075,1
1,0.03808542,0,0.17045546,0,0.64548486,1,0.008654402,0,0.00030407993,0
1,0.99746144,1,0.5553841,1,0.0058504487,0,0.00093185436,0,0.011642134,0
0,1.0,1,0.5562574,1,0.0062799407,0,0.7718713,1,0.0016146732,0
1,0.99999136,1,0.55578876,1,0.003242916,0,0.0017740242,0,0.9394924,1
1,4.509529e-08,0,0.52468246,1,0.96770614,1,0.91781884,1,0.11345347,0
0,0.9999998,1,0.5554193,1,0.003627518,0,0.00058906747,0,0.0035359699,0
0,0.9999956,1,0.55487514,1,0.0121635655,0,0.5170985,1,0.9950101,1
1,0.90227306,1,0.5554442,1,0.928026,1,0.999752,1,0.48826805,0
1,0.33190894,0,0.55522174,1,0.012675101,0,0.9986143,1,0.1107707,0
0,0.4322749,0,0.5556987,1,0.9899661,1,0.99997234,1,0.025593484,0
0,0.99000883,1,0.5467514,1,0.98335826,1,0.9995731,1,0.0010993471,0
1,0.9999989,1,0.7247523,1,0.99430805,1,0.95303154,1,0.99995893,1
1,0.99936694,1,0.0018036704,0,0.011420758,0,7.933562e-05,0,0.009116924,0
0,1.5685991e-07,0,0.93391144,1,0.49495062,0,2.160348e-07,0,0.9971897,1
0,0.99381286,1,0.54217845,1,0.00316013,0,0.00097439514,0,1.9959507e-05,0
1,0.9988651,1,0.9522841,1,0.9964846,1,0.9999318,1,0.1193809,0
0,0.9996733,1,0.5557832,1,0.005930214,0,0.00057680806,0,4.888005e-05,0
0,0.99998474,1,0.5570502,1,0.99646336,1,0.99915403,1,0.9996924,1
1,0.0017380769,0,0.56586725,1,0.99686044,1,0.99999446,1,0.11416114,0
0,1.5467167e-07,0,0.55360186,1,0.0044844355,0,0.00055910554,0,0.001419964,0
1,6.339983e-05,0,0.55630314,1,0.98870254,1,0.99604696,1,0.9942389,1
0,2.0240336e-13,0,0.5554038,1,0.6320175,1,0.0020473825,0,0.21449251,0
1,0.037743326,0,0.37041184,0,0.12239318,0,0.096552715,0,0.9998924,1
1,8.879133e-08,0,0.5435076,1,0.0058373753,0,0.9992361,1,0.2058105,0
0,0.999257,1,0.5554221,1,0.9663023,1,0.002357116,0,0.08942673,0
0,5.401048e-10,0,0.0461559,0,0.00023388081,0,6.7349464e-07,0,0.8523473,1
1,2.5940746e-08,0,0.079541095,0,0.94947755,1,0.99990076,1,0.25499654,0
1,6.448713e-14,0,0.9073555,1,0.0015235585,0,0.006998794,0,0.030081958,0
1,2.4340604e-06,0,0.5551765,1,0.0054231216,0,0.00045948554,0,8.56997e-05,0
1,1.613594e-08,0,0.5431187,1,0.0043564835,0,0.9952041,1,0.14854008,0
1,2.84658e-06,0,0.560553,1,0.99668604,1,0.725355,1,0.99969715,1
0,0.43327263,0,0.5554123,1,0.010007681,0,0.009159787,0,0.9533404,1
0,7.503679e-09,0,0.27943584,0,0.99777156,1,0.22000247,0,0.05803691,0
0,0.72882,1,0.5549573,1,0.02037627,0,0.00092804263,0,0.00074441964,0
0,8.083262e-05,0,0.5556923,1,0.0030947425,0,0.00042794677,0,0.00016715087,0
1,1.5339018e-06,0,0.5566406,1,0.0030676818,0,0.00072342815,0,0.00010072362,0
1,2.94271e-06,0,0.9978877,1,0.0005193039,0,0.9890002,1,0.00017755013,0
0,1.2038687e-07,0,0.55523837,1,0.99643034,1,0.9998852,1,0.9990241,1
1,0.93432343,1,0.55541945,1,0.01752735,0,0.00039733908,0,0.941273,1
1,0.9999988,1,0.5340489,1,0.91146785,1,0.08652227,0,0.90966326,1
0,2.5480917e-06,0,0.5556195,1,0.9843128,1,0.9014558,1,0.24939783,0
0,8.271361e-07,0,0.39129713,0,0.010123049,0,0.0051784837,0,0.003238654,0
1,0.9998683,1,0.5558871,1,0.88172317,1,0.0011769301,0,0.9999332,1
1,0.03140315,0,0.5554058,1,0.88568187,1,0.119860955,0,0.027354578,0
0,0.9999288,1,0.69131804,1,0.0036018144,0,0.98319525,1,0.330489,0
0,5.657659e-10,0,0.55214995,1,0.004058767,0,0.012173162,0,0.1610218,0
0,2.9226268e-08,0,0.5556237,1,0.0031113382,0,0.00078592834,0,5.8742262e-05,0
1,3.234048e-08,0,0.54851335,1,0.003553176,0,0.0135117555,0,0.9103312,1
0,0.9999934,1,0.5553954,1,0.012958248,0,0.89114064,1,0.0010055974,0
1,0.9868608,1,0.3103321,0,0.00011858934,0,4.0523093e-05,0,0.0023497688,0
0,0.00085814745,0,0.56473327,1,0.0030721808,0,0.0022396788,0,0.7525259,1
1,8.5157845e-09,0,0.55546236,1,0.9960726,1,0.9996967,1,0.9997284,1
1,0.008856866,0,0.55385846,1,0.00892141,0,0.29455596,0,0.00040371748,0
0,0.98837006,1,0.9994645,1,0.9986725,1,0.9994754,1,0.8521053,1
1,0.0746484,0,0.5554636,1,0.00802168,0,0.0013567433,0,0.0019529026,0
1,0.14098394,0,0.5552823,1,0.9968482,1,0.9998896,1,0.8455626,1
0,1.3579385e-07,0,0.5484235,1,0.9970423,1,0.99999404,1,0.4969728,0
1,6.481185e-06,0,0.55555826,1,0.0417717,0,0.86472833,1,0.060132336,0
1,9.1816216e-10,0,0.5542222,1,0.0050456226,0,0.034173425,0,0.033287134,0
1,0.99998194,1,0.55455315,1,0.99620503,1,0.99995977,1,0.9995469,1
1,0.9991827,1,0.555626,1,0.035928268,0,0.9803492,1,0.014524265,0
0,0.9999904,1,0.55545837,1,0.0032484094,0,0.9448582,1,0.39484686,0
1,4.5772624e-05,0,0.55576646,1,0.0036440508,0,0.0011716159,0,0.005973123,0
1,5.900473e-05,0,0.5554124,1,0.04887272,0,0.9998686,1,0.48953143,0
1,0.99887735,1,0.5567129,1,0.0033208886,0,0.08645653,0,0.0035088311,0
1,0.9717207,1,0.5550873,1,0.97274595,1,0.9977529,1,0.99945545,1
0,1.3245739e-09,0,0.55554926,1,0.0049340595,0,0.0005635839,0,0.5269958,1
1,0.99999833,1,0.99983877,1,0.00011370745,0,5.8888663e-08,0,0.013075159,0
1,0.85690975,1,0.5554519,1,0.0050183246,0,0.80861044,1,0.0015060352,0
1,0.9993105,1,0.55549085,1,0.20332591,0,0.6846247,1,0.10286837,0
1,1.876377e-06,0,0.9978489,1,0.9997629,1,0.5058882,1,0.9992827,1
0,0.8590796,1,0.55536985,1,0.9954555,1,0.9908893,1,0.99978626,1
1,0.9999996,1,0.0053098993,0,0.0016442923,0,2.660245e-06,0,9.539008e-05,0
0,0.9999984,1,0.55551726,1,0.99517065,1,0.046969548,0,0.88114697,1
0,0.9999529,1,0.49379572,0,0.7923278,1,0.026646413,0,0.0008471579,0
0,1.5892041e-09,0,0.085206844,0,0.0030821469,0,0.05328332,0,0.00044462533,0
0,2.4532798e-09,0,0.54453933,1,0.004427499,0,0.026682511,0,0.54445195,1
1,0.9999995,1,0.9887266,1,0.96920866,1,0.9984104,1,0.9693125,1
1,0.9998761,1,0.5555214,1,0.9970631,1,0.9999964,1,0.99999815,1
0,0.99979025,1,0.5645413,1,0.99056405,1,0.019138094,0,0.0029073663,0
1,0.9999954,1,0.94415003,1,0.00025844638,0,9.715915e-08,0,0.22003298,0
0,0.00041220326,0,0.5554136,1,0.78770894,1,0.86748767,1,0.98039174,1
0,0.99979097,1,0.5541044,1,0.99665713,1,0.99780595,1,0.9992076,1
1,0.10690572,0,0.5563966,1,0.004446485,0,0.004516763,0,0.41559547,0
0,0.7861352,1,0.23048061,0,0.0034523124,0,0.98603356,1,0.005348727,0
1,0.9908328,1,0.55719805,1,0.0057527297,0,0.0014802795,0,0.00015774008,0
0,0.9999783,1,0.5551264,1,0.003217617,0,0.0007925749,0,0.00033933518,0
0,3.574209e-09,0,0.5554547,1,0.00411702,0,0.00047210592,0,0.0013034416,0
0,0.00065765047,0,0.55537695,1,0.0061851097,0,0.00057758036,0,0.9863948,1
1,5.891484e-08,0,0.55187804,1,0.008634407,0,0.99889714,1,0.8987658,1
1,1.2468539e-06,0,0.5554223,1,0.0030837678,0,0.0034409687,0,0.0030439515,0
1,0.0021492473,0,0.9670266,1,0.009043245,0,8.6857115e-05,0,0.003007432,0
1,0.9991685,1,0.55525917,1,0.003108516,0,0.0010436912,0,0.00016312805,0
1,8.76668e-10,0,0.55667514,1,0.19196205,0,0.99994034,1,0.9999456,1
1,2.8075815e-06,0,0.555355,1,0.99662375,1,0.99937266,1,0.9987384,1
1,0.11918562,0,0.48065144,0,0.9849693,1,0.5237864,1,0.022704544,0
0,1.0609467e-08,0,0.5553403,1,0.9911406,1,0.14662704,0,0.0004228579,0
1,0.9952195,1,0.5551492,1,0.0030979537,0,0.00044528622,0,0.0016132144,0
1,0.99999905,1,0.5548103,1,0.073741354,0,0.99902606,1,0.120557055,0
0,2.058291e-06,0,0.55093473,1,0.9822426,1,0.99784416,1,0.16967385,0
0,8.052104e-05,0,0.55526996,1,0.0031776722,0,0.00059045886,0,0.0018131,0
0,2.9416752e-08,0,0.55563414,1,0.0031549237,0,0.0011476545,0,0.0012934383,0
0,0.00013261613,0,0.55539525,1,0.092301995,0,0.9935241,1,0.16825573,0
1,0.9999928,1,0.55540794,1,0.12920696,0,0.12062142,0,0.044691846,0
1,0.9917039,1,0.5553789,1,0.9651738,1,0.9998996,1,0.0349533,0
0,7.2318385e-10,0,0.5555736,1,0.008820707,0,0.0010591293,0,0.46464136,0
0,0.05586616,0,0.55545807,1,0.99543726,1,0.99983746,1,0.993463,1
0,0.9998422,1,0.5551635,1,0.9960739,1,0.0016241777,0,0.8444643,1
1,0.9973553,1,0.5548579,1,0.014617717,0,0.0006116917,0,0.002461024,0
1,0.018542215,0,0.97906905,1,0.021819117,0,2.2860326e-05,0,0.16237994,0
0,7.5076605e-05,0,0.5554975,1,0.0033999064,0,0.0010859078,0,0.007902474,0
1,6.7341115e-09,0,0.55538183,1,0.9910778,1,0.999661,1,0.9994847,1
0,0.9645838,1,0.55587393,1,0.9953861,1,0.9994056,1,0.98204106,1
1,0.9999999,1,0.5521154,1,0.99683344,1,0.0005833777,0,0.99929667,1
0,0.99999714,1,0.55530566,1,0.00479829,0,0.99930555,1,0.4013989,0
1,0.15801215,0,0.54577583,1,0.0046812515,0,0.001767142,0,0.021608263,0
0,2.1081426e-08,0,0.55443,1,0.9129367,1,0.97264934,1,0.0009446505,0
0,5.821658e-08,0,0.5669342,1,0.99693537,1,0.9999516,1,0.99605554,1
0,0.006337114,0,0.5631194,1,0.00325508,0,0.000649861,0,0.42327124,0
1,0.00025356145,0,0.555454,1,0.043688327,0,0.0012827005,0,0.6969406,1
1,0.99999917,1,0.555404,1,0.16887532,0,0.001037058,0,0.980124,1
1,8.029918e-06,0,0.55617625,1,0.008481243,0,0.18293488,0,0.3954012,0
0,4.6502646e-07,0,0.55542344,1,0.9904605,1,0.99822664,1,0.99902606,1
0,0.0060184477,0,0.55612177,1,0.0043409658,0,0.81851065,1,0.00015578288,0
0,0.9704594,1,0.55392265,1,0.004248319,0,0.00082016445,0,0.10548616,0
0,2.7741662e-06,0,0.54923415,1,0.98754644,1,0.0020571793,0,0.030095274,0
0,5.3606836e-06,0,0.555389,1,0.99007714,1,0.99894387,1,0.28012866,0
0,0.017176025,0,0.555406,1,0.00482902,0,0.98691946,1,0.99605614,1
1,1.0946621e-09,0,0.55459857,1,0.046322674,0,0.0024406498,0,0.59102833,1
1,0.12179106,0,0.493554,0,0.99702674,1,0.9999649,1,0.9996095,1
0,0.15467314,0,0.5554769,1,0.0066075604,0,0.008047247,0,0.0029986848,0
1,0.9997328,1,0.5557389,1,0.99701303,1,0.0031994279,0,0.9987859,1
1,1.0,1,0.9999027,1,0.094237864,0,0.16510092,0,0.32435647,0
0,0.9999357,1,0.5558556,1,0.0050846445,0,0.035352554,0,2.385339e-05,0
1,0.9999491,1,0.531767,1,0.0030717049,0,0.0006009091,0,0.06618445,0
1,0.9999999,1,0.9961471,1,0.0013877506,0,0.00037091481,0,0.0506984,0
0,1.0564527e-07,0,0.55666727,1,0.0030685689,0,0.0004378722,0,0.00016561578,0
1,0.51873803,1,0.5563005,1,0.0031646353,0,0.27400643,0,0.6301712,1
0,0.9949423,1,0.5561884,1,0.01936708,0,0.019178228,0,0.0015575673,0
1,0.00019195529,0,0.54667574,1,0.9970652,1,0.9999961,1,0.9995927,1
1,0.9995077,1,0.024252368,0,0.21875477,0,0.06336735,0,0.9893516,1
1,0.030966284,0,0.55539596,1,0.98563385,1,0.9975937,1,0.9996546,1
1,0.80743855,1,0.54830474,1,0.0060452297,0,0.00086994405,0,0.10934765,0
1,0.9997049,1,0.41915783,0,0.006072803,0,0.0006036044,0,6.2932464e-05,0
1,0.011193054,0,0.55538833,1,0.003691329,0,0.0012977916,0,0.012602089,0
0,0.00046877834,0,0.55523974,1,0.0035920527,0,0.009032809,0,0.011891263,0
0,0.89299303,1,0.4668149,0,0.94108033,1,0.95945275,1,0.88121146,1
1,0.93571573,1,0.5536846,1,0.0043151323,0,0.009307225,0,0.9723431,1
0,8.9766356e-05,0,0.99943614,1,0.9992534,1,0.0031657259,0,0.98109096,1
0,2.1051696e-06,0,0.5547046,1,0.9715707,1,0.99955225,1,0.83875245,1
1,0.49120048,0,0.55541766,1,0.0031994341,0,0.0003598414,0,0.00022480999,0
1,0.0034564177,0,0.55454993,1,0.004745042,0,0.00095341733,0,0.0012765024,0
1,2.7207947e-05,0,0.55588204,1,0.7847635,1,0.9999172,1,0.99992585,1
0,0.0011099549,0,0.5549906,1,0.98805475,1,0.021444786,0,0.999865,1
0,1.0743906e-09,0,0.5553871,1,0.99597543,1,0.9331306,1,0.8452727,1
0,0.21144454,0,0.5555695,1,0.99657595,1,0.99997735,1,0.99995726,1
0,0.99924326,1,0.55179065,1,0.0031271616,0,0.0012854803,0,0.00051020895,0
0,4.4225322e-07,0,0.5554669,1,0.0048246956,0,0.00092369085,0,0.00027803655,0
1,0.8639675,1,0.5695462,1,0.07436697,0,0.7081538,1,0.40088817,0
0,0.999995,1,0.9889048,1,0.9966572,1,0.9929151,1,0.8919795,1
0,1.6314727e-06,0,0.55568075,1,0.0037886563,0,0.973536,1,0.60073185,1
1,7.972886e-06,0,0.5554154,1,0.5393489,1,0.09255382,0,0.9990674,1
1,1.0,1,0.5555337,1,0.9946801,1,0.9998186,1,0.9624175,1
0,1.125893e-05,0,0.55725896,1,0.006281414,0,0.0038099054,0,0.00091663515,0
1,0.012816699,0,0.55539936,1,0.0035415825,0,0.0008429643,0,0.00313401,0
0,0.0024959545,0,0.5555594,1,0.9928853,1,0.9999729,1,0.0034861113,0
1,2.0707563e-07,0,0.5555926,1,0.015168364,0,0.002981555,0,0.0031520815,0
0,0.99995977,1,0.555417,1,0.0031609759,0,0.0008208849,0,0.00042171465,0
1,0.9999956,1,0.5552306,1,0.6882866,1,0.00090209465,0,0.0048691104,0
0,1.4336656e-06,0,0.55608076,1,0.0036250544,0,0.00074007304,0,0.0201589,0
1,2.8372624e-06,0,0.55534846,1,0.9955554,1,0.99866843,1,0.9822124,1
1,0.9864172,1,0.9395863,1,0.0029903823,0,0.0020767837,0,0.07882036,0
0,1.4403972e-09,0,0.5556678,1,0.9970512,1,0.99999833,1,0.9900164,1
0,3.6001152e-06,0,0.5555011,1,0.9856571,1,0.109595165,0,0.06358623,0
0,0.99752873,1,0.55538744,1,0.9966421,1,0.9986341,1,0.99982667,1
1,0.41327,0,0.55541426,1,0.9963865,1,0.9999591,1,0.99999344,1
0,5.600737e-07,0,0.555399,1,0.0031224964,0,0.00034057992,0,0.003043627,0
0,0.9999966,1,0.5542724,1,0.003115377,0,0.0005754528,0,0.00011497251,0
0,4.2420648e-10,0,0.5553209,1,0.0039551,0,0.060601436,0,0.1266082,0
1,0.071967,0,0.55492896,1,0.7421499,1,0.6083872,1,0.33267587,0
0,0.9932896,1,0.5545862,1,0.041290473,0,0.99999243,1,0.17626621,0
1,0.99996054,1,0.55981696,1,0.0070684343,0,0.9945878,1,0.037239578,0
1,0.9998894,1,0.5221203,1,0.0051996224,0,0.99998873,1,0.9978188,1
1,1.7028356e-08,0,0.7725632,1,0.99435073,1,0.99940723,1,0.99939305,1
0,0.011385313,0,0.55545884,1,0.9145517,1,0.002633444,0,0.014645623,0
0,1.5274294e-05,0,0.5559386,1,0.0057586674,0,0.99999094,1,0.99904555,1
1,9.907734e-08,0,0.55536675,1,0.003318268,0,0.028941689,0,0.03733589,0
0,0.999562,1,0.5554004,1,0.65196234,1,0.034014683,0,0.99547225,1
0,0.9999768,1,0.55487174,1,0.98709714,1,0.6729238,1,0.884032,1
0,0.999892,1,0.5557011,1,0.97599214,1,0.99982077,1,0.020102886,0
0,0.3753474,0,0.5600752,1,0.99684495,1,0.9998417,1,0.9995415,1
1,3.605677e-05,0,0.6158405,1,0.0034947013,0,0.0047063055,0,0.7187403,1
1,6.603586e-08,0,0.55535734,1,0.011276875,0,0.9997081,1,0.9999376,1
0,0.99962425,1,0.5549289,1,0.0030663682,0,0.00054722873,0,0.0002536616,0
0,0.99965644,1,0.55510294,1,0.9969923,1,0.99876136,1,0.93141043,1
0,0.9997264,1,0.5572838,1,0.069067754,0,0.9690603,1,0.9052534,1
0,0.5987458,1,0.5902665,1,0.007225404,0,0.9331743,1,0.516093,1
0,9.6091695e-05,0,0.5554645,1,0.97514355,1,0.9990917,1,0.99858505,1
1,0.6612895,1,0.99684924,1,0.0011139499,0,0.9983629,1,0.99989045,1
1,0.9999967,1,0.56320596,1,0.3429232,0,0.99846,1,0.98492414,1
1,0.9994826,1,0.55538255,1,0.02658666,0,0.001049751,0,0.9970505,1
1,0.042279147,0,0.0322709,0,0.9980816,1,6.934598e-05,0,0.07687156,0
1,1.50067335e-05,0,0.55493593,1,0.8753211,1,0.0013834486,0,0.002451936,0
0,0.9995833,1,0.5555249,1,0.9957107,1,0.9999163,1,0.9995446,1
1,0.71858275,1,0.555274,1,0.003122533,0,0.0007588304,0,0.0002516864,0
1,1.4593281e-10,0,0.5554838,1,0.9963299,1,0.0014385885,0,0.12695326,0
0,7.306637e-06,0,0.5598741,1,0.9944116,1,0.011734525,0,0.14370228,0
0,2.1087176e-08,0,0.5553964,1,0.8225993,1,0.57612413,1,0.96688163,1
0,3.4518575e-08,0,0.5553659,1,0.37460604,0,0.99244535,1,0.99282163,1
1,1.0440061e-09,0,0.55660206,1,0.971404,1,0.95692086,1,0.9864685,1
1,1.0,1,0.046518248,0,0.14941043,0,0.004813277,0,0.99992406,1
0,5.1730586e-07,0,0.5553909,1,0.004562933,0,0.0019595423,0,0.01799774,0
1,3.9317857e-10,0,0.9925802,1,0.00020735015,0,0.00030274587,0,0.0022516611,0
0,0.9999932,1,0.55539393,1,0.0032266374,0,0.0016865837,0,0.0016213548,0
0,0.5012969,1,0.55551744,1,0.9846263,1,0.9975325,1,0.9925525,1
0,8.482194e-05,0,0.5555775,1,0.9892596,1,0.9996248,1,0.9985243,1
0,4.329345e-06,0,0.5522408,1,0.01867346,0,0.9942112,1,0.0021642463,0
1,0.99913263,1,0.55527383,1,0.9945973,1,0.0013504798,0,0.9888074,1
1,0.00023301008,0,0.55512893,1,0.008443643,0,0.9989604,1,0.4313444,0
0,0.93606323,1,0.55531794,1,0.85082287,1,0.00079222943,0,0.0004981046,0
0,0.9823222,1,0.49568653,0,0.99577814,1,0.2970465,0,0.0007728024,0
0,8.09255e-09,0,0.035550073,0,0.9667115,1,7.033545e-08,0,0.2981218,0
0,2.2767904e-06,0,0.0701663,0,0.99989873,1,0.9449262,1,0.09677653,0
0,0.99830747,1,0.5552997,1,0.9960005,1,0.99971294,1,0.9162777,1
0,2.3767083e-05,0,0.5551796,1,0.008731994,0,0.0009343758,0,0.6955472,1
0,1.0,1,0.5552572,1,0.1485476,0,0.9999625,1,0.99925387,1
0,0.9999549,1,0.55530566,1,0.0031024443,0,0.00034440617,0,0.00026118482,0
1,1.4300251e-07,0,0.99503815,1,0.00022453493,0,0.00035722862,0,0.0013798882,0
1,1.9727224e-06,0,0.5554032,1,0.09715471,0,0.0047018407,0,0.97903925,1
1,2.1236726e-06,0,0.91406035,1,0.9987108,1,4.530833e-05,0,0.99979293,1
0,4.6212247e-09,0,0.55542105,1,0.3861219,0,0.004731886,0,0.22029741,0
1,0.81323904,1,0.5552898,1,0.99702644,1,0.9871828,1,0.9930224,1
0,0.05032363,0,0.5555953,1,0.6855532,1,0.012690584,0,0.98422796,1
0,0.0033534423,0,0.55545706,1,0.98885757,1,0.9999377,1,0.9854908,1
1,0.00090827374,0,0.55534387,1,0.7208374,1,0.99781704,1,0.76712644,1
0,2.2657064e-11,0,0.5421774,1,0.9974522,1,0.9999836,1,0.7009118,1
1,0.99999964,1,0.55548155,1,0.013027306,0,0.9972684,1,0.7282674,1
1,1.4048114e-06,0,0.17855963,0,0.9987542,1,0.19381778,0,0.9970497,1
1,0.58510935,1,0.5553894,1,0.05813571,0,0.9988061,1,0.00011519696,0
1,0.39788353,0,0.5551873,1,0.007376,0,0.0014694267,0,0.08905103,0
0,7.449195e-12,0,0.5027009,1,0.0031158016,0,0.0010501377,0,2.569317e-05,0
0,0.001643347,0,0.55545,1,0.98508537,1,0.0020642916,0,0.61318934,1
0,0.9999788,1,0.5553888,1,0.15572873,0,0.002703503,0,0.0010860518,0
0,3.4695832e-10,0,0.55542266,1,0.9844101,1,0.98999685,1,0.005738628,0
0,5.329184e-05,0,0.5587258,1,0.0033883336,0,0.0015550695,0,0.0035591437,0
1,5.254337e-11,0,0.97386026,1,0.015045942,0,0.9998608,1,0.016833857,0
1,8.310366e-09,0,0.55542165,1,0.9428326,1,0.9782799,1,0.99598944,1
1,0.99989015,1,0.55575246,1,0.015442455,0,0.9783875,1,0.008444535,0
0,8.0198376e-08,0,0.5551833,1,0.007482632,0,0.007214303,0,3.760617e-05,0
0,0.040424302,0,0.9990348,1,0.0006953261,0,0.6559667,1,0.0005393229,0
0,0.99999577,1,0.5549943,1,0.0031288955,0,0.00054370036,0,0.00026138962,0
0,6.04528e-06,0,0.55548644,1,0.01821121,0,0.9995347,1,0.99230427,1
1,2.197719e-06,0,0.5584473,1,0.060213525,0,0.036621273,0,0.12411244,0
1,0.99997467,1,0.15006632,0,0.0040544514,0,0.08519386,0,0.26251608,0
0,0.99938637,1,0.5550326,1,0.9355703,1,0.9880095,1,0.97440416,1
0,1.2583778e-06,0,0.29245824,0,0.9982014,1,0.9966305,1,0.97782993,1
1,0.09325689,0,0.55530596,1,0.0030664757,0,0.0005430863,0,0.00013087149,0
1,4.839224e-07,0,0.55501544,1,0.99704957,1,0.99999374,1,0.9999905,1
1,0.99968606,1,0.55533725,1,0.0035725231,0,0.0007569778,0,0.10016779,0
1,0.8809814,1,0.5776273,1,0.0031058406,0,0.06383336,0,0.085217714,0
1,0.9907238,1,0.5552691,1,0.9964228,1,0.99983734,1,0.9810484,1
0,0.00018087242,0,0.5551343,1,0.9658038,1,0.0063320743,0,0.69983083,1
0,6.905257e-08,0,0.0006615668,0,0.45447502,0,0.00079827296,0,0.033738323,0
0,0.9980242,1,0.5499274,1,0.005195745,0,0.6412527,1,8.395031e-05,0
1,0.63791126,1,0.55546385,1,0.0033854397,0,0.00069881533,0,0.00257698,0
0,0.00022849493,0,0.8850047,1,0.0031283882,0,0.0077818595,0,0.19255179,0
1,0.09406637,0,0.5566927,1,0.9960465,1,0.0074762665,0,0.8944478,1
0,0.99984866,1,0.5554262,1,0.0053050183,0,0.5704761,1,0.015537237,0
1,0.9999861,1,0.9797185,1,0.00014226572,0,9.172349e-06,0,0.9654208,1
1,0.5169044,1,0.5552213,1,0.0032707993,0,0.015148347,0,0.0058375737,0
1,0.99971646,1,0.55515087,1,0.004977048,0,0.9322346,1,0.9667946,1
0,6.2038256e-05,0,0.55546665,1,0.0046662274,0,0.15134174,0,0.0001084832,0
0,2.3504676e-07,0,0.5550055,1,0.9964995,1,0.99998957,1,0.9941802,1
0,0.99762154,1,0.55586255,1,0.0042751827,0,0.0015650162,0,0.47906688,0
0,0.83616304,1,0.555383,1,0.96727294,1,0.0019465372,0,0.0012204011,0
0,0.9998636,1,0.5554389,1,0.0040397276,0,0.03464566,0,0.895859,1
1,0.99998933,1,0.56024724,1,0.09818447,0,0.1253976,0,0.99924374,1
1,8.193886e-06,0,0.55532885,1,0.0054763486,0,0.0053517725,0,0.002785367,0
1,2.1029017e-08,0,0.9628543,1,0.99043435,1,0.99999547,1,0.9991314,1
1,0.91849345,1,0.56536734,1,0.0034478265,0,0.000594274,0,0.00035500442,0
0,0.031932462,0,0.55595905,1,0.0037160304,0,0.00038858474,0,1.914129e-05,0
1,0.00947943,0,0.79377395,1,0.00057557784,0,2.8374986e-08,0,0.9858357,1
1,0.00029889366,0,0.06485184,0,0.9995338,1,0.9999991,1,0.5696534,1
1,0.9912225,1,0.55547893,1,0.0031732724,0,0.0007652193,0,0.008534639,0
1,5.816928e-06,0,0.55542386,1,0.23662266,0,0.9985129,1,0.009528042,0
1,0.9999987,1,0.17529643,0,0.30098677,0,5.7396446e-06,0,0.04368174,0
1,2.3110886e-08,0,0.35496157,0,0.9970292,1,0.89125186,1,0.0029012198,0
0,3.3837794e-05,0,0.57113683,1,0.033425886,0,0.0010866734,0,0.0005324951,0
1,1.094435e-06,0,0.6442991,1,0.5461477,1,0.23172641,0,0.871641,1
1,0.9999999,1,0.5454257,1,0.9968374,1,0.9998715,1,0.99956405,1
0,2.9805342e-06,0,0.5551427,1,0.9968018,1,0.9999678,1,0.58935446,1
0,6.583264e-08,0,0.98891187,1,0.00013092891,0,2.1801212e-08,0,0.0012596054,0
1,1.0,1,0.5554417,1,0.9960396,1,0.99963033,1,0.3428264,0
1,0.16718331,0,0.55541164,1,0.98126733,1,0.994497,1,0.43108994,0
0,0.008599412,0,0.55534226,1,0.05593156,0,0.9999808,1,0.23663713,0
1,2.6936827e-06,0,0.556676,1,0.8883124,1,0.9995202,1,0.9912387,1
1,1.0732661e-09,0,0.99575484,1,0.9982995,1,0.27777323,0,0.020082954,0
0,0.99992037,1,0.5553711,1,0.015103935,0,0.0024771483,0,0.013182583,0
1,1.1592115e-06,0,0.55480206,1,0.0054479768,0,0.78400195,1,0.059900265,0
0,0.0034618222,0,0.5591667,1,0.0033993816,0,0.0021098978,0,0.0030831858,0
1,1.5542952e-09,0,0.5453031,1,0.9883589,1,0.008260552,0,0.0125571,0
0,0.399826,0,0.55483305,1,0.0037030086,0,0.0010515712,0,0.0046697278,0
0,1.3149848e-05,0,0.55596054,1,0.99651176,1,0.9999681,1,0.99994344,1
1,0.007932503,0,0.555656,1,0.99706495,1,0.99999225,1,0.9989341,1
0,0.024738038,0,0.5555901,1,0.009612302,0,0.97149974,1,0.99966645,1
1,0.99851,1,0.5554666,1,0.0031057496,0,0.0009272497,0,0.99506193,1
0,0.99918836,1,0.5554871,1,0.004505981,0,0.094680555,0,0.7156628,1
0,4.125872e-07,0,0.55518323,1,0.9869581,1,0.9996341,1,0.99362516,1
1,6.3380884e-07,0,0.54686415,1,0.98565984,1,0.9810611,1,0.98144996,1
0,2.951651e-08,0,0.35238767,0,0.00029585947,0,0.98238444,1,0.0317801,0
0,6.275118e-05,0,0.5554117,1,0.8869239,1,0.98945546,1,0.9978236,1
1,0.075213365,0,0.9999424,1,0.99990207,1,1.0,1,0.99954015,1
1,0.633632,1,0.55622673,1,0.3320719,0,0.9805515,1,0.0048069046,0
0,0.99993676,1,0.5554191,1,0.113509774,0,0.99994653,1,0.96310765,1
1,1.0053816e-06,0,0.07967075,0,0.00090181094,0,0.255989,0,0.9899561,1
0,7.8400143e-07,0,0.5493056,1,0.0050741346,0,0.98629576,1,0.064260714,0
1,0.9999998,1,0.555384,1,0.96919876,1,0.9991425,1,0.98820543,1
0,0.9999865,1,0.55549407,1,0.9951847,1,0.4834259,0,0.9998908,1
0,0.9999924,1,0.55535907,1,0.92445195,1,0.0019751675,0,0.80514574,1
0,0.00779505,0,0.57398826,1,0.99658996,1,0.999951,1,0.9497777,1
0,0.00039742072,0,0.5554011,1,0.99275815,1,0.99856156,1,0.8994595,1
0,0.99972606,1,0.5590251,1,0.99706393,1,0.9999305,1,0.99576837,1
1,3.6934086e-10,0,0.5049261,1,0.9390108,1,0.93531895,1,0.89580494,1
0,7.147058e-05,0,0.55540514,1,0.99299794,1,0.9998027,1,0.9939932,1
0,1.0,1,0.9947754,1,0.016812835,0,0.21826448,0,0.117876396,0
1,0.9999963,1,0.5544063,1,0.0032695397,0,0.0006591193,0,0.0032013888,0
1,0.9031998,1,0.55504555,1,0.9957966,1,0.9999886,1,0.9999142,1
1,0.9982739,1,0.55530274,1,0.106776394,0,0.99272263,1,0.94424915,1
0,3.7922473e-05,0,0.555374,1,0.04647637,0,0.001702503,0,0.69196093,1
1,0.9564201,1,0.7089435,1,0.99684846,1,0.91397995,1,0.008682954,0
1,0.9999746,1,0.5553468,1,0.0044518206,0,0.012293684,0,0.0010299442,0
0,0.985989,1,0.5412919,1,0.99644727,1,0.5717912,1,0.9450607,1
1,0.9999976,1,0.9912668,1,0.99989885,1,0.9999954,1,0.9898455,1
1,5.897909e-07,0,0.5553405,1,0.07002859,0,0.4701232,0,0.99957484,1
1,5.4214677e-08,0,0.6195018,1,0.00012627481,0,1.3897629e-06,0,0.2104332,0
1,3.3550466e-06,0,0.5554968,1,0.97742414,1,0.9973814,1,0.3032367,0
0,3.7667328e-06,0,0.116071165,0,0.18002181,0,0.059520308,0,0.0018095151,0
0,7.735995e-05,0,0.5552114,1,0.1053117,0,0.0008474639,0,0.566767,1
1,0.9983089,1,0.55546016,1,0.9820668,1,0.9969366,1,0.32554874,0
0,3.242589e-12,0,0.49965537,0,0.995723,1,0.9063681,1,0.99995834,1
1,0.99883646,1,0.5554285,1,0.9967041,1,0.99983436,1,0.9997439,1
0,3.3843953e-08,0,0.55532974,1,0.011130794,0,0.12157266,0,0.88674235,1
0,4.827885e-10,0,0.26443344,0,0.12773226,0,0.0019840563,0,0.00055562746,0
0,0.9999436,1,0.55543447,1,0.0033753593,0,0.0008054732,0,0.00016672617,0
1,1.1248553e-08,0,0.2668792,0,0.43820402,0,0.99868846,1,0.2857627,0
0,0.0054227947,0,0.553135,1,0.029931916,0,0.88970655,1,6.2362946e-05,0
1,0.99995756,1,0.5555987,1,0.9962822,1,0.999719,1,0.8595924,1
0,0.99321383,1,0.5574389,1,0.00307355,0,0.00038234275,0,0.0012138364,0
1,0.99999577,1,0.5556844,1,0.019713316,0,0.0017691789,0,0.8523852,1
0,0.9999821,1,0.6451794,1,0.004013921,0,0.2956499,0,0.008300369,0
1,0.99999994,1,0.53908306,1,0.0030715938,0,0.00064770214,0,7.59322e-05,0
1,0.9800697,1,0.5557712,1,0.2715517,0,0.002460375,0,0.97858655,1
1,3.6486057e-05,0,0.5557506,1,0.9969236,1,0.8506881,1,0.99987775,1
0,0.9999998,1,0.554074,1,0.24180646,0,0.9999699,1,0.04084204,0
1,1.2989693e-09,0,0.56886685,1,0.9932837,1,0.9999345,1,0.0050354274,0
0,1.5159561e-06,0,0.55558896,1,0.99398184,1,0.000720397,0,0.00015851084,0
1,5.3410613e-08,0,0.5553648,1,0.97449946,1,0.7621157,1,0.96299297,1
0,0.97395897,1,0.55538917,1,0.14864872,0,0.71034294,1,0.9862314,1
0,3.792157e-08,0,0.55546194,1,0.05798851,0,0.22189163,0,0.07313301,0
1,0.9999972,1,0.5551546,1,0.9964286,1,0.9956988,1,0.99255764,1
0,0.99606335,1,0.99882525,1,0.99981874,1,0.004434354,0,0.7151074,1
0,0.00064811896,0,0.5692327,1,0.003075434,0,0.0017130568,0,0.00015944889,0
0,4.828318e-09,0,0.5589684,1,0.9920767,1,0.99994653,1,0.008865959,0
0,0.99982876,1,0.5556869,1,0.9970586,1,0.99999547,1,0.9996226,1
0,2.1019099e-07,0,0.55547744,1,0.12535577,0,0.0021064773,0,0.004405575,0
0,0.215676,0,0.556886,1,0.0039008898,0,0.98761547,1,0.9913061,1
0,0.6277479,1,0.5559969,1,0.00613364,0,0.02277648,0,0.012272695,0
1,0.000499071,0,0.5553941,1,0.04615725,0,0.99872756,1,0.96581775,1
1,0.1323893,0,0.059829183,0,0.99866986,1,0.012120144,0,0.03945658,0
1,1.0,1,0.555426,1,0.98950416,1,0.92977875,1,0.8615082,1
1,7.153631e-05,0,0.5555679,1,0.27160525,0,0.00096486,0,0.99679273,1
1,0.99999505,1,0.99821013,1,0.0009699696,0,0.97648895,1,0.21279348,0
0,8.812439e-08,0,0.55111635,1,0.0030804523,0,0.00053145987,0,1.5364214e-05,0
1,1.3495518e-06,0,0.4963156,0,0.00014064969,0,8.165421e-09,0,0.00025263027,0
0,3.844291e-09,0,0.56411994,1,0.994127,1,0.9659234,1,0.9997933,1
0,0.083110385,0,0.5554535,1,0.9783123,1,0.99993557,1,0.99974924,1
0,7.346415e-05,0,0.5549382,1,0.996574,1,0.9999347,1,0.999459,1
0,4.390761e-10,0,0.5549866,1,0.0032745039,0,0.13967006,0,0.12720469,0
0,4.9560977e-06,0,0.5553797,1,0.99691504,1,0.99996656,1,0.99998903,1
1,0.99842924,1,0.5556372,1,0.99120986,1,0.0010710721,0,0.037103456,0
1,0.17675777,0,0.5554305,1,0.0060047884,0,0.99863595,1,0.0006328977,0
0,0.7868089,1,0.5555604,1,0.0058165807,0,0.0079246145,0,0.9584814,1
0,0.009481633,0,0.5552173,1,0.0031074418,0,0.0004627379,0,0.035516184,0
1,1.0,1,0.12284586,0,0.004222646,0,9.424795e-10,0,0.017868232,0
0,6.611406e-10,0,0.55534685,1,0.006414538,0,0.9991463,1,0.001743647,0
1,2.3357578e-09,0,0.5554501,1,0.003339616,0,0.001271758,0,0.024947604,0
1,0.00069369987,0,0.5551133,1,0.0075071636,0,0.0010303279,0,0.91915613,1
0,1.6912617e-06,0,0.55542153,1,0.01191273,0,0.48031977,0,0.0006540632,0
1,0.99999374,1,0.45518073,0,0.0036429518,0,1.4721287e-06,0,0.99594146,1
1,0.9999919,1,0.55847394,1,0.27104077,0,0.0010696347,0,0.025859253,0
1,1.8429351e-07,0,0.556796,1,0.004683724,0,0.03228553,0,0.9995731,1
0,0.99999017,1,0.55534685,1,0.9962993,1,0.99999636,1,0.99805135,1
1,6.24314e-06,0,0.5551782,1,0.0040308973,0,0.9418076,1,0.15471277,0
1,0.4417058,0,0.55588496,1,0.9905449,1,0.9901543,1,0.013377245,0
0,9.288011e-05,0,0.55582434,1,0.0034941817,0,0.04553822,0,0.20937313,0
0,2.429826e-06,0,0.5554546,1,0.009486529,0,0.9993389,1,0.99794775,1
0,0.9693804,1,0.5099613,1,0.003922276,0,0.0011724526,0,0.0003327311,0
1,1.2807688e-09,0,0.0005106394,0,0.99701476,1,0.9999335,1,0.9998277,1
1,0.011516216,0,0.41132683,0,0.0039648893,0,0.98164654,1,0.0007878761,0
0,0.9999967,1,0.5616175,1,0.0034629018,0,0.5169645,1,0.78747284,1
1,0.9999699,1,0.2376831,0,0.00033387405,0,0.00017128988,0,0.025395064,0
0,0.95495945,1,0.5561453,1,0.9969604,1,0.9999293,1,0.99984884,1
1,0.9999738,1,0.5551441,1,0.979874,1,0.015463959,0,0.9954298,1
1,0.9004994,1,0.55541515,1,0.0040189363,0,0.00036203463,0,0.0024086412,0
1,1.5074602e-06,0,0.9473336,1,0.018065155,0,0.9543895,1,0.9995526,1
0,0.9999983,1,0.4704912,0,0.003185454,0,0.0013357849,0,0.3459592,0
0,3.3907664e-08,0,0.55539125,1,0.99418557,1,0.9989507,1,0.99977136,1
0,0.050086547,0,0.5522263,1,0.004473807,0,0.0012490321,0,0.01297088,0
0,2.8744367e-07,0,0.55513734,1,0.034743782,0,0.8668811,1,0.77533925,1
1,0.19270618,0,0.5561615,1,0.0039038681,0,0.030584633,0,0.003764918,0
1,0.99998754,1,0.5352465,1,0.0032200296,0,0.0026734076,0,0.04027787,0
1,0.999733,1,0.5552852,1,0.44834396,0,0.99899143,1,0.08368281,0
1,9.9945625e-09,0,0.5555982,1,0.9949252,1,0.99996763,1,0.9914468,1
0,0.9998285,1,0.7901106,1,0.99015707,1,0.9999949,1,0.56443155,1
1,0.99999094,1,0.5556063,1,0.7993504,1,0.007283498,0,0.9924678,1
0,0.99979943,1,0.5553197,1,0.039548986,0,0.998437,1,0.008793251,0
1,0.6442088,1,0.5289609,1,0.0031442535,0,0.0005851048,0,0.019091006,0
0,3.515337e-08,0,0.5543319,1,0.9927877,1,0.99241173,1,0.98998135,1
0,0.9998083,1,0.5553591,1,0.98999065,1,0.84586895,1,0.018508662,0
1,0.9321237,1,0.6502323,1,0.017240549,0,0.9966713,1,0.9888585,1
0,0.00030898926,0,0.55349755,1,0.01922478,0,0.99836224,1,0.9347499,1
0,0.9997317,1,0.59925854,1,0.9964897,1,0.9999898,1,0.9989514,1
0,0.028875068,0,0.5553873,1,0.007909958,0,0.062796,0,0.1014746,0
1,0.0059247273,0,0.54597384,1,0.0031161138,0,0.0005736202,0,4.097191e-06,0
0,1.12869875e-05,0,0.52775407,1,0.003242699,0,0.000994704,0,0.004111186,0
1,0.9994423,1,0.55544007,1,0.991236,1,0.60670096,1,0.99763936,1
1,0.0050613736,0,0.55556,1,0.0033651006,0,0.0016136798,0,1.3142114e-05,0
1,0.9999994,1,0.3354191,0,0.0031756745,0,0.003018906,0,0.9997921,1
0,0.99994093,1,0.000474545,0,0.99974173,1,0.9998702,1,0.7782202,1
1,0.0048153833,0,0.5634643,1,0.99682206,1,0.99929637,1,0.9992841,1
0,0.99999684,1,0.55536443,1,0.9945243,1,0.9935733,1,0.98583204,1
1,0.9999941,1,0.014275363,0,0.019235153,0,0.9538801,1,0.9913978,1
1,0.97669774,1,0.02927561,0,0.9989481,1,0.99998266,1,0.024708735,0
0,0.9999182,1,0.55962443,1,0.98463106,1,0.998583,1,0.4556133,0
0,2.7582856e-09,0,0.5544382,1,0.008649608,0,0.3780932,0,0.98967314,1
1,0.99997604,1,0.555847,1,0.004155539,0,0.11966893,0,0.0010879019,0
0,0.99846154,1,0.5598839,1,0.13324504,0,0.89499044,1,0.99588346,1
1,0.0022586125,0,0.5553889,1,0.013457713,0,0.9999703,1,0.004278296,0
1,0.6380705,1,0.5527782,1,0.9932982,1,0.6081944,1,0.11326094,0
0,0.999996,1,0.55469924,1,0.9968086,1,0.99726266,1,0.9972985,1
1,0.0005792832,0,0.5552571,1,0.08142021,0,0.9336873,1,0.0062107686,0
0,4.303875e-09,0,0.55499953,1,0.005092947,0,0.0014114043,0,0.007158678,0
0,0.9999984,1,0.55561054,1,0.99657923,1,0.99999917,1,0.9993436,1
1,0.007780417,0,0.5660828,1,0.99110615,1,0.9931999,1,0.99861276,1
0,0.99999994,1,0.5572405,1,0.003094458,0,0.00082781515,0,0.9597595,1
0,1.5984075e-06,0,0.5553693,1,0.99680054,1,0.99987155,1,0.99828696,1
0,0.999987,1,0.5554619,1,0.97546613,1,0.9992142,1,0.9526807,1
1,2.093043e-05,0,0.55524,1,0.013529888,0,0.97571033,1,0.018925102,0
1,7.446367e-08,0,0.55549,1,0.007551299,0,0.6673043,1,0.059859864,0
0,0.99554044,1,0.9924934,1,0.00014722078,0,4.3753258e-05,0,0.003769267,0
1,0.0008531895,0,0.55522823,1,0.996978,1,0.9999067,1,0.99755603,1
1,0.018451631,0,0.55529946,1,0.0032495041,0,0.008776842,0,0.0077913953,0
1,0.0016182819,0,0.55826646,1,0.8571222,1,0.39858562,0,0.9980396,1
1,5.672364e-07,0,0.5554369,1,0.4008164,0,0.010550552,0,0.8804315,1
0,1.4297237e-06,0,0.9978852,1,0.023486357,0,0.99869514,1,0.00067155925,0
0,0.99995905,1,0.5554304,1,0.99238914,1,0.9996313,1,0.116197065,0
0,3.453762e-11,0,0.555409,1,0.003330395,0,0.9999568,1,0.37063906,0
1,0.045115933,0,0.5512266,1,0.011429398,0,0.99796635,1,0.9972952,1
0,0.99999434,1,0.55480033,1,0.9802113,1,0.9999742,1,0.947187,1
1,8.099443e-07,0,0.55481875,1,0.897754,1,0.9992872,1,0.4063288,0
1,0.00018716315,0,0.5553675,1,0.006959459,0,0.0022877208,0,0.40264907,0
1,1.8707298e-09,0,0.5553296,1,0.98735225,1,0.99728006,1,0.9967249,1
1,0.0019501422,0,0.55514055,1,0.018672587,0,0.0004518408,0,0.24641094,0
1,0.99998313,1,0.5549198,1,0.0033870887,0,0.0022842558,0,0.004747522,0
0,0.00027312132,0,0.55553627,1,0.032025505,0,0.99940974,1,0.9996097,1
0,1.7766489e-07,0,0.5541243,1,0.99574995,1,0.9999888,1,0.9944246,1
1,3.100458e-08,0,0.5553719,1,0.99701965,1,0.9999395,1,0.99353904,1
0,0.9999973,1,0.55565286,1,0.008910657,0,0.00083215,0,0.0015765162,0
1,0.15954463,0,0.5554141,1,0.8360313,1,0.9979191,1,0.96166676,1
0,2.110501e-07,0,0.5554023,1,0.9935187,1,0.9627851,1,0.99322313,1
0,4.5112208e-07,0,0.5551672,1,0.003213956,0,0.0005936465,0,0.002485003,0
0,8.322195e-05,0,0.55514234,1,0.65842795,1,0.0069487896,0,0.9822022,1
1,3.2374112e-07,0,0.5558378,1,0.99683195,1,0.6891545,1,0.104403324,0
1,2.0159787e-08,0,0.55546594,1,0.9951966,1,0.99998444,1,0.99877226,1
0,0.9999899,1,0.5552361,1,0.0031412223,0,0.0016152101,0,0.0012394711,0
1,0.99999326,1,0.5557484,1,0.9956336,1,0.99995136,1,0.99988353,1
0,0.99995905,1,0.5553811,1,0.0038170877,0,0.0025756333,0,0.9670961,1
1,0.6064335,1,0.5551942,1,0.0048298934,0,0.028169816,0,0.3751464,0
1,0.007448761,0,0.09951173,0,0.0001943139,0,2.0685032e-08,0,0.0054512564,0
1,2.0710946e-05,0,0.5555817,1,0.012838147,0,0.99991804,1,0.98914266,1
1,0.0003964921,0,0.5565164,1,0.021291085,0,0.00040320706,0,0.0012014032,0
0,0.99999845,1,0.5553892,1,0.003077746,0,0.0005210155,0,0.00026824235,0
1,0.9818883,1,0.5553865,1,0.9941005,1,0.9991726,1,0.99467045,1
0,2.3783853e-09,0,0.55541563,1,0.9957554,1,0.99998176,1,0.9986599,1
0,0.00052876445,0,0.55494666,1,0.9714156,1,0.9970106,1,0.59903306,1
1,0.99999976,1,0.5553958,1,0.08969067,0,0.23925273,0,0.99631226,1
0,2.8649908e-06,0,0.55530375,1,0.9947274,1,0.12314314,0,0.0061110007,0
1,0.08076603,0,0.5553085,1,0.0053631887,0,0.004167261,0,4.861118e-05,0
0,1.9151934e-05,0,0.5555531,1,0.0035708565,0,0.00075670914,0,0.97818875,1
0,3.9420092e-06,0,0.5545608,1,0.7564574,1,0.00061385374,0,0.0009677662,0
0,0.9999997,1,0.5552904,1,0.9963497,1,0.99390775,1,0.9955006,1
0,0.9998951,1,0.55546844,1,0.010165461,0,0.9880244,1,0.9999431,1
0,0.99345106,1,0.55609614,1,0.9885748,1,0.9715952,1,0.93918073,1
0,0.99956137,1,0.5554906,1,0.0030769166,0,0.00043026602,0,0.0050263023,0
1,1.2782996e-08,0,0.555508,1,0.9948208,1,0.17104533,0,0.9989194,1
0,6.922718e-08,0,0.037983928,0,0.99670726,1,0.9995058,1,0.0009899121,0
0,1.5857349e-12,0,0.26303607,0,0.9973546,1,0.9999027,1,0.9993858,1
0,0.9999632,1,0.5553999,1,0.0034051228,0,0.00052543584,0,1.3581737e-05,0
1,0.009876907,0,0.5575115,1,0.01794444,0,0.0006188269,0,9.7180455e-05,0
1,0.4748979,0,0.5555181,1,0.97673726,1,0.2731046,0,0.9980627,1
0,2.0973392e-05,0,0.5554424,1,0.0775016,0,0.99611235,1,0.30236608,0
1,0.011714274,0,0.55513245,1,0.99700797,1,0.9999915,1,0.99956715,1
0,1.0043938e-09,0,0.34882942,0,0.003183134,0,0.8715784,1,0.1588169,0
0,9.2191826e-08,0,0.7208641,1,0.06734006,0,0.9990793,1,9.898865e-05,0
1,3.384567e-05,0,0.55587846,1,0.0030877138,0,0.0010342579,0,0.99571234,1
0,0.99980116,1,0.78207433,1,0.9966609,1,0.99994886,1,0.82497615,1
1,0.99999833,1,0.17593111,0,0.025762882,0,0.013028635,0,0.96054864,1
1,0.9986252,1,0.555394,1,0.99480844,1,0.9998936,1,0.67897606,1
1,1.9383632e-08,0,0.55541897,1,0.0052168304,0,0.0010311927,0,0.15926038,0
1,4.2577026e-06,0,0.5545628,1,0.9958152,1,0.9993491,1,0.9992113,1
0,0.9591777,1,0.55641776,1,0.0038372856,0,0.0019364198,0,0.00013833295,0
0,0.012053158,0,0.0115736555,0,0.99940073,1,0.99998784,1,0.79151577,1
0,0.9763428,1,0.55542815,1,0.0030900296,0,0.0004103339,0,0.0029149717,0
0,5.234819e-08,0,0.84400696,1,0.84640265,1,0.9998106,1,0.03287019,0
0,0.02875216,0,0.5550135,1,0.0030993503,0,0.0006246274,0,0.00011711819,0
1,0.91956997,1,0.55541444,1,0.0087104505,0,0.0013755765,0,0.5130065,1
0,0.12056297,0,0.03825704,0,0.9997182,1,0.99986064,1,0.2935469,0
1,0.001442168,0,0.8318797,1,0.999783,1,0.009522243,0,0.0003560697,0
1,9.8281064e-11,0,0.20778368,0,0.5203783,1,3.7095786e-05,0,0.9999803,1
0,0.9996923,1,0.55541843,1,0.039697938,0,0.028245218,0,0.9829108,1
1,1.3556544e-09,0,0.5553768,1,0.8890218,1,0.30252182,0,0.0064495173,0
1,0.99989754,1,0.55580467,1,0.99508476,1,0.99958456,1,0.9737282,1
1,0.9999959,1,0.5577352,1,0.75704384,1,0.12335229,0,0.97347677,1
0,0.9996241,1,0.55528593,1,0.948744,1,0.62949836,1,0.5489735,1
0,5.0204195e-05,0,0.9247736,1,0.004600641,0,0.99997574,1,0.8096354,1
1,5.504209e-06,0,0.55537957,1,0.23601718,0,0.9999759,1,0.29950804,0
0,0.9999442,1,0.55542445,1,0.0072060935,0,0.15956718,0,0.0016690603,0
0,0.17870198,0,0.5682017,1,0.99731416,1,0.9999873,1,0.8336163,1
1,0.31388313,0,0.55541694,1,0.01717625,0,0.0004093248,0,0.025157632,0
0,0.9999967,1,0.72262317,1,0.0044206483,0,0.0028588024,0,0.00028946344,0
0,0.38021624,0,0.5555923,1,0.0030921965,0,0.0005504648,0,0.00023162061,0
0,0.99845743,1,0.55558246,1,0.003070806,0,0.00042119977,0,0.000570555,0
1,1.2079676e-07,0,0.0007957109,0,0.4996434,0,0.0016904816,0,0.0035995597,0
1,0.92227864,1,0.55540204,1,0.0032958488,0,0.0007176878,0,0.00016965141,0
1,0.9997255,1,0.5557138,1,0.17707713,0,0.11107013,0,0.97141415,1
1,0.94784,1,0.55546373,1,0.068023376,0,0.014125315,0,0.62707937,1
0,2.7666786e-06,0,0.5555778,1,0.9902792,1,0.99214643,1,0.9800654,1
0,3.2378264e-06,0,0.37706858,0,0.004670871,0,0.0035046225,0,0.022728117,0
0,0.9355957,1,0.5960931,1,0.9970137,1,0.9999981,1,0.74673295,1
1,3.02099e-06,0,0.54923123,1,0.009378954,0,0.0011024697,0,0.8605715,1
1,0.99999386,1,0.55549526,1,0.99002385,1,0.8721376,1,0.034041062,0
1,1.0386647e-06,0,0.5558831,1,0.99584633,1,0.68278867,1,0.891592,1
0,0.014160344,0,0.5553186,1,0.9945741,1,0.99996686,1,0.9925086,1
1,0.14687602,0,0.9252709,1,0.07507417,0,0.0037230526,0,0.29946736,0
1,3.5810484e-05,0,0.5561648,1,0.0045538736,0,0.010983371,0,0.88225,1
0,1.0,1,0.5693133,1,0.070214465,0,0.42782184,0,0.9973936,1
0,1.0,1,0.46993375,0,0.9998793,1,0.85416776,1,0.9976644,1
0,1.334283e-09,0,0.5555649,1,0.99693847,1,0.99999744,1,0.99940276,1
1,5.0561182e-05,0,0.5554793,1,0.0031727005,0,0.0009098752,0,2.2244758e-05,0
1,8.648152e-06,0,0.5553337,1,0.051149376,0,0.001545462,0,0.9392056,1
0,0.998781,1,0.55420536,1,0.99351233,1,0.996302,1,0.95825565,1
0,0.0001150595,0,0.55547196,1,0.99670553,1,0.99993366,1,0.8238042,1
1,0.99999875,1,0.5525901,1,0.10708849,0,0.00454776,0,0.8646627,1
0,1.2831988e-05,0,0.5543652,1,0.9935111,1,0.9997621,1,0.9996732,1
0,1.0719604e-06,0,0.55650914,1,0.0034006513,0,0.00049261696,0,0.50436884,1
0,0.9898501,1,0.55542415,1,0.27898854,0,0.04477756,0,0.12850505,0
0,0.8082097,1,0.55474204,1,0.49840587,0,0.10288312,0,0.0010768772,0
0,0.71011716,1,0.5761165,1,0.9912946,1,0.9998734,1,0.09818917,0
0,0.9955418,1,0.5555818,1,0.003233778,0,0.0005476937,0,0.23365673,0
1,0.083833344,0,0.55576646,1,0.0031033824,0,0.0006948028,0,0.0038733282,0
0,3.317876e-09,0,0.55952036,1,0.0032155744,0,0.0021663818,0,0.00044001304,0
0,0.99996805,1,0.55494654,1,0.0033387516,0,0.00058868877,0,0.00032811624,0
0,0.008119474,0,0.5555201,1,0.010377488,0,0.9938924,1,0.99811727,1
0,1.0,1,0.5554424,1,0.0032781293,0,0.0013569198,0,0.021665426,0
1,4.5504373e-07,0,0.5552201,1,0.7310049,1,0.9789125,1,0.59154534,1
1,0.016230375,0,0.5554063,1,0.99705815,1,0.9999813,1,0.9980987,1
1,2.1261367e-06,0,0.555543,1,0.9943693,1,0.99935603,1,4.9172813e-05,0
0,0.99999994,1,0.55485266,1,0.99065006,1,0.9995399,1,0.5283611,1
0,0.9999601,1,0.5561204,1,0.0035267195,0,0.0016030931,0,0.00023690188,0
0,3.4731868e-09,0,0.55496895,1,0.9969005,1,0.99995786,1,0.9997656,1
0,0.99942714,1,0.5575172,1,0.9639405,1,0.77440035,1,0.0040851897,0
0,9.446582e-06,0,0.5635163,1,0.9966499,1,0.99995595,1,0.99986804,1
0,0.76710284,1,0.5912276,1,0.9744046,1,0.9994072,1,0.00062027003,0
1,4.314247e-06,0,0.13754818,0,0.05208501,0,0.9999963,1,0.014547167,0
0,1.0,1,0.9699163,1,0.00017285018,0,0.0001694962,0,0.002109597,0
1,0.9999985,1,0.55532587,1,0.9907532,1,0.9945031,1,0.8856688,1
1,3.9281884e-05,0,0.5554344,1,0.99410045,1,0.9999565,1,0.023446085,0
1,0.18596257,0,0.5556848,1,0.004260601,0,0.0019590005,0,0.0505099,0
1,0.999935,1,0.55571663,1,0.996702,1,0.9998828,1,0.64128286,1
1,0.072007805,0,0.5532185,1,0.006760588,0,0.025893874,0,0.99121225,1
1,1.3340625e-08,0,0.55511284,1,0.0066504916,0,0.8419299,1,0.00026467277,0
0,4.9793467e-08,0,0.55531913,1,0.003481382,0,0.0017846583,0,0.00010960629,0
0,0.99989784,1,0.55542594,1,0.11495595,0,0.99557763,1,0.04980331,0
1,0.99771005,1,0.5555169,1,0.004814792,0,0.0008306713,0,0.0019058255,0
1,7.186135e-05,0,0.5553846,1,0.006792738,0,0.009071308,0,0.99274033,1
1,5.697158e-11,0,0.8179411,1,0.9996614,1,0.9996562,1,0.99807394,1
1,0.012364121,0,0.9992377,1,0.9947302,1,0.7639256,1,0.181338,0
0,9.065817e-09,0,0.5553664,1,0.9952526,1,0.999937,1,0.99981844,1
0,0.017526325,0,0.55535036,1,0.0031099909,0,0.0022387574,0,0.0007480321,0
1,0.99967563,1,0.55508,1,0.07081197,0,0.98954594,1,0.02179238,0
1,5.3235166e-08,0,0.555803,1,0.99701554,1,0.94532096,1,0.99564826,1
1,2.4092735e-06,0,0.5554143,1,0.0040720426,0,0.0006560432,0,0.00013174243,0
1,0.9999996,1,0.5569177,1,0.9969553,1,0.99981,1,0.9992055,1
1,0.9150648,1,0.42688844,0,0.00029409194,0,7.4112555e-05,0,0.00041229124,0
1,1.5990835e-08,0,0.5553515,1,0.5468137,1,0.006048617,0,0.4216391,0
1,0.06841251,0,0.5768401,1,0.003130502,0,0.7485042,1,0.99708635,1
0,0.9999655,1,0.55726147,1,0.0033715505,0,0.05356021,0,0.27121118,0
1,0.27312294,0,0.5554222,1,0.99172175,1,0.9999414,1,0.99470794,1
0,6.614987e-07,0,0.555157,1,0.0058217305,0,0.0013054982,0,0.0015774269,0
1,5.5985374e-06,0,0.55543983,1,0.99616283,1,0.99994326,1,0.9812822,1
0,1.0196761e-06,0,0.5552577,1,0.0037933094,0,0.0011811344,0,0.0016522394,0
0,0.00010079462,0,0.55648637,1,0.9926444,1,0.9967562,1,0.9878761,1
1,8.93559e-06,0,0.549233,1,0.0037481687,0,0.00071038044,0,5.2284504e-06,0
1,1.2933532e-08,0,0.55888915,1,0.003574569,0,0.0005145522,0,0.12994486,0
1,0.9999997,1,0.5554062,1,0.93021077,1,0.0057770815,0,0.99412966,1
1,0.9945324,1,0.5571116,1,0.0030958343,0,0.001254163,0,0.00024461755,0
1,0.9998819,1,0.55547386,1,0.9765223,1,0.89498466,1,0.98988205,1
1,0.00014229938,0,0.69578755,1,0.01574166,0,0.032606352,0,0.045569897,0
0,0.0048516933,0,0.99427605,1,0.98188627,1,0.77899534,1,0.42957526,0
0,0.0002545767,0,0.28610235,0,0.00015811367,0,1.3301156e-10,0,0.0004187111,0
1,6.846306e-09,0,0.55547714,1,0.011484271,0,0.0006136645,0,0.4299272,0
0,0.15647216,0,0.448223,0,0.0036799074,0,0.057078045,0,2.4949479e-05,0
0,0.9999996,1,0.5531937,1,0.003346839,0,0.0056590354,0,0.0010512524,0
0,0.99998814,1,0.55476123,1,0.71520984,1,0.04394283,0,0.93925047,1
1,2.59202e-09,0,0.55559677,1,0.996642,1,0.99985445,1,0.00726693,0
0,0.9999996,1,0.014309979,0,0.0047987476,0,0.0046257023,0,0.25902623,0
0,0.99996006,1,0.55541945,1,0.05310457,0,0.085929245,0,0.94744694,1
0,0.9999911,1,0.5552441,1,0.003123445,0,0.0011283222,0,4.9835806e-05,0
1,0.9999938,1,0.5554219,1,0.005219434,0,0.9871814,1,0.03333168,0
1,0.99972695,1,0.5597677,1,0.99189216,1,0.9999924,1,0.99853116,1
0,0.9999998,1,0.9957865,1,0.0005611745,0,1.1392958e-05,0,0.0013003504,0
1,0.9998487,1,0.555259,1,0.24466226,0,0.99641526,1,0.3268869,0
0,6.0142165e-06,0,0.8864716,1,0.086311825,0,0.999988,1,0.9979172,1
1,3.5832624e-08,0,0.0020243486,0,0.9944778,1,0.80622476,1,0.99982685,1
0,0.99999994,1,0.55593157,1,0.99706566,1,0.9996825,1,0.99996877,1
0,0.005013123,0,0.7322345,1,0.8460363,1,0.23888665,0,0.99865496,1
1,0.9999961,1,0.5547931,1,0.99292666,1,0.021794114,0,0.01791505,0
0,0.32474506,0,0.555396,1,0.008849527,0,0.00085930445,0,0.112300955,0
0,0.9969064,1,0.56408393,1,0.0031043412,0,0.9604826,1,0.00034165883,0
1,0.99999547,1,0.5550395,1,0.0033108154,0,0.00419011,0,2.5035231e-05,0
0,9.95372e-06,0,0.5560032,1,0.45962402,0,0.0010366357,0,0.0045853066,0
0,0.9991655,1,0.555736,1,0.0038420493,0,0.004174377,0,0.0023972108,0
0,3.2153112e-06,0,0.55490285,1,0.95527625,1,0.98849905,1,0.907301,1
1,0.98341525,1,0.3593132,0,0.9999046,1,0.99999976,1,0.99094343,1
0,0.9999977,1,0.55530125,1,0.0041683055,0,0.84864837,1,0.11603801,0
1,0.0020544352,0,0.11495484,0,0.0067925933,0,0.99998826,1,0.06838803,0
0,0.99999624,1,0.55537635,1,0.017099464,0,0.98665977,1,0.13465385,0
1,0.99994206,1,0.5551672,1,0.0035565845,0,0.0005674318,0,0.0036652356,0
0,5.668308e-10,0,0.5575942,1,0.0036515375,0,0.003308181,0,0.99560845,1
1,0.99902344,1,0.5519479,1,0.0034697405,0,0.0008802098,0,0.0009797758,0
1,2.198511e-08,0,0.55547476,1,0.9950349,1,0.99990416,1,0.9996231,1
1,0.9999896,1,0.5555724,1,0.8857835,1,0.99998397,1,0.8264626,1
1,2.4826383e-09,0,0.1476914,0,0.0030570065,0,0.00030629648,0,0.00028825225,0
0,0.22506505,0,0.9996946,1,0.00013799754,0,0.00057334837,0,0.4481353,0
1,6.6340733e-09,0,0.49883556,0,0.8488806,1,0.00948049,0,0.0008704196,0
0,0.9674653,1,0.55540484,1,0.90775394,1,0.9782919,1,0.9674773,1
1,0.99999994,1,0.5602111,1,0.0031050737,0,0.0004787271,0,0.03161829,0
1,0.99999946,1,0.5554287,1,0.8482909,1,0.99857545,1,0.98083925,1
0,4.1286345e-05,0,0.017089408,0,0.00020972562,0,0.09753017,0,0.008118767,0
0,9.640255e-07,0,0.554287,1,0.9949479,1,0.93444294,1,0.5937305,1
0,1.4413977e-09,0,0.5553287,1,0.029280867,0,0.9999419,1,0.006697056,0
0,2.2787544e-06,0,0.66098815,1,0.00022575124,0,0.0027158658,0,1.2982046e-05,0
0,0.0003405921,0,0.55531806,1,0.0032298348,0,0.0011906684,0,0.00033126058,0
0,0.99995196,1,0.5551896,1,0.9128779,1,0.9996227,1,0.9986685,1
0,0.05281533,0,0.53007513,1,0.003137848,0,0.002611559,0,1.0884261e-05,0
1,8.223581e-08,0,0.55464745,1,0.9665915,1,0.24160583,0,0.99698097,1
1,0.99672765,1,0.5535057,1,0.9970492,1,0.9998363,1,0.9999122,1
0,8.701284e-09,0,0.0017244815,0,0.99981105,1,0.96884567,1,0.002792992,0
1,0.99999934,1,0.5462284,1,0.99514526,1,0.99996233,1,0.9987165,1
1,0.99998057,1,0.18909213,0,0.80219215,1,0.017224347,0,0.0005296159,0
1,0.9361598,1,0.5805389,1,0.99952716,1,0.9999998,1,0.999985,1
0,0.00010360842,0,0.2745562,0,0.8476204,1,0.017754776,0,0.9938857,1
0,1.3394391e-05,0,0.5566235,1,0.0032365841,0,0.0004982126,0,0.0012514234,0
1,0.045988135,0,0.60421556,1,0.96997744,1,0.99874306,1,0.0010194164,0
0,9.027186e-08,0,0.38353965,0,0.682181,1,0.023596317,0,0.11338539,0
0,0.76766706,1,0.55547583,1,0.0064563504,0,0.026793508,0,0.0013192305,0
1,0.99999803,1,0.5557679,1,0.004413104,0,0.00046669284,0,0.00028330422,0
0,0.9978871,1,0.55829644,1,0.003164098,0,0.0032383786,0,0.0003532967,0
1,7.534458e-08,0,0.026437681,0,0.00021057362,0,5.8128495e-11,0,0.0019830733,0
0,0.84289694,1,0.56584936,1,0.0034787278,0,0.0012862445,0,0.0005375235,0
0,0.111888655,0,0.5553319,1,0.022244694,0,0.062457424,0,0.013210849,0
1,0.5550159,1,0.55541617,1,0.004220028,0,0.000586931,0,0.7917056,1
0,0.99998534,1,0.55526954,1,0.0036949886,0,0.27048913,0,0.001307643,0
1,0.94104934,1,0.5558479,1,0.0038836077,0,0.001184874,0,0.003265679,0
1,1.3592128e-05,0,0.5552836,1,0.9731619,1,0.99798435,1,0.99793255,1
1,0.9362779,1,0.5563207,1,0.9898981,1,0.9999817,1,0.95203143,1
0,0.999908,1,0.561068,1,0.004089254,0,0.0007318226,0,0.0012967932,0
1,2.1686288e-05,0,0.6167938,1,0.6725338,1,0.9023918,1,0.008381205,0
1,3.2878607e-08,0,0.0056807296,0,0.0011962438,0,9.8809544e-08,0,0.0026392173,0
1,0.9992149,1,0.55536884,1,0.035255976,0,0.0012797046,0,9.7734606e-05,0
1,7.695637e-07,0,0.5555269,1,0.98436725,1,0.9999481,1,0.9996976,1
1,0.9375215,1,0.5554161,1,0.005869073,0,0.9990658,1,0.034569964,0
1,4.6572924e-05,0,0.55755275,1,0.9264794,1,0.0008151666,0,0.0014722364,0
1,1.1667194e-07,0,0.3880221,0,0.00540421,0,0.0147738345,0,0.17490858,0
1,0.76233155,1,0.5553582,1,0.9967333,1,0.5364809,1,0.33259773,0
1,0.0007124274,0,0.55541784,1,0.011494519,0,0.019418515,0,0.040773824,0
0,5.7015604e-11,0,0.554207,1,0.9766972,1,0.5812816,1,0.068850614,0
0,0.9999099,1,0.5554751,1,0.13250473,0,0.0014419585,0,0.005169812,0
1,8.7675477e-07,0,0.5554154,1,0.004803671,0,0.0023480782,0,0.15703078,0
1,0.04418452,0,0.5555813,1,0.96426356,1,0.9969985,1,0.39198062,0
1,0.20765452,0,0.55541533,1,0.9860758,1,0.9993032,1,0.99736756,1
0,0.9999996,1,0.55539936,1,0.9248168,1,0.30134147,0,0.0011213579,0
1,2.5436993e-06,0,0.5552396,1,0.017032756,0,0.88229567,1,0.12412668,0
0,0.9971499,1,0.972433,1,0.99918026,1,0.99998796,1,0.6568942,1
0,0.013957553,0,0.56430364,1,0.997003,1,0.9999865,1,0.9998148,1
0,2.084807e-06,0,0.5556058,1,0.006861848,0,0.0007754689,0,0.28918335,0
0,0.34205824,0,0.9995965,1,0.0017913169,0,0.013099504,0,0.004020741,0
0,0.99996525,1,0.61287075,1,0.0032879044,0,0.00069647864,0,9.040574e-05,0
1,3.0554287e-12,0,0.5343033,1,0.0031012485,0,0.00051876716,0,2.2319238e-05,0
0,1.0742693e-06,0,0.5565212,1,0.005466753,0,0.0023950648,0,0.026127312,0
1,2.7995566e-11,0,0.88045883,1,0.0057888427,0,0.0004259606,0,0.0061865347,0
1,0.025670458,0,0.55658984,1,0.004464252,0,0.019652238,0,0.9953772,1
0,8.1901536e-10,0,0.5544044,1,0.014583683,0,0.9923805,1,0.95390433,1
1,0.0044277553,0,0.5553188,1,0.6305814,1,0.8700495,1,0.99725443,1
0,0.9999975,1,0.5638805,1,0.0044014454,0,0.9986537,1,0.0023732148,0
0,1.7607235e-09,0,0.5548759,1,0.003994991,0,0.97458494,1,0.0121858455,0
0,0.9999331,1,0.55456936,1,0.004619522,0,0.46218318,0,0.017531762,0
1,9.607575e-05,0,0.55543226,1,0.0045623295,0,0.0006444187,0,0.00064466323,0
0,0.2997537,0,0.55543435,1,0.99473155,1,0.9993773,1,0.999087,1
1,0.9998259,1,0.55613804,1,0.97949606,1,0.62895095,1,0.993121,1
1,0.59086555,1,0.5540811,1,0.004004487,0,0.0016114524,0,0.9828625,1
1,0.0002916015,0,0.55595237,1,0.0033185047,0,0.00055391405,0,1.8289984e-05,0
0,0.9996752,1,0.5554437,1,0.8746946,1,0.99990904,1,0.99958545,1
0,2.1384517e-06,0,0.55530876,1,0.98893553,1,0.00042929573,0,0.16830114,0
0,0.8978342,1,0.6799271,1,0.003095201,0,0.0018404007,0,5.119683e-05,0
0,0.999868,1,0.014504642,0,0.8253983,1,0.9907025,1,0.99480206,1
1,0.9999814,1,0.5558905,1,0.006639201,0,0.9933289,1,0.097094715,0
1,1.2167418e-07,0,0.55556166,1,0.5775471,1,0.99996513,1,0.0549582,0
1,0.0041921195,0,0.4406628,0,0.004466142,0,0.0019314892,0,7.062068e-05,0
0,1.5922897e-09,0,0.5514161,1,0.99434656,1,0.00089420314,0,0.0007256587,0
1,8.8211105e-05,0,0.5554739,1,0.0030725107,0,0.0010439134,0,3.8859558e-05,0
1,0.938073,1,0.7053131,1,0.0018683504,0,4.7120766e-06,0,0.00032834153,0
1,2.1807598e-06,0,0.5552715,1,0.9968868,1,0.99928015,1,0.99922585,1
1,9.4540024e-05,0,0.5553964,1,0.012486522,0,0.12226898,0,0.82791954,1
1,0.9999993,1,0.555438,1,0.17125468,0,0.10013738,0,0.019218529,0
0,4.4408503e-06,0,0.5625215,1,0.020544488,0,0.0018317413,0,0.009829238,0
1,1.0,1,0.5572142,1,0.004856295,0,0.99993545,1,0.9849766,1
1,0.82944095,1,0.5677435,1,0.654441,1,0.10188495,0,0.9927696,1
0,3.2954329e-06,0,0.23302615,0,0.9998561,1,0.9982096,1,0.9998568,1
1,0.92125595,1,0.555373,1,0.3164527,0,0.009352907,0,0.0010454328,0
1,0.99999976,1,0.1284287,0,0.9995545,1,0.9999987,1,0.8378783,1
0,0.021482198,0,0.5554188,1,0.96017885,1,0.9976284,1,0.99753654,1
1,0.99999994,1,0.55529135,1,0.9942631,1,0.99997646,1,0.99998426,1
0,0.091888286,0,0.5550969,1,0.9926756,1,0.9999844,1,0.99989325,1
1,6.720129e-05,0,0.7039334,1,0.9284638,1,2.8012286e-05,0,0.06604966,0
1,0.9999331,1,0.5582403,1,0.9970665,1,0.99999124,1,0.9997754,1
1,5.1699168e-05,0,0.55540353,1,0.016479611,0,0.00046566653,0,0.87446314,1
0,2.9615425e-08,0,0.55549896,1,0.006498887,0,0.9248994,1,0.08244984,0
0,1.7762439e-15,0,0.6944058,1,0.008352364,0,0.0008612686,0,0.9653984,1
1,0.9374989,1,0.5550878,1,0.0031334546,0,0.00077792205,0,0.028240142,0
0,3.3337966e-07,0,0.55566406,1,0.97033954,1,0.97883064,1,0.52451295,1
1,0.08376694,0,0.5550574,1,0.99705637,1,0.9999552,1,0.99968684,1
1,0.6186835,1,0.5555136,1,0.16220815,0,0.66793984,1,0.8611615,1
1,7.178934e-08,0,0.5553953,1,0.006850325,0,0.004685238,0,0.2784127,0
0,0.99999917,1,0.5559776,1,0.99705005,1,0.9995923,1,0.99564147,1
0,0.9999982,1,0.55531746,1,0.0042919014,0,0.0006763711,0,0.0063407663,0
1,2.4766557e-06,0,0.9992532,1,0.91409284,1,0.93123305,1,0.00049126387,0
1,0.9386554,1,0.5557861,1,0.9961867,1,0.99985474,1,0.97036177,1
1,0.99945974,1,0.5554106,1,0.988235,1,0.9991854,1,0.9778817,1
0,0.9977025,1,0.032871854,0,0.99953556,1,0.96584094,1,0.9965056,1
0,0.99917126,1,0.5556364,1,0.020455401,0,0.0023816037,0,0.00081592717,0
0,7.6201235e-05,0,0.560304,1,0.003088872,0,0.0010015321,0,0.0003135261,0
0,0.99995804,1,0.023208102,0,0.01261812,0,0.049016666,0,0.999203,1
1,0.9996327,1,0.5554168,1,0.99555516,1,0.99992794,1,0.994565,1
0,1.8025409e-06,0,0.5554989,1,0.0045522484,0,0.0020607677,0,0.0005002024,0
1,0.99944335,1,0.55497617,1,0.005869201,0,0.0007494499,0,0.9963864,1
0,6.471138e-10,0,0.55246246,1,0.0031709876,0,0.00051916094,0,0.00083875575,0
0,0.4007323,0,0.5554218,1,0.9874809,1,0.99985534,1,0.90611655,1
0,0.0006396758,0,0.55552834,1,0.0030912587,0,0.0014496909,0,0.01687991,0
1,0.9978402,1,0.5544235,1,0.0031511558,0,0.0014808043,0,0.10535309,0
1,0.9068266,1,0.18418026,0,0.99856263,1,0.999329,1,0.9986588,1
0,0.99993414,1,0.5553408,1,0.0031159692,0,0.0014321476,0,0.00012454417,0
0,0.99965215,1,0.55571234,1,0.0040293904,0,0.067208774,0,0.00035669748,0
1,5.1136844e-06,0,0.5595727,1,0.4058768,0,0.9195718,1,0.0034210077,0
1,0.999299,1,0.555498,1,0.0030735277,0,0.00045504852,0,0.0023213895,0
0,0.9997722,1,0.5731497,1,0.0031068483,0,0.008055421,0,4.5545556e-05,0
0,0.99981517,1,0.5555723,1,0.99284667,1,0.9999155,1,0.99980193,1
1,0.354679,0,0.55529505,1,0.9876071,1,0.90413517,1,0.1368757,0
0,0.99998164,1,0.5556276,1,0.004160902,0,0.0010617605,0,0.0030609898,0
1,0.99999595,1,0.5553573,1,0.0033423905,0,0.00095305865,0,0.8691241,1
0,1.1354431e-05,0,0.5286616,1,0.096778005,0,0.52687633,1,0.010298317,0
0,3.431497e-05,0,0.5847537,1,0.99742854,1,0.9999862,1,0.99924165,1
0,0.9998511,1,0.5557232,1,0.99706215,1,0.9999963,1,0.9989689,1
0,2.5279898e-09,0,0.55612236,1,0.9967939,1,0.9997655,1,0.46088177,0
1,0.99959326,1,0.55516374,1,0.9796647,1,0.01834087,0,0.000985141,0
0,4.139866e-08,0,0.5554484,1,0.004836808,0,0.0018943724,0,0.0026649267,0
0,3.6778698e-07,0,0.55370986,1,0.0062326114,0,0.994096,1,0.0005787428,0
0,1.1793092e-06,0,0.5550782,1,0.9800641,1,0.9999073,1,0.9745386,1
0,0.0017443891,0,0.55563486,1,0.996606,1,0.99992144,1,0.04206226,0
0,0.9995841,1,0.55676764,1,0.003068748,0,0.0009301348,0,0.0022392464,0
0,0.9988599,1,0.5552899,1,0.9506792,1,0.013271438,0,0.98140234,1
0,0.0009789071,0,0.55716485,1,0.99567866,1,0.9998111,1,0.99215084,1
1,8.824422e-07,0,0.5554154,1,0.99150753,1,0.99894637,1,0.91773033,1
0,0.99743277,1,0.5554039,1,0.006916048,0,0.0077701085,0,0.9963468,1
0,0.99874973,1,0.5561607,1,0.9539156,1,0.031089487,0,0.99343807,1
0,0.031636488,0,0.5561317,1,0.9929279,1,0.9999886,1,0.51637447,1
1,0.8211686,1,0.55575585,1,0.99066806,1,0.9996741,1,0.0066623283,0
0,5.599569e-13,0,0.55466634,1,0.9951603,1,0.9999341,1,0.99983704,1
1,0.99956644,1,0.55552346,1,0.008328101,0,0.13401799,0,0.096377306,0
1,0.017273162,0,0.553736,1,0.7186827,1,0.0012886957,0,0.0010113264,0
0,0.9999947,1,0.6923084,1,0.9974482,1,0.99999726,1,0.9359089,1
1,0.00015893386,0,0.5553016,1,0.0115972,0,0.0021086505,0,0.9969415,1
1,0.9946292,1,0.5554105,1,0.99518216,1,0.99995905,1,0.58400285,1
1,0.00334105,0,0.5555674,1,0.0033937318,0,0.01857416,0,0.79880536,1
0,6.0330365e-07,0,0.55579364,1,0.07889441,0,0.0028748051,0,0.014165905,0
0,0.9999953,1,0.555657,1,0.0040294537,0,0.5953977,1,0.023141341,0
0,0.9345847,1,0.554455,1,0.0030752786,0,0.0006393994,0,0.00015872062,0
0,0.99993044,1,0.5553245,1,0.9768803,1,0.0024195183,0,0.00083407824,0
1,2.7194358e-09,0,0.014000321,0,0.034193557,0,0.99238276,1,0.6468192,1
0,0.9999902,1,0.555422,1,0.9214272,1,0.99866027,1,0.9421527,1
1,0.47257775,0,0.5555424,1,0.8489356,1,0.99991196,1,3.6378766e-05,0
1,0.9944507,1,0.55556214,1,0.0068545407,0,0.0013664319,0,0.004677582,0
0,4.6112395e-06,0,0.57376975,1,0.98868906,1,0.97726536,1,0.8884899,1
0,1.6309637e-07,0,0.56015134,1,0.0034071184,0,0.99997294,1,3.908243e-05,0
0,6.4383385e-06,0,0.55290127,1,0.9944509,1,0.9978299,1,0.022977982,0
0,0.99788666,1,0.5554293,1,0.004494353,0,0.0014877922,0,0.41288376,0
1,0.99998826,1,0.55553705,1,0.99348265,1,0.9993111,1,0.9961562,1
1,1.5289048e-10,0,0.9080855,1,0.996,1,0.79775435,1,0.27775574,0
1,0.9999988,1,0.5554029,1,0.0102718575,0,0.0012029542,0,0.0130247725,0
1,0.9975099,1,0.55528384,1,0.9915005,1,0.9724689,1,0.9744052,1
1,0.0014969789,0,0.5735816,1,0.99694806,1,0.99966687,1,0.9982901,1
1,0.99987715,1,0.72797865,1,0.00021182271,0,0.0007210106,0,0.9369632,1
1,0.99997056,1,0.55576336,1,0.99693626,1,0.9999861,1,0.99914545,1
0,0.9966908,1,0.5550481,1,0.00472725,0,0.00087226694,0,0.0034151734,0
0,1.516925e-06,0,0.5565676,1,0.0061414647,0,0.9974692,1,0.12805425,0
1,0.9919566,1,0.5554018,1,0.34294516,0,0.99820936,1,0.99894065,1
0,0.9755576,1,0.55539596,1,0.9963525,1,0.80383825,1,0.9968113,1
1,0.9998195,1,0.5551594,1,0.993339,1,0.9992052,1,0.9436002,1
1,0.56844056,1,0.55541486,1,0.23150542,0,0.007899119,0,0.8903547,1
0,1.7847922e-06,0,0.55535924,1,0.003965358,0,0.0011941958,0,0.9976266,1
0,8.724517e-07,0,0.6091814,1,0.0032897033,0,0.0012384237,0,0.19290164,0
1,0.8857311,1,0.5557541,1,0.9905805,1,0.97998303,1,0.99989855,1
0,0.24661815,0,0.5553984,1,0.475877,0,0.9191734,1,0.9615829,1
1,0.009380867,0,0.5552345,1,0.9958969,1,0.9971966,1,0.7185292,1
1,0.998198,1,0.5554573,1,0.0048525417,0,0.0008015396,0,0.0037157359,0
1,6.4920234e-05,0,0.5552739,1,0.08758929,0,0.004194198,0,0.9806478,1
1,0.827817,1,0.11467997,0,0.0034282727,0,0.004897621,0,3.8715225e-05,0
0,0.99788725,1,0.5553933,1,0.004749617,0,0.00045075332,0,0.0001134139,0
1,0.45904085,0,0.5536286,1,0.99413586,1,0.002550563,0,0.99985605,1
0,2.5474383e-09,0,0.5549266,1,0.9721778,1,0.9497699,1,0.9933772,1
0,1.6253618e-05,0,0.55510366,1,0.0034623158,0,0.9913322,1,0.977666,1
0,0.999931,1,0.55571806,1,0.99701315,1,0.9999945,1,0.9994227,1
1,0.06851481,0,0.555289,1,0.007073418,0,0.011982474,0,0.017778434,0
0,1.6144595e-06,0,0.55551404,1,0.9958758,1,0.9999906,1,0.9999287,1
1,8.139877e-11,0,0.55554515,1,0.18013321,0,0.0023650452,0,0.019260518,0
0,0.9985752,1,0.5545555,1,0.0034040988,0,0.9988942,1,0.09482084,0
1,0.9965079,1,0.555382,1,0.8440286,1,0.10120606,0,0.89482975,1
1,0.0003868948,0,0.93037057,1,0.00033153137,0,0.9994015,1,0.10428175,0
0,0.00014224228,0,0.5554018,1,0.88044375,1,0.9972786,1,0.9872237,1
0,2.8550064e-08,0,0.79280525,1,0.00010310706,0,2.593664e-08,0,0.0023683053,0
1,3.4675304e-06,0,0.55527174,1,0.9912375,1,0.8943911,1,0.9987039,1
1,0.99878514,1,0.55551183,1,0.99643904,1,0.99960715,1,0.9997672,1
1,0.98948276,1,0.9757828,1,0.00017801375,0,2.506129e-06,0,0.0015646967,0
1,0.00036671135,0,0.55541897,1,0.96152,1,0.94616705,1,0.99896467,1
0,0.9992229,1,0.55536085,1,0.004142022,0,0.91179997,1,0.5589375,1
0,0.8578405,1,0.5591896,1,0.9901011,1,0.9999173,1,0.9547004,1
1,0.0010198916,0,0.9949718,1,0.00056163705,0,0.00022028625,0,0.38963535,0
0,2.3534801e-07,0,0.55541146,1,0.9683202,1,0.108195946,0,0.36514586,0
1,0.99999845,1,0.5554511,1,0.1735234,0,0.99998975,1,0.91841555,1
1,8.7583044e-07,0,0.55456066,1,0.99325216,1,0.99933755,1,0.9995789,1
0,1.9465558e-11,0,0.5548484,1,0.004844931,0,0.00093739945,0,0.19182272,0
1,0.9999982,1,0.9849416,1,0.97408944,1,0.0002544311,0,0.95099,1
0,0.077064805,0,0.5562155,1,0.9842522,1,0.00182339,0,0.0069299554,0
0,4.296845e-09,0,0.89510274,1,0.99884534,1,0.9766451,1,0.08405616,0
1,0.9998353,1,0.15972364,0,0.00062813674,0,0.00014315761,0,0.00016006493,0
1,0.99985766,1,0.5554248,1,0.009428373,0,0.87169933,1,0.9880219,1
1,3.3917247e-06,0,0.3367402,0,0.99577665,1,0.999963,1,0.043552645,0
1,3.2519467e-09,0,0.55713433,1,0.021053663,0,0.008304604,0,0.06063671,0
1,6.04634e-06,0,0.49354556,0,0.0031064274,0,0.005069049,0,0.27737355,0
1,0.99997175,1,0.55540663,1,0.018876659,0,0.0021198688,0,0.96984196,1
1,0.99966574,1,0.55571705,1,0.99214727,1,0.18632151,0,0.40718707,0
0,3.4519593e-07,0,0.55622506,1,0.993244,1,0.3113327,0,0.002025932,0
0,1.4539082e-05,0,0.55521137,1,0.0035239374,0,0.0021383807,0,0.0024430135,0
0,0.0376824,0,0.55540985,1,0.99619424,1,0.9958371,1,0.9941289,1
0,0.99999744,1,0.5552025,1,0.9795753,1,0.9999903,1,0.9974096,1
1,1.0,1,0.55526364,1,0.93417686,1,0.54257244,1,0.66259104,1
1,0.99976003,1,0.55546707,1,0.003305368,0,0.0005500138,0,0.00023940092,0
0,0.00024024419,0,0.55260974,1,0.9960172,1,0.94985133,1,0.0079548545,0
0,1.4264987e-07,0,0.55367696,1,0.997019,1,0.9999771,1,0.99894464,1
1,0.9999988,1,0.5555265,1,0.0035235172,0,0.00040595117,0,0.067400776,0
1,0.00012535341,0,0.5613857,1,0.99566364,1,0.22334346,0,0.976687,1
0,0.00046318036,0,0.5554809,1,0.006054233,0,0.0061132037,0,0.98203695,1
1,5.3312124e-05,0,0.5554981,1,0.00553981,0,0.60191894,1,0.99924266,1
0,1.8188055e-05,0,0.5558559,1,0.9969809,1,0.99995965,1,0.99998975,1
0,7.8270756e-07,0,0.5549701,1,0.8413681,1,0.0007959797,0,0.16098714,0
1,8.745401e-07,0,0.5559976,1,0.99372256,1,0.7889297,1,0.01577619,0
0,2.2303233e-08,0,0.5553856,1,0.9909036,1,0.57637686,1,0.16063014,0
0,0.0004192771,0,0.5554123,1,0.99191785,1,0.18209246,0,0.16437365,0
0,2.5163022e-08,0,0.5557052,1,0.0030683875,0,0.0008266293,0,1.0255488e-05,0
1,3.86233e-06,0,0.5460608,1,0.9928314,1,0.9996919,1,0.014228485,0
1,1.6117445e-05,0,0.5555106,1,0.7139758,1,0.9842225,1,0.007265458,0
0,0.9996492,1,0.5551574,1,0.0047747167,0,0.99319077,1,0.009638353,0
1,0.00017678016,0,0.55906427,1,0.005418819,0,0.0008490259,0,4.1260246e-05,0
1,0.9978417,1,0.57302684,1,0.0034336753,0,0.25004706,0,0.9995806,1
0,0.0064061186,0,0.5555168,1,0.006831403,0,0.0006852626,0,2.8423789e-05,0
1,0.9998941,1,0.5308962,1,0.0032364768,0,0.0012019118,0,0.000730797,0
0,0.9999976,1,0.55476123,1,0.72332996,1,0.97870123,1,0.038177345,0
1,0.9964154,1,0.5605277,1,0.99686754,1,0.9913436,1,0.94706863,1
0,1.5298477e-07,0,0.5419579,1,0.99116707,1,0.3585299,0,0.01955932,0
1,0.00032360642,0,0.5554173,1,0.0040775104,0,0.0011623561,0,0.00030891682,0
0,0.074320614,0,0.55546206,1,0.0036928705,0,0.005858939,0,0.00067379535,0
1,1.2034856e-06,0,0.5556088,1,0.0035780882,0,0.0007357375,0,0.00016665894,0
0,2.7760664e-06,0,0.5548991,1,0.0035842874,0,0.06379699,0,0.016246907,0
0,0.00013606322,0,0.55549926,1,0.009926741,0,0.99396807,1,0.0028955066,0
1,0.013995261,0,0.5553958,1,0.009939126,0,0.5230412,1,0.002330381,0
0,0.99998736,1,0.5553211,1,0.060740963,0,0.99959356,1,0.99481845,1
1,1.9804695e-05,0,0.5554087,1,0.003696079,0,0.0008209913,0,0.0024461392,0
0,0.9999911,1,0.55456674,1,0.0041422807,0,0.0198356,0,0.2842513,0
1,6.1971565e-07,0,0.55541813,1,0.9373007,1,0.001355832,0,0.0059650396,0
1,0.9999722,1,0.55579436,1,0.0057530133,0,0.019297207,0,0.48309517,0
1,0.9990492,1,0.065936565,0,0.0033421316,0,0.56532896,1,0.0007531036,0
1,0.4062322,0,0.0150820445,0,0.67335033,1,0.9999946,1,0.9836008,1
1,6.238547e-08,0,0.55542976,1,0.003082254,0,0.00045470227,0,0.0015587439,0
0,6.7835667e-06,0,0.5555152,1,0.005132355,0,0.0006012787,0,6.4558095e-05,0
0,8.042833e-05,0,0.55606747,1,0.007759488,0,0.9978249,1,0.0020600162,0
0,0.23830989,0,0.59498465,1,0.99663526,1,0.7194321,1,0.99732745,1
1,0.4124751,0,0.47347966,0,0.6070482,1,0.99994415,1,0.9993396,1
0,0.00013604492,0,0.551571,1,0.09217661,0,0.9984091,1,0.9961909,1
0,0.999398,1,0.5650105,1,0.9966198,1,0.9998213,1,0.93208075,1
1,0.035954442,0,0.5554351,1,0.9968303,1,0.7390784,1,0.0007428046,0
0,8.146847e-09,0,0.56027347,1,0.9970661,1,0.9999406,1,0.01108053,0
1,6.132103e-11,0,0.55542266,1,0.9952031,1,0.9942581,1,0.36828142,0
0,0.9947149,1,0.554983,1,0.99627966,1,0.9999936,1,0.9995448,1
1,0.0011377957,0,0.5554318,1,0.003106997,0,0.00047368972,0,0.015509864,0
1,9.024019e-05,0,0.5519273,1,0.00311866,0,0.0010420299,0,0.0001476652,0
1,0.999837,1,0.55540645,1,0.31714463,0,0.0005535414,0,2.1393025e-05,0
1,0.9526116,1,0.555418,1,0.007359184,0,0.00077289337,0,0.00042059008,0
1,0.9999998,1,0.5555513,1,0.005321879,0,0.77484524,1,0.994433,1
1,2.029736e-07,0,0.5550934,1,0.18281756,0,0.00064811396,0,0.00015479894,0
0,0.9967131,1,0.56841147,1,0.9475223,1,0.9998832,1,0.012216051,0
0,1.9589832e-09,0,0.004008161,0,0.33205587,0,0.99991846,1,0.8033485,1
0,0.0020813097,0,0.999855,1,0.999636,1,0.99999964,1,0.9890045,1
0,1.2148475e-06,0,0.0035900543,0,0.9993647,1,0.01132963,0,0.9447482,1
1,0.9741784,1,0.5555495,1,0.05400822,0,0.0017013242,0,0.9966121,1
0,0.9827581,1,0.89625454,1,0.0016227324,0,0.97352386,1,0.02699087,0
0,2.2054096e-06,0,0.5552687,1,0.99465096,1,0.9999679,1,0.99985975,1
0,0.0009013355,0,0.5555562,1,0.9969863,1,0.99999195,1,0.9998296,1
0,0.9999284,1,0.5546224,1,0.9718161,1,0.8298265,1,0.69907457,1
1,4.3750227e-08,0,0.5533179,1,0.996921,1,0.99998635,1,0.9791875,1
0,0.99999994,1,0.9772632,1,0.000699369,0,0.0001407918,0,0.06732213,0
1,4.4088455e-10,0,0.08334665,0,0.99656606,1,0.99783593,1,0.9792367,1
0,0.33542976,0,0.53368247,1,0.99932647,1,0.36642015,0,0.9408523,1
0,0.0002697082,0,0.55536836,1,0.50349116,1,0.047811996,0,0.9010715,1
1,0.999999,1,0.5545307,1,0.0031040935,0,0.0007838259,0,0.0015464813,0
0,0.0015738202,0,0.54173106,1,0.003068869,0,0.0007767913,0,0.0033089952,0
0,0.0009999179,0,0.013406163,0,0.99684507,1,0.99985164,1,0.9993741,1
1,9.280419e-08,0,0.559543,1,0.9969639,1,0.9999368,1,0.9999185,1
1,0.81922036,1,0.5556691,1,0.9961046,1,0.99998903,1,0.9997462,1
0,0.99344623,1,0.24610768,0,0.9994174,1,0.9999746,1,0.425547,0
0,0.9561373,1,0.17482096,0,0.00013560626,0,1.0579058e-06,0,0.81023747,1
1,5.9537315e-06,0,0.55544084,1,0.009111719,0,0.0019903746,0,0.0031786975,0
1,3.2970236e-06,0,0.55470115,1,0.003324285,0,0.00047103988,0,0.008883184,0
0,6.3082366e-11,0,0.5553942,1,0.003523244,0,0.0005522258,0,0.026529972,0
1,0.0046055545,0,0.5553901,1,0.97939605,1,0.9999411,1,0.6611707,1
0,1.5513613e-05,0,0.55505526,1,0.9029857,1,0.99938226,1,0.87380815,1
1,2.0711066e-05,0,0.5553924,1,0.9969097,1,0.99991286,1,0.976602,1
0,0.9996693,1,0.59792376,1,0.9958494,1,0.9987214,1,0.99992377,1
0,0.9996075,1,0.555635,1,0.004690256,0,0.9972377,1,0.003473137,0
1,0.25669685,0,0.5554058,1,0.01143332,0,0.0040507065,0,0.0035353017,0
0,0.15922391,0,0.55545837,1,0.9910287,1,0.9914981,1,0.044637866,0
0,0.8229344,1,0.5553859,1,0.9792276,1,0.99993706,1,0.3294761,0
1,1.0,1,0.99908394,1,0.9799716,1,2.6578512e-06,0,0.016668126,0
0,0.99675393,1,0.0044779773,0,0.6534843,1,0.004150561,0,0.006488596,0
0,0.9996083,1,0.99984455,1,0.00014466196,0,4.1747466e-05,0,2.9356606e-05,0
1,1.05852e-07,0,0.556729,1,0.9948008,1,0.99973905,1,0.9690416,1
0,0.9999836,1,0.5557128,1,0.9794069,1,0.99997073,1,0.9999937,1
0,0.25046036,0,0.05205365,0,0.9986627,1,0.03580139,0,0.99830884,1
1,0.0008472487,0,0.49361795,0,0.0035714607,0,0.0028651739,0,0.086278215,0
0,0.97717994,1,0.5552723,1,0.013894275,0,0.99951386,1,0.09560271,0
1,3.1609423e-07,0,0.63968307,1,0.0021139449,0,0.00070738734,0,0.16022527,0
1,3.8886774e-06,0,0.5555473,1,0.021434478,0,0.99996275,1,0.025204621,0
1,0.97120935,1,0.5555983,1,0.003509578,0,0.25266126,0,0.010805737,0
1,0.14488791,0,0.5551132,1,0.2479335,0,0.11682052,0,0.040938757,0
0,1.0,1,0.5544734,1,0.0031929652,0,0.0007163946,0,0.0008197168,0
0,4.578121e-06,0,0.55346566,1,0.9967134,1,0.9956646,1,0.99206346,1
1,0.0286737,0,0.5554173,1,0.9810652,1,0.28417534,0,0.2853383,0
0,1.8160323e-09,0,0.55554974,1,0.03563769,0,0.0012315388,0,0.0011538687,0
0,3.831681e-06,0,0.55538964,1,0.93021894,1,0.99997425,1,0.9999292,1
1,0.9996307,1,0.5547829,1,0.26452997,0,0.0062182127,0,0.0049548666,0
1,0.99965155,1,0.5553953,1,0.03964566,0,0.00054588413,0,0.002138399,0
1,0.018610563,0,0.55545,1,0.0033602046,0,0.0007418793,0,0.002106765,0
1,0.99998707,1,0.5554635,1,0.010292363,0,0.99646187,1,0.01858279,0
0,3.3422023e-09,0,0.55542207,1,0.9934647,1,0.9999046,1,0.9936451,1
1,2.5036712e-05,0,0.55524474,1,0.9951342,1,0.99964356,1,0.9156549,1
0,0.6479276,1,0.56743944,1,0.004068714,0,0.9844774,1,0.0050569233,0
0,0.0874056,0,0.9802813,1,0.00027945862,0,3.7025536e-08,0,0.27057594,0
0,0.99288756,1,0.99992234,1,0.0016085431,0,0.9997451,1,0.95108277,1
1,1.4323277e-06,0,0.55035454,1,0.003247985,0,0.0006868291,0,0.0002457764,0
0,0.89250445,1,0.5137407,1,0.0032949874,0,0.08741916,0,0.00027021475,0
1,1.37596935e-05,0,0.0041343668,0,0.0018383425,0,0.038986873,0,0.00086583983,0
1,7.027625e-05,0,0.5545818,1,0.14280891,0,0.99997836,1,0.9999486,1
0,0.48416883,0,0.5554079,1,0.9600759,1,0.98224145,1,0.9995431,1
1,0.5355587,1,0.5554598,1,0.99679875,1,0.99995416,1,0.99996364,1
0,0.00017550291,0,0.24785446,0,0.00011633595,0,1.5880254e-06,0,5.930828e-05,0
1,0.0010557193,0,0.7574975,1,0.0011867608,0,0.00030513675,0,0.0010447192,0
0,3.054266e-11,0,0.55691683,1,0.008194047,0,0.0018681218,0,0.89433837,1
1,0.99995416,1,0.5570398,1,0.003159699,0,0.0003991947,0,0.0036844958,0
1,0.9997159,1,0.5550452,1,0.0037171037,0,0.00038776547,0,0.00015792881,0
1,0.97080797,1,0.9934974,1,0.000789428,0,0.9999763,1,0.0068553584,0
1,0.9997927,1,0.5600384,1,0.0033937222,0,0.9989768,1,0.9685601,1
1,1.740609e-08,0,0.99023384,1,0.9926111,1,0.99997896,1,0.99975175,1
0,0.00016117144,0,0.555388,1,0.99680877,1,0.9995541,1,0.9999799,1
0,0.99835247,1,0.5553356,1,0.9958609,1,0.999365,1,0.972548,1
0,0.9999997,1,0.5744352,1,0.99601865,1,0.99783057,1,0.99788934,1
1,0.9998949,1,0.55526,1,0.99443203,1,0.9999844,1,0.9999104,1
1,1.9353125e-05,0,0.5553899,1,0.9927041,1,0.9859913,1,0.6475222,1
1,2.7840251e-06,0,0.55553854,1,0.0031394358,0,0.00055554387,0,0.0005966011,0
1,0.94749284,1,0.55532694,1,0.0032667099,0,0.004131664,0,0.0006798525,0
0,6.0341004e-06,0,0.5554076,1,0.45196825,0,0.006244333,0,0.007477088,0
1,0.9999995,1,0.555388,1,0.9173386,1,0.0019376229,0,0.51165646,1
1,8.344716e-05,0,0.5558109,1,0.025665201,0,0.73047054,1,0.99836516,1
0,0.9999995,1,0.5552241,1,0.2637953,0,0.99913555,1,0.011100926,0
1,0.9999743,1,0.6646172,1,0.03641866,0,0.98260486,1,0.04682546,0
1,4.8447633e-05,0,0.48602027,0,0.0041174092,0,0.09320762,0,0.0021448524,0
0,5.9201384e-06,0,0.99973434,1,0.000905626,0,0.0023364942,0,0.0051475572,0
0,0.00017643376,0,0.5554168,1,0.003332051,0,0.0008002683,0,0.038376257,0
1,0.006592298,0,0.5561013,1,0.9970355,1,0.9999902,1,0.9999248,1
1,7.1585528e-06,0,0.5736274,1,0.38894087,0,0.9851339,1,0.9989102,1
1,0.060152106,0,0.5544944,1,0.9967992,1,0.0022947749,0,0.0003448188,0
0,0.9999999,1,0.56405395,1,0.015516514,0,0.36410317,0,0.9999464,1
0,5.014092e-09,0,0.23399678,0,0.99726003,1,0.9993941,1,0.9557153,1
1,1.9025336e-07,0,0.55529296,1,0.9966788,1,0.9999735,1,0.99849594,1
1,5.981493e-07,0,0.5542187,1,0.9959888,1,0.9528189,1,0.9999898,1
0,0.99993724,1,0.55416167,1,0.0041877506,0,0.0015132222,0,0.00013038098,0
0,0.9951949,1,0.5537503,1,0.048511226,0,0.9971527,1,0.15040644,0
0,8.124334e-05,0,0.9954796,1,0.99774534,1,0.920893,1,0.9996036,1
1,0.376975,0,0.97984505,1,0.99982363,1,0.9999964,1,0.9457094,1
0,0.99993694,1,0.55518234,1,0.01380053,0,0.99477005,1,0.29860294,0
0,0.99999905,1,0.5553904,1,0.017224047,0,0.6644699,1,0.000945317,0
0,0.99998677,1,0.5541959,1,0.9970679,1,0.9999762,1,0.9767092,1
0,0.0070175785,0,0.5556242,1,0.40552285,0,0.0020681692,0,0.99958664,1
1,0.09384402,0,0.5782569,1,0.9906976,1,0.008962328,0,0.9996375,1
1,0.9999845,1,0.55405265,1,0.0030933097,0,0.00056774454,0,9.223024e-05,0
0,0.97678787,1,0.555404,1,0.9256389,1,0.99694145,1,0.999357,1
1,0.9999939,1,0.0013096872,0,0.9995303,1,2.9612618e-05,0,0.17825767,0
0,0.008434044,0,0.4207491,0,0.8692273,1,0.09439811,0,0.0006882071,0
1,0.49900946,0,0.5556608,1,0.008402643,0,0.0010348482,0,0.004701767,0
1,0.99999833,1,0.5540886,1,0.99687606,1,0.99999774,1,0.9962633,1
0,0.00012389306,0,0.5554419,1,0.99091595,1,0.9999818,1,0.993139,1
1,0.9999976,1,0.55648994,1,0.022717025,0,0.09630809,0,0.0046409443,0
0,0.9999944,1,0.373498,0,0.99950755,1,0.9999349,1,0.9983955,1
0,4.790913e-05,0,0.55529135,1,0.9861184,1,0.99997735,1,0.99672574,1
0,7.405764e-07,0,0.021801326,0,0.93456185,1,0.9313305,1,0.4171134,0
0,1.0,1,0.5749008,1,0.9938212,1,0.008670334,0,0.87955356,1
1,0.9999915,1,0.55540955,1,0.99619126,1,0.9491759,1,0.9999863,1
0,0.009015674,0,0.55563027,1,0.99272865,1,0.9911531,1,0.7890627,1
0,5.696944e-10,0,0.46780345,0,0.00307001,0,0.001968994,0,0.0002619672,0
0,0.9999936,1,0.557095,1,0.9964113,1,0.9921322,1,0.99932927,1
1,0.5420205,1,0.6500722,1,0.0035392763,0,0.98340076,1,0.9984026,1
0,0.99960434,1,0.5554619,1,0.9940054,1,0.9955024,1,0.99986297,1
1,1.6598631e-06,0,0.5553361,1,0.98102343,1,0.9942342,1,0.999769,1
1,1.0967387e-05,0,0.55551916,1,0.009054371,0,0.0009010234,0,0.9654308,1
0,5.717742e-08,0,0.5565519,1,0.7161038,1,0.008521041,0,0.33937943,0
1,4.8427876e-07,0,0.5523842,1,0.9947768,1,0.99996966,1,0.10422557,0
0,0.20426132,0,0.5559252,1,0.34652227,0,0.98518753,1,0.99967617,1
0,2.1341996e-06,0,0.30890545,0,0.0032348435,0,0.00030187456,0,9.289366e-05,0
1,0.00015714485,0,0.55540633,1,0.99666315,1,0.9999873,1,0.99932396,1
1,0.99987626,1,0.06371808,0,0.99892884,1,0.3471928,0,0.9990921,1
1,0.99996865,1,0.55595464,1,0.99190515,1,0.9922839,1,0.9970044,1
1,0.00014325866,0,0.5558363,1,0.0055715223,0,0.00120545,0,0.51160115,1
1,1.1741313e-06,0,0.5554273,1,0.0038595668,0,0.0025569173,0,0.0002845654,0
0,0.9999998,1,0.8704284,1,0.9677059,1,0.089571215,0,0.9938312,1
0,1.2919855e-06,0,0.5546628,1,0.003493743,0,0.0005212216,0,0.0014066743,0
1,3.4087245e-07,0,0.55529827,1,0.008639511,0,0.8967587,1,0.004400459,0
1,0.9994957,1,0.9907244,1,0.00021678637,0,1.4891253e-06,0,0.00022865245,0
0,0.00040460555,0,0.542956,1,0.0031456472,0,0.0008695993,0,0.00022993165,0
0,3.2237886e-06,0,0.55534005,1,0.96786654,1,0.99979675,1,0.9987088,1
1,0.99998957,1,0.55419177,1,0.9960726,1,0.9306791,1,0.6238873,1
0,0.9983895,1,0.55559367,1,0.0038601588,0,0.00044721257,0,0.00012929691,0
1,0.9999303,1,0.5552902,1,0.26384294,0,0.9320128,1,0.010847454,0
1,0.9999855,1,0.5515986,1,0.9965474,1,0.9999837,1,0.99977565,1
1,0.000308286,0,0.5554169,1,0.008387255,0,0.0062993877,0,0.9985452,1
1,1.0,1,0.607011,1,0.003184791,0,0.0011890249,0,0.011309464,0
0,0.9999705,1,0.4504759,0,0.9995002,1,0.9996224,1,0.9996597,1
0,0.00659399,0,0.55543673,1,0.011630058,0,0.99887824,1,0.9998773,1
0,3.904015e-05,0,0.555988,1,0.0030851597,0,0.0006013675,0,9.926664e-05,0
1,6.95107e-05,0,0.56009644,1,0.9963873,1,0.9998028,1,0.7281409,1
0,0.06597046,0,0.5527772,1,0.003069365,0,0.0011840045,0,9.421669e-06,0
0,5.623425e-07,0,0.5553629,1,0.0059925932,0,0.0011419941,0,0.051699758,0
0,0.9999628,1,0.0025938386,0,0.9968745,1,0.9958723,1,0.030794024,0
0,2.8001625e-09,0,0.47408578,0,0.9625691,1,0.025982574,0,0.99997044,1
1,2.4354833e-05,0,0.55565286,1,0.0065703006,0,0.0023143908,0,0.0081185065,0
0,0.99992615,1,0.5561237,1,0.029930174,0,0.0015790747,0,0.7637907,1
1,0.0034528554,0,0.55553335,1,0.996988,1,0.9999856,1,0.9999152,1
1,0.9999664,1,0.5554813,1,0.72672176,1,0.9998871,1,0.99984616,1
0,4.4560116e-07,0,0.5529515,1,0.43068328,0,0.98580724,1,0.99985707,1
0,4.2997715e-05,0,0.57153374,1,0.0031491416,0,0.00054622657,0,0.00043287207,0
1,2.6449627e-05,0,0.5553385,1,0.018612716,0,0.0027256394,0,0.9159973,1
1,0.99999946,1,0.5637125,1,0.8426,1,0.012302813,0,0.2822016,0
1,0.9994467,1,0.55604166,1,0.96867085,1,0.03740337,0,0.0020048507,0
1,0.9999956,1,0.5102242,1,0.853411,1,0.9986907,1,0.99724305,1
0,0.6525759,1,0.5553103,1,0.99694616,1,0.9997087,1,0.9996286,1
1,2.711583e-06,0,0.5554515,1,0.9897582,1,0.13309468,0,0.01915488,0
0,0.9999888,1,0.5530106,1,0.003141892,0,0.0010208145,0,0.018946387,0
0,9.0328085e-06,0,0.55697626,1,0.89854515,1,0.9994482,1,0.98795426,1
1,0.025993649,0,0.5554801,1,0.9955701,1,0.9998886,1,0.9997989,1
0,0.998656,1,0.5553322,1,0.0054897834,0,0.001001877,0,0.11824049,0
0,0.99990875,1,0.5552164,1,0.9824683,1,0.9999761,1,0.99996084,1
0,9.3093526e-08,0,0.5957963,1,0.0030920145,0,0.0015266942,0,0.0046931305,0
1,0.061265428,0,0.556273,1,0.0031605307,0,0.00071174756,0,0.29386184,0
0,4.196209e-06,0,0.5553734,1,0.7819585,1,0.0016279415,0,0.0008090789,0
0,0.00013339524,0,0.5553597,1,0.005899787,0,0.020237625,0,0.99078685,1
1,1.1089199e-05,0,0.55518794,1,0.99661803,1,0.9999932,1,0.9920851,1
0,0.9962032,1,0.55539036,1,0.99705875,1,0.99985313,1,0.9899199,1
1,0.0001622426,0,0.5552286,1,0.6338567,1,0.9999825,1,0.99745446,1
0,0.99960196,1,0.5554439,1,0.99423116,1,0.86351043,1,0.9973805,1
1,0.025226044,0,0.5553678,1,0.0055135335,0,0.0013227443,0,0.003438623,0
1,0.015005746,0,0.5553034,1,0.0047707376,0,0.00079064304,0,0.00058335974,0
1,0.001079043,0,0.45598626,0,0.7117361,1,0.9999239,1,0.99220616,1
1,0.99992234,1,0.5581983,1,0.992522,1,0.99903613,1,0.9968048,1
1,3.8059761e-06,0,0.21838096,0,0.9996697,1,0.98236334,1,0.62433034,1
1,0.9999945,1,0.54087687,1,0.9970644,1,0.005597781,0,0.26102844,0
0,3.8570136e-08,0,0.9996279,1,0.015128986,0,0.00047148485,0,0.0017912891,0
0,4.023093e-09,0,0.55617124,1,0.003066456,0,0.0004106677,0,2.3380528e-05,0
0,4.3753164e-07,0,0.5554147,1,0.21658525,0,0.99977726,1,0.0121981,0
0,0.99984175,1,0.5554648,1,0.040683035,0,0.013479925,0,0.03471549,0
1,0.621924,1,0.5558051,1,0.90822506,1,0.6772129,1,0.04648609,0
0,6.8381367e-09,0,0.5553871,1,0.007561247,0,0.0008707671,0,0.13717805,0
1,7.0025795e-05,0,0.91184974,1,0.99955285,1,0.99994814,1,0.999692,1
0,0.22614619,0,0.55453557,1,0.99617237,1,0.9994724,1,0.99996907,1
0,3.0999538e-06,0,0.54526365,1,0.9969318,1,0.9999273,1,0.99854904,1
1,0.9094279,1,0.55526,1,0.0356914,0,0.0013241203,0,1.4868412e-05,0
1,0.12713994,0,0.5524881,1,0.9970585,1,0.9999939,1,0.99401635,1
0,0.99953115,1,0.55512756,1,0.9549973,1,0.98882127,1,0.98630357,1
0,2.9471532e-05,0,0.55541575,1,0.9898733,1,0.9772088,1,0.03735719,0
1,0.9993774,1,0.9482608,1,0.9995034,1,0.99999785,1,0.99513537,1
0,0.00031390684,0,0.555409,1,0.99648863,1,0.99920875,1,0.7582426,1
1,0.9997687,1,0.00049097405,0,0.00034096476,0,3.3136705e-06,0,0.00013828021,0
1,0.8694529,1,0.69531983,1,0.99584883,1,0.9999855,1,0.64863664,1
0,0.004561733,0,0.5557209,1,0.10705923,0,0.9991827,1,0.9942969,1
1,7.998116e-08,0,0.4614837,0,0.99667823,1,0.9619135,1,0.99974906,1
0,0.00039458997,0,0.59287804,1,0.99640816,1,0.99842465,1,0.99992776,1
1,0.99994314,1,0.5555125,1,0.003229525,0,0.0019033515,0,0.0003578698,0
0,0.9955919,1,0.5549049,1,0.004322623,0,0.2158804,0,0.0068514515,0
0,3.2789683e-06,0,0.5460454,1,0.9945184,1,0.99987304,1,0.9999582,1
1,0.9996452,1,0.55853087,1,0.0041777245,0,0.00091605453,0,0.00022408433,0
1,1.036604e-07,0,0.5552422,1,0.98915815,1,0.9983381,1,0.99999464,1
0,0.58100265,1,0.890104,1,0.0037200858,0,0.7998532,1,0.6842791,1
0,0.0010088783,0,0.5554529,1,0.0032402952,0,0.0011130875,0,0.0011272404,0
0,2.507088e-07,0,0.55494094,1,0.006045439,0,0.00071823294,0,0.00088848744,0
0,8.299197e-06,0,0.55897456,1,0.9966449,1,0.9999886,1,0.6190855,1
0,0.99997455,1,0.55542684,1,0.8529644,1,0.002660272,0,0.95673406,1
0,0.0003038498,0,0.5557473,1,0.06007324,0,0.0015138377,0,0.00021919403,0
0,0.93588525,1,0.0128213875,0,0.0034575313,0,0.008784274,0,0.13043733,0
0,0.99994206,1,0.55542725,1,0.5174865,1,0.8089757,1,0.0015794386,0
0,0.79355955,1,0.5579496,1,0.99698424,1,0.9999515,1,0.99970686,1
0,0.9999869,1,0.5561044,1,0.016692294,0,0.0255191,0,0.0021694805,0
0,0.0026302058,0,0.55570436,1,0.9952928,1,0.9991369,1,0.91797876,1
0,4.225062e-08,0,0.55277413,1,0.0030673787,0,0.0014248928,0,4.8077138e-05,0
1,7.8916486e-08,0,0.8430025,1,0.0030439608,0,0.0005340787,0,0.004212754,0
1,0.9932506,1,0.55556613,1,0.0030998748,0,0.00049555197,0,8.935887e-05,0
1,1.0256721e-05,0,0.55526865,1,0.9593755,1,0.5795893,1,0.9913608,1
1,0.9997972,1,0.55613947,1,0.009565911,0,0.544145,1,0.0021216515,0
1,0.99999917,1,0.5181268,1,0.99660534,1,0.55989915,1,0.19591463,0
0,0.40441787,0,0.5551931,1,0.9957217,1,0.99994314,1,0.9999224,1
0,0.9212664,1,0.6651458,1,0.9973647,1,0.9999964,1,0.999703,1
1,0.9999656,1,0.55585504,1,0.003881013,0,0.8218991,1,0.0042378427,0
0,1.0206156e-09,0,0.5553858,1,0.91964257,1,0.016236573,0,0.928105,1
1,0.98972344,1,0.5549016,1,0.994124,1,0.996828,1,0.98569024,1
0,0.00024189563,0,0.5553633,1,0.99532664,1,0.13761522,0,0.9991416,1
0,1.6239124e-08,0,0.5551641,1,0.50659186,1,0.99976325,1,0.009419569,0
0,0.08234005,0,0.55742556,1,0.9969577,1,0.9996071,1,0.99976856,1
0,0.0072130803,0,0.5554529,1,0.005464737,0,0.9991169,1,0.9953418,1
1,4.5173992e-06,0,0.5554347,1,0.9754222,1,0.9921606,1,0.9967793,1
0,1.4658245e-07,0,0.5552038,1,0.9966713,1,0.9999732,1,0.99876136,1
0,8.021876e-11,0,0.83626044,1,8.126752e-05,0,0.0015062342,0,0.0016374703,0
1,0.999926,1,0.55509984,1,0.003382254,0,0.0005400531,0,3.9118415e-05,0
1,0.99999964,1,0.5555882,1,0.0034409966,0,0.0018278372,0,0.00020792052,0
1,6.7825863e-07,0,0.36395612,0,0.061385125,0,0.0032981308,0,0.9513453,1
0,0.99996895,1,0.55820686,1,0.003545189,0,0.0018927328,0,0.007882316,0
0,0.9999966,1,0.26295593,0,0.9975019,1,0.8373618,1,0.0063125123,0
1,1.5568704e-06,0,0.55542904,1,0.00350129,0,0.0007032522,0,0.006139341,0
1,0.98596114,1,0.16031326,0,0.0076531316,0,0.003494595,0,0.004280891,0
1,0.00028052236,0,0.99817175,1,0.00035664902,0,0.9999999,1,0.024568116,0
1,2.1498576e-05,0,0.11198612,0,0.98985106,1,0.9999991,1,0.99993837,1
0,4.757325e-10,0,0.017276788,0,0.9939063,1,0.9990589,1,0.0012441643,0
0,0.99998313,1,0.69239146,1,0.0038827462,0,0.013909735,0,0.0001511676,0
1,0.99999976,1,0.5541962,1,0.0040942496,0,0.00047062413,0,0.27214363,0
0,0.00012534266,0,0.5554133,1,0.0067547816,0,0.010752345,0,0.005562813,0
1,1.2014605e-06,0,0.056591827,0,0.0737142,0,0.020101039,0,0.005085375,0
0,6.026479e-09,0,0.5668732,1,0.9697484,1,0.84707826,1,0.99965936,1
0,3.0931893e-05,0,0.555719,1,0.98757094,1,0.6697206,1,0.0022359525,0
0,1.0,1,0.9984655,1,0.9927519,1,0.9999998,1,0.98125535,1
1,0.9823004,1,0.55436784,1,0.0049063126,0,0.0014597699,0,0.99610543,1
0,0.9999966,1,0.61049354,1,0.9968856,1,0.9999433,1,0.99652094,1
0,2.1530756e-11,0,0.55488867,1,0.996403,1,0.9993033,1,0.99854,1
1,0.0015919224,0,0.55358475,1,0.004896303,0,0.6995294,1,0.012806096,0
0,6.110993e-05,0,0.5556948,1,0.0057154773,0,0.0018672596,0,0.4204048,0
1,0.00015252671,0,0.5555398,1,0.99691683,1,0.9999482,1,0.99985975,1
0,0.9990775,1,0.55546147,1,0.008646452,0,0.99635184,1,0.98123884,1
1,0.99951255,1,0.5586478,1,0.0031519001,0,0.05061112,0,0.004359453,0
1,0.99958575,1,0.7412349,1,0.0090272175,0,0.015011194,0,0.9998815,1
1,0.99999774,1,0.55436176,1,0.99680936,1,0.99998677,1,0.99744433,1
1,1.5936781e-06,0,0.55540955,1,0.0038436844,0,0.00041215116,0,0.0100875655,0
1,0.9998359,1,0.55389506,1,0.96482384,1,0.011457484,0,0.013024588,0
0,7.0020626e-08,0,0.5558736,1,0.0039279927,0,0.00095539144,0,0.9977881,1
0,0.99983835,1,0.55542684,1,0.39375296,0,0.99951965,1,0.9851373,1
0,3.944751e-05,0,0.5554504,1,0.9865925,1,0.9998982,1,0.0054848585,0
1,2.2207023e-06,0,0.555544,1,0.9950298,1,0.9268104,1,0.8088477,1
1,0.36840308,0,0.5553811,1,0.0043272697,0,0.01592103,0,0.98187965,1
0,4.6860372e-05,0,0.5555203,1,0.0066756005,0,0.0016017404,0,0.0016801284,0
0,0.6376344,1,0.5553718,1,0.9400273,1,0.61261696,1,0.027089262,0
0,1.2497414e-11,0,0.72683454,1,0.4123698,0,0.9999999,1,0.89635324,1
1,0.9410129,1,0.5554695,1,0.008179194,0,0.6526088,1,0.9890827,1
0,0.98874074,1,0.8334989,1,0.99672157,1,0.0011257741,0,0.0015929635,0
0,0.9999873,1,0.54978085,1,0.015385633,0,0.45328248,0,0.0017039148,0
0,0.9957209,1,0.55541,1,0.7871759,1,0.9921636,1,0.987788,1
1,0.9999982,1,0.5555521,1,0.99688464,1,0.9999766,1,0.9995821,1
0,2.2436782e-06,0,0.5560546,1,0.0034747699,0,0.0009718784,0,0.008304365,0
1,1.0,1,0.997942,1,0.00022190163,0,1.483495e-07,0,0.7716377,1
1,0.06258001,0,0.55159986,1,0.99706906,1,0.9999738,1,0.99991447,1
0,0.00086834363,0,0.55540663,1,0.006936681,0,0.9979125,1,0.99493873,1
1,7.3120385e-09,0,0.55610555,1,0.9896277,1,0.8526394,1,0.05426881,0
1,0.000538107,0,0.5554126,1,0.0072335796,0,0.0011412367,0,0.0025916293,0
0,0.9477763,1,0.5490653,1,0.18440245,0,0.99954903,1,0.98688686,1
1,2.105164e-07,0,0.8002412,1,0.9999185,1,1.018567e-07,0,0.17295617,0
1,0.11172306,0,0.5555682,1,0.99535525,1,0.9988593,1,0.010781021,0
0,4.4923316e-05,0,0.5543052,1,0.005120011,0,0.01855093,0,0.9901052,1
0,2.7809375e-09,0,0.5554291,1,0.9962361,1,0.99973994,1,0.43488178,0
1,0.42673013,0,0.87229997,1,0.9998968,1,0.999892,1,0.0009205232,0
0,0.0012064867,0,0.5552943,1,0.9968017,1,0.99989164,1,0.999617,1
0,0.999983,1,0.55560374,1,0.0052112555,0,0.8119719,1,0.034689803,0
1,0.99999774,1,0.54769456,1,0.0050779255,0,0.0070976396,0,0.00012665888,0
0,3.2904177e-09,0,0.5558263,1,0.041478932,0,0.0011609104,0,0.00766161,0
1,6.880711e-08,0,0.6768876,1,0.3790543,0,0.20800264,0,0.019741597,0
1,0.95734656,1,0.5554298,1,0.017038286,0,0.9993207,1,0.28432176,0
1,6.878217e-09,0,0.08635091,0,0.012674146,0,0.0029659371,0,0.05345813,0
0,1.4789771e-05,0,0.55540514,1,0.0034060194,0,0.00035970606,0,0.0012633499,0
0,0.9948345,1,0.55540514,1,0.103442125,0,0.11153885,0,0.68010795,1
1,0.9999678,1,0.516154,1,0.26437944,0,0.9993124,1,0.041416395,0
0,8.571728e-09,0,0.551914,1,0.9839285,1,0.99888873,1,0.8716022,1
1,0.00012000424,0,0.5555226,1,0.9909624,1,0.939724,1,0.59737235,1
0,0.9990024,1,0.55605197,1,0.5236667,1,0.21355537,0,0.52296114,1
0,3.4081864e-09,0,0.9754094,1,0.004226529,0,0.9170087,1,0.011600919,0
1,3.2387252e-06,0,0.5553231,1,0.99665135,1,0.99404085,1,0.56948423,1
1,0.04254918,0,0.5574127,1,0.9962704,1,0.9965538,1,0.99960333,1
0,0.99997437,1,0.5542613,1,0.013543929,0,0.9985329,1,0.99986094,1
1,0.99999654,1,0.5554844,1,0.9545005,1,0.9782245,1,0.9982128,1
1,3.0306673e-09,0,0.5554424,1,0.0038260496,0,0.000804216,0,0.0088396575,0
1,0.999997,1,0.5468078,1,0.020110607,0,0.2570407,0,0.008361139,0
0,0.99992275,1,0.5546587,1,0.3483755,0,0.9512999,1,0.95945716,1
0,0.9875042,1,0.55546844,1,0.9475905,1,0.998472,1,0.036028318,0
1,0.014901667,0,0.5557829,1,0.0073991474,0,0.0018412384,0,0.00792452,0
0,0.999182,1,0.556864,1,0.9969269,1,0.9999857,1,0.9964914,1
1,0.9999958,1,0.55546796,1,0.871037,1,0.0006709141,0,0.0005291678,0
1,0.99321896,1,0.55898035,1,0.026482135,0,0.99738044,1,0.18983872,0
1,0.35323605,0,0.5549891,1,0.9964985,1,0.99887997,1,0.9895617,1
0,9.957128e-07,0,0.55554074,1,0.7136281,1,0.9318671,1,0.9999629,1
1,8.6384784e-07,0,0.5543126,1,0.0032250015,0,0.00048366157,0,0.00020886336,0
1,1.5271544e-05,0,0.5558128,1,0.0072979205,0,0.0018757437,0,0.009842338,0
1,0.97053355,1,0.55525804,1,0.0040344913,0,0.0011551469,0,0.99954325,1
1,2.625657e-09,0,0.555607,1,0.9955922,1,0.37970245,0,0.3963191,0
0,1.0692692e-06,0,0.88105845,1,0.00056190207,0,2.6468928e-05,0,0.99977106,1
0,1.2183247e-06,0,0.55556124,1,0.99690604,1,0.9999223,1,0.99972415,1
0,1.6010051e-07,0,0.15287426,0,0.31510392,0,0.002574377,0,0.00013611578,0
0,0.24250743,0,0.5796769,1,0.3633034,0,0.9807437,1,0.47670263,0
1,0.34006152,0,0.55520195,1,0.96143645,1,0.2680017,0,0.9688241,1
1,0.94803524,1,0.5556446,1,0.0055725686,0,0.978263,1,0.09236075,0
1,0.14238544,0,0.5555342,1,0.1338028,0,0.09871112,0,0.86083347,1
0,0.9946944,1,0.002809948,0,0.108310096,0,0.37200993,0,0.9904579,1
0,0.35803622,0,0.818906,1,0.00034768818,0,4.6166772e-07,0,0.0015155243,0
0,2.8255923e-05,0,0.71951294,1,0.9988476,1,0.97023904,1,0.7066336,1
1,0.99998003,1,0.5585343,1,0.9926814,1,0.22197504,0,0.6642239,1
1,0.99998885,1,0.7888181,1,0.9998858,1,0.99999666,1,0.9943512,1
1,2.2185413e-06,0,0.55519354,1,0.003360254,0,0.02261898,0,0.0003851885,0
0,6.004429e-08,0,0.5554331,1,0.011274999,0,0.0040854057,0,0.20058696,0
1,0.9829862,1,0.55541736,1,0.9967954,1,0.9885552,1,0.9998108,1
1,0.9998606,1,0.5552496,1,0.016427789,0,0.00037748856,0,0.008307416,0
1,0.999813,1,0.55573916,1,0.009886966,0,0.05647443,0,0.0009273721,0
0,0.99804324,1,0.55470437,1,0.0038309763,0,0.020418458,0,0.0014679169,0
0,2.7486141e-08,0,0.55510485,1,0.0030671204,0,0.0006884636,0,9.208029e-06,0
0,0.00078407803,0,0.55547744,1,0.96659213,1,0.99973387,1,0.12531175,0
0,0.9999949,1,0.7170706,1,0.0031290012,0,0.0015093884,0,0.00025915602,0
0,0.9806599,1,0.53825486,1,0.9969639,1,0.9999693,1,0.99711055,1
0,0.99994314,1,0.5802402,1,0.99705833,1,0.9999926,1,0.99993265,1
0,0.011244007,0,0.55541396,1,0.9550357,1,0.9976924,1,0.99989814,1
0,6.9538153e-09,0,0.5533193,1,0.0036451656,0,0.9965248,1,0.00296922,0
0,8.4424116e-08,0,0.555948,1,0.99672544,1,0.99998057,1,0.999933,1
0,2.7717297e-05,0,0.5559875,1,0.1885652,0,0.00094022066,0,0.3019009,0
0,1.9427534e-06,0,0.5557046,1,0.9958726,1,0.9993148,1,0.9990378,1
1,0.9999958,1,0.55534446,1,0.035798717,0,0.9977592,1,0.024162821,0
1,0.99983764,1,0.55540895,1,0.005745747,0,0.0012214464,0,0.00039609088,0
0,1.1829882e-06,0,0.99465173,1,0.04065685,0,0.87202525,1,0.87591976,1
1,0.0024273503,0,0.5564835,1,0.004073131,0,0.91511446,1,0.0154469805,0
1,5.2437557e-05,0,0.57149965,1,0.0030894757,0,0.0020618439,0,0.00016458418,0
1,6.348862e-09,0,0.5555538,1,0.99580073,1,0.9998011,1,0.9994086,1
1,0.9999762,1,0.55533284,1,0.0037730644,0,0.0009724416,0,0.012202227,0
0,0.99999976,1,0.55543226,1,0.82372844,1,0.9840429,1,0.97881687,1
1,3.011457e-12,0,0.6692789,1,0.00018263177,0,0.0002703765,0,0.0009500441,0
0,0.0021115302,0,0.55230755,1,0.9934686,1,0.99999833,1,0.6766834,1
1,0.9999999,1,0.99697185,1,0.8216889,1,0.00080640736,0,0.00013052578,0
1,0.9999948,1,0.554519,1,0.9966731,1,0.999978,1,0.9995452,1
0,4.0870646e-08,0,0.24856707,0,0.15422411,0,0.0017377568,0,1.534345e-05,0
0,0.967268,1,0.55481184,1,0.0034526456,0,0.0011269613,0,0.99868613,1
1,0.14996918,0,0.98105407,1,0.99963623,1,0.99999523,1,0.9996814,1
1,0.1001743,0,0.5555708,1,0.003094685,0,0.0005218336,0,9.69226e-05,0
1,0.0040423064,0,0.6412791,1,0.99974775,1,0.9998878,1,0.9924998,1
1,0.9999999,1,0.0630288,0,0.003649047,0,0.027480878,0,0.9946103,1
1,1.2244379e-08,0,0.5553685,1,0.0042202948,0,0.0016069572,0,0.10032378,0
0,0.027211614,0,0.5555632,1,0.0034445515,0,0.0006226378,0,0.009386643,0
1,6.032346e-08,0,0.5554591,1,0.86204654,1,0.96768475,1,0.78301525,1
1,1.0,1,0.56852686,1,0.0033129577,0,0.001297665,0,0.068379134,0
1,3.566854e-09,0,0.7583754,1,0.00022317833,0,3.8985027e-06,0,0.0048212237,0
1,0.044501547,0,0.5554141,1,0.88058746,1,0.99998033,1,0.96778995,1
1,0.98368365,1,0.8834697,1,0.99971026,1,0.025230668,0,0.99639463,1
0,0.99998236,1,0.5556641,1,0.0039115427,0,0.9302798,1,0.0006665417,0
0,2.1100098e-07,0,0.5552408,1,0.019221522,0,0.9988519,1,0.112835154,0
1,4.3072955e-06,0,0.55636346,1,0.98284096,1,0.9998334,1,0.9906582,1
1,0.99996203,1,0.55351055,1,0.02055282,0,0.0007862781,0,0.92287856,1
1,0.99991506,1,0.55586195,1,0.003741862,0,0.00053955533,0,0.05197729,0
1,0.9978755,1,0.5553983,1,0.008002419,0,0.013380159,0,0.12165339,0
1,0.0010383185,0,0.5538079,1,0.99627566,1,0.9985156,1,0.9977355,1
0,0.023322945,0,0.5554111,1,0.005871052,0,0.005551951,0,0.43415353,0
0,0.9999999,1,0.2709118,0,0.9995705,1,0.9984861,1,0.0003010689,0
1,5.338647e-08,0,0.5558007,1,0.3031392,0,0.13840412,0,0.00021248662,0
0,6.6480675e-06,0,0.5551941,1,0.99706084,1,0.99992985,1,0.99990153,1
1,0.11633286,0,0.5552162,1,0.003310087,0,0.0010267862,0,0.0015360469,0
0,0.99844646,1,0.55540836,1,0.0049209995,0,0.001821329,0,0.79460275,1
1,2.0454852e-05,0,0.5552561,1,0.004140229,0,0.0018756989,0,0.0004881482,0
1,0.998089,1,0.5555514,1,0.7411665,1,0.9999028,1,0.9992656,1
1,0.18331032,0,0.5622353,1,0.9970453,1,0.9997325,1,0.008384572,0
0,0.0024299244,0,0.5545852,1,0.9954783,1,0.99839336,1,0.83634067,1
1,3.9674714e-07,0,0.55574745,1,0.0036199356,0,0.0026829164,0,0.73952633,1
1,0.9999996,1,0.5553548,1,0.0031527183,0,0.0003990141,0,0.00081122434,0
1,9.65638e-10,0,0.55529565,1,0.005654372,0,0.002652898,0,0.0055810567,0
1,0.99992454,1,0.5531188,1,0.006410021,0,0.99919254,1,0.0020351135,0
0,3.4914046e-05,0,0.002876517,0,0.9993325,1,0.9983041,1,0.99994576,1
0,0.0027505665,0,0.5554997,1,0.003642983,0,0.01285681,0,0.009942198,0
0,0.66893774,1,0.27725756,0,0.99729395,1,0.9996751,1,0.9975443,1
1,4.892508e-06,0,0.55540884,1,0.1925535,0,0.015960328,0,0.00017475295,0
1,0.9575715,1,0.55603,1,0.99669826,1,0.9997284,1,0.9993904,1
0,2.544505e-09,0,0.0015805128,0,0.93516886,1,0.13591318,0,0.013371474,0
1,0.9999997,1,0.7571995,1,0.99984324,1,0.99169815,1,0.9996897,1
1,0.057833586,0,0.55551857,1,0.7842582,1,0.99983245,1,0.91192585,1
0,0.99999934,1,0.2660081,0,0.00020953815,0,0.00095593,0,0.0036811258,0
1,0.9907152,1,0.62238765,1,0.53455293,1,0.99954015,1,0.00014381405,0
0,0.9999765,1,0.5554997,1,0.0034918047,0,0.0354983,0,0.97535574,1
1,3.7933128e-09,0,0.55577016,1,0.003373999,0,0.0021809395,0,0.00022305493,0
0,1.6915745e-11,0,0.5530435,1,0.99669737,1,0.99993366,1,0.9988177,1
0,7.031531e-07,0,0.56166816,1,0.99690044,1,0.9999661,1,0.9999007,1
1,0.050754182,0,0.58397186,1,0.003419306,0,0.001773796,0,0.02176855,0
0,0.9999991,1,0.5555632,1,0.0033349188,0,0.00051755074,0,0.0007253636,0
1,1.0,1,0.5673531,1,0.99549353,1,0.9860755,1,0.99996865,1
1,0.9999948,1,0.55021614,1,0.0035148303,0,0.7849917,1,0.00016844814,0
1,6.687342e-09,0,0.5554118,1,0.9726285,1,0.99923927,1,0.49494523,0
0,1.1771867e-08,0,0.9801966,1,0.00014370892,0,2.4322458e-07,0,0.043291993,0
0,0.99999744,1,0.3648997,0,0.999733,1,0.99992555,1,0.5598873,1
1,0.99999523,1,0.55550605,1,0.010334749,0,0.99863976,1,0.99390984,1
0,0.01323717,0,0.55537695,1,0.007712765,0,0.0022673712,0,0.9708712,1
0,3.9670482e-07,0,0.5553745,1,0.9622703,1,0.9949318,1,0.7677023,1
1,0.9992353,1,0.5432889,1,0.009350665,0,0.00071826496,0,0.989401,1
0,0.9999844,1,0.55169386,1,0.33971116,0,0.7872552,1,0.0118776,0
0,0.99999774,1,0.5577407,1,0.38012883,0,0.013882208,0,0.085940875,0
1,0.008176592,0,0.5554072,1,0.9468994,1,0.89714813,1,0.64020556,1
0,0.99932766,1,0.55519086,1,0.015946638,0,0.8887808,1,0.99482936,1
1,1.4810185e-07,0,0.555403,1,0.37695557,0,0.0037506875,0,0.032655075,0
1,5.8940435e-09,0,0.5552727,1,0.12786232,0,0.9999921,1,0.0020176407,0
1,0.0001661818,0,0.028218728,0,0.0027254005,0,4.1484842e-07,0,0.298938,0
1,3.7157768e-06,0,0.5554241,1,0.9912443,1,0.42580578,0,0.9915536,1
0,1.2576229e-05,0,0.5891526,1,0.00308296,0,0.0063700657,0,0.00090605626,0
0,0.9994488,1,0.5414414,1,0.9969076,1,0.9983808,1,0.99996173,1
1,0.99999636,1,0.5554365,1,0.0036998878,0,0.99991703,1,0.99952376,1
0,0.9999988,1,0.64124614,1,0.014452728,0,0.0031411853,0,0.009090121,0
0,1.449413e-11,0,0.55596966,1,0.9914216,1,0.9977912,1,0.35879686,0
0,0.998915,1,0.55554366,1,0.99527913,1,0.9999491,1,0.99996924,1
0,5.8628925e-06,0,0.55542994,1,0.0032231824,0,0.00053293555,0,2.0928459e-05,0
0,0.009276867,0,0.55538195,1,0.97566974,1,0.03140902,0,0.99970984,1
0,2.104345e-07,0,0.5573176,1,0.9970494,1,0.99998236,1,0.9963675,1
1,3.2832485e-08,0,0.5553675,1,0.010481714,0,0.0015662737,0,0.09884341,0
0,0.0015168051,0,0.5553507,1,0.99477375,1,0.9999622,1,0.99381053,1
0,0.0001495281,0,0.5539397,1,0.038550597,0,0.0013518368,0,0.012693188,0
0,0.058205027,0,0.5554257,1,0.9931397,1,0.9999824,1,0.018983899,0
1,1.0,1,0.57232934,1,0.010866396,0,0.67723596,1,0.00014704415,0
0,4.6948703e-06,0,0.55381346,1,0.0038559295,0,0.96551245,1,0.0001609948,0
1,0.00011102745,0,0.5554206,1,0.2546163,0,0.9938261,1,0.99819654,1
1,0.028661646,0,0.5554265,1,0.0037336037,0,0.8917556,1,0.0043810676,0
1,0.019221095,0,0.55545217,1,0.9775939,1,0.09180048,0,0.9393994,1
1,1.2985035e-09,0,0.62365866,1,0.024355782,0,0.9947379,1,0.76934475,1
0,3.3707743e-09,0,0.0102949105,0,0.9997769,1,0.9997738,1,0.0450935,0
0,0.00018395619,0,0.5550388,1,0.86819744,1,0.9999504,1,0.9877552,1
1,0.9989014,1,0.55571866,1,0.9878301,1,0.9999815,1,0.9998268,1
0,0.9999999,1,0.99932134,1,0.99985665,1,0.9999689,1,0.975835,1
0,0.999998,1,0.55029786,1,0.0042724293,0,0.0013678694,0,0.00045073763,0
1,0.0373414,0,0.5546897,1,0.22936793,0,0.9659063,1,6.569446e-05,0
1,1.8858849e-06,0,0.5557535,1,0.99339134,1,0.9999768,1,0.8627427,1
1,1.0,1,0.996193,1,0.021519855,0,0.86543006,1,0.640321,1
1,0.9995443,1,0.5554286,1,0.0052603506,0,0.0014573307,0,0.9184166,1
0,1.4887814e-07,0,0.0030629416,0,0.14908177,0,0.00095132575,0,0.0005835443,0
0,0.99952275,1,0.55523694,1,0.9969524,1,0.9999266,1,0.99998105,1
1,4.009933e-06,0,0.010960107,0,0.9993015,1,0.00011123462,0,0.00085914653,0
1,0.99927914,1,0.24561535,0,0.00032843737,0,0.98630244,1,0.90986025,1
0,0.44564882,0,0.9970077,1,0.99975276,1,0.9998763,1,0.99069077,1
0,0.00016987175,0,0.62841797,1,0.0035526203,0,0.0012949895,0,0.00983727,0
1,5.991106e-05,0,0.55532753,1,0.29163128,0,0.034207232,0,0.49782586,0
1,0.9772792,1,0.55556476,1,0.003233531,0,0.00066367775,0,0.0040569557,0
1,0.9999547,1,0.99306476,1,0.00040250845,0,5.3380774e-07,0,0.9975889,1
