Review,Actual,Predicted,Probability
0,Negative,Positive,0.55448306
0,Negative,Positive,0.55523014
0,Negative,Positive,0.9130228
0,Negative,Positive,0.59222233
0,Negative,Positive,0.5551019
0,Negative,Positive,0.5554075
0,Negative,Positive,0.5004424
0,Negative,Positive,0.55512136
0,Negative,Positive,0.55547637
0,Negative,Positive,0.55544955
0,Negative,Positive,0.5545631
0,Negative,Positive,0.55576575
0,Negative,Positive,0.55539453
1,Positive,Negative,0.2565274
0,Negative,Positive,0.55536157
0,Negative,Positive,0.5558006
0,Negative,Positive,0.5910925
0,Negative,Positive,0.555782
0,Negative,Positive,0.55540794
0,Negative,Positive,0.55548865
0,Negative,Positive,0.5517657
1,Positive,Negative,0.19789153
0,Negative,Positive,0.53995293
1,Positive,Negative,0.17643088
0,Negative,Positive,0.5556587
0,Negative,Positive,0.5555468
0,Negative,Positive,0.55579764
0,Negative,Positive,0.55483305
0,Negative,Positive,0.55531234
0,Negative,Positive,0.55541444
0,Negative,Positive,0.55536693
0,Negative,Positive,0.5582165
0,Negative,Positive,0.5554793
1,Positive,Negative,0.47377127
0,Negative,Positive,0.55532837
0,Negative,Positive,0.56147194
0,Negative,Positive,0.5549066
0,Negative,Positive,0.5553964
0,Negative,Positive,0.8027278
0,Negative,Positive,0.5557918
0,Negative,Positive,0.5690825
0,Negative,Positive,0.55561095
0,Negative,Positive,0.5587834
0,Negative,Positive,0.7368603
1,Positive,Negative,0.0015064053
0,Negative,Positive,0.55492127
0,Negative,Positive,0.99894613
0,Negative,Positive,0.5530433
1,Positive,Negative,0.46470645
0,Negative,Positive,0.54665935
0,Negative,Positive,0.5546855
0,Negative,Positive,0.57075864
0,Negative,Positive,0.55540466
1,Positive,Negative,0.14528236
0,Negative,Positive,0.55546063
1,Positive,Negative,0.05526304
1,Positive,Negative,0.1550602
0,Negative,Positive,0.5588709
0,Negative,Positive,0.5582202
0,Negative,Positive,0.5554831
1,Positive,Negative,0.28586254
0,Negative,Positive,0.5565905
0,Negative,Positive,0.5555809
0,Negative,Positive,0.55546415
0,Negative,Positive,0.5558661
0,Negative,Positive,0.55488944
0,Negative,Positive,0.55550086
0,Negative,Positive,0.7816009
1,Positive,Negative,0.49904478
0,Negative,Positive,0.6847983
0,Negative,Positive,0.5553749
0,Negative,Positive,0.55318516
0,Negative,Positive,0.548297
0,Negative,Positive,0.55540323
0,Negative,Positive,0.55470854
0,Negative,Positive,0.55549765
0,Negative,Positive,0.55540097
0,Negative,Positive,0.5553465
0,Negative,Positive,0.55545884
0,Negative,Positive,0.55606866
0,Negative,Positive,0.55522925
0,Negative,Positive,0.55532545
0,Negative,Positive,0.5553496
0,Negative,Positive,0.55547744
0,Negative,Positive,0.5554032
0,Negative,Positive,0.5549143
0,Negative,Positive,0.5560377
0,Negative,Positive,0.5295907
0,Negative,Positive,0.5553986
0,Negative,Positive,0.5552021
0,Negative,Positive,0.5646629
0,Negative,Positive,0.5632954
1,Positive,Negative,0.20984355
0,Negative,Positive,0.5552954
0,Negative,Positive,0.5555599
0,Negative,Positive,0.5575243
0,Negative,Positive,0.5554619
0,Negative,Positive,0.5634868
0,Negative,Positive,0.55567294
0,Negative,Positive,0.5720832
0,Negative,Positive,0.5555578
0,Negative,Positive,0.5541373
0,Negative,Positive,0.55554605
0,Negative,Positive,0.5550769
0,Negative,Positive,0.5551478
0,Negative,Positive,0.5311521
0,Negative,Positive,0.5554027
0,Negative,Positive,0.5568265
1,Positive,Negative,0.4478775
0,Negative,Positive,0.55543846
0,Negative,Positive,0.5516405
0,Negative,Positive,0.99081767
0,Negative,Positive,0.55544615
0,Negative,Positive,0.55536205
0,Negative,Positive,0.55459374
0,Negative,Positive,0.5533839
0,Negative,Positive,0.563723
0,Negative,Positive,0.5554183
0,Negative,Positive,0.55554074
0,Negative,Positive,0.5554175
0,Negative,Positive,0.5554068
1,Positive,Negative,0.13371381
0,Negative,Positive,0.5554191
0,Negative,Positive,0.5554385
0,Negative,Positive,0.5560635
0,Negative,Positive,0.5539797
0,Negative,Positive,0.5569641
0,Negative,Positive,0.55556583
0,Negative,Positive,0.5554327
0,Negative,Positive,0.5555313
0,Negative,Positive,0.5553615
0,Negative,Positive,0.55547804
0,Negative,Positive,0.5545398
0,Negative,Positive,0.5553848
0,Negative,Positive,0.55072206
0,Negative,Positive,0.5555525
0,Negative,Positive,0.5474388
0,Negative,Positive,0.55538565
0,Negative,Positive,0.5555004
0,Negative,Positive,0.5551857
0,Negative,Positive,0.55646056
0,Negative,Positive,0.55533755
0,Negative,Positive,0.55459535
0,Negative,Positive,0.5552776
0,Negative,Positive,0.55639327
0,Negative,Positive,0.55549634
0,Negative,Positive,0.55555725
0,Negative,Positive,0.5591892
0,Negative,Positive,0.55253834
0,Negative,Positive,0.5554442
0,Negative,Positive,0.55514
0,Negative,Positive,0.7633555
0,Negative,Positive,0.5558666
0,Negative,Positive,0.55530906
0,Negative,Positive,0.55698943
0,Negative,Positive,0.55545735
0,Negative,Positive,0.989426
0,Negative,Positive,0.5587053
1,Positive,Negative,0.45661792
0,Negative,Positive,0.55518234
0,Negative,Positive,0.555142
0,Negative,Positive,0.5556702
1,Positive,Negative,0.06057087
0,Negative,Positive,0.5554574
0,Negative,Positive,0.53844464
0,Negative,Positive,0.5499229
0,Negative,Positive,0.5546266
1,Positive,Negative,0.16799547
0,Negative,Positive,0.55551225
0,Negative,Positive,0.55532926
0,Negative,Positive,0.55539507
0,Negative,Positive,0.5536051
0,Negative,Positive,0.5539773
0,Negative,Positive,0.81234455
0,Negative,Positive,0.5557789
0,Negative,Positive,0.5552702
0,Negative,Positive,0.5606231
0,Negative,Positive,0.5455053
0,Negative,Positive,0.5543127
0,Negative,Positive,0.5554965
0,Negative,Positive,0.55558634
0,Negative,Positive,0.6369383
0,Negative,Positive,0.5554148
0,Negative,Positive,0.55559415
0,Negative,Positive,0.99768335
0,Negative,Positive,0.55550927
0,Negative,Positive,0.55547714
0,Negative,Positive,0.55504364
0,Negative,Positive,0.5552622
0,Negative,Positive,0.5554442
0,Negative,Positive,0.5473493
1,Positive,Negative,0.44880286
0,Negative,Positive,0.55532247
0,Negative,Positive,0.5554502
0,Negative,Positive,0.55536443
0,Negative,Positive,0.70574313
0,Negative,Positive,0.5257788
0,Negative,Positive,0.53422254
0,Negative,Positive,0.5552788
0,Negative,Positive,0.5046581
0,Negative,Positive,0.5554675
0,Negative,Positive,0.9990399
1,Positive,Negative,0.0096999025
0,Negative,Positive,0.99798185
0,Negative,Positive,0.55553
0,Negative,Positive,0.5615354
0,Negative,Positive,0.55574197
0,Negative,Positive,0.5431111
0,Negative,Positive,0.5553063
0,Negative,Positive,0.55442053
0,Negative,Positive,0.5657486
0,Negative,Positive,0.57285714
0,Negative,Positive,0.57376915
0,Negative,Positive,0.55590755
0,Negative,Positive,0.55554277
0,Negative,Positive,0.55594575
0,Negative,Positive,0.55528
0,Negative,Positive,0.5561446
0,Negative,Positive,0.55621284
0,Negative,Positive,0.55408543
1,Positive,Negative,0.09190196
0,Negative,Positive,0.5554141
0,Negative,Positive,0.55383694
0,Negative,Positive,0.555427
0,Negative,Positive,0.5561655
0,Negative,Positive,0.5554185
0,Negative,Positive,0.555281
0,Negative,Positive,0.55577934
0,Negative,Positive,0.5554756
0,Negative,Positive,0.555429
0,Negative,Positive,0.973955
0,Negative,Positive,0.5554929
0,Negative,Positive,0.55512726
0,Negative,Positive,0.55538213
0,Negative,Positive,0.5570728
0,Negative,Positive,0.5563188
0,Negative,Positive,0.55221915
0,Negative,Positive,0.5554448
0,Negative,Positive,0.55540764
0,Negative,Positive,0.55588555
0,Negative,Positive,0.55497444
0,Negative,Positive,0.5553022
0,Negative,Positive,0.55583256
0,Negative,Positive,0.5551254
0,Negative,Positive,0.5554543
0,Negative,Positive,0.5554199
0,Negative,Positive,0.6150671
1,Positive,Negative,0.04236142
0,Negative,Positive,0.5554561
0,Negative,Positive,0.55567306
0,Negative,Positive,0.5552584
0,Negative,Positive,0.5533386
0,Negative,Positive,0.5567488
0,Negative,Positive,0.55611795
0,Negative,Positive,0.5542288
0,Negative,Positive,0.5552887
0,Negative,Positive,0.55739474
1,Positive,Negative,0.28598797
0,Negative,Positive,0.5553467
0,Negative,Positive,0.55529696
0,Negative,Positive,0.55650294
0,Negative,Positive,0.55552244
0,Negative,Positive,0.9907642
0,Negative,Positive,0.5554408
0,Negative,Positive,0.8957975
0,Negative,Positive,0.9988482
0,Negative,Positive,0.63562447
0,Negative,Positive,0.555222
0,Negative,Positive,0.96482676
0,Negative,Positive,0.9279626
0,Negative,Positive,0.5550442
0,Negative,Positive,0.55326635
0,Negative,Positive,0.5553845
0,Negative,Positive,0.555346
0,Negative,Positive,0.5555573
0,Negative,Positive,0.5555603
0,Negative,Positive,0.5554235
0,Negative,Positive,0.55035734
0,Negative,Positive,0.5554193
0,Negative,Positive,0.55621195
0,Negative,Positive,0.5629127
0,Negative,Positive,0.5555848
0,Negative,Positive,0.5570868
0,Negative,Positive,0.55538327
0,Negative,Positive,0.55541193
0,Negative,Positive,0.54736906
0,Negative,Positive,0.55580705
0,Negative,Positive,0.5553904
0,Negative,Positive,0.5555689
1,Positive,Negative,0.47078463
0,Negative,Positive,0.5553563
0,Negative,Positive,0.55538005
0,Negative,Positive,0.5550612
0,Negative,Positive,0.5553917
0,Negative,Positive,0.55655265
0,Negative,Positive,0.5551237
0,Negative,Positive,0.57627654
0,Negative,Positive,0.55580086
0,Negative,Positive,0.9960811
0,Negative,Positive,0.5554173
0,Negative,Positive,0.55542636
0,Negative,Positive,0.555375
0,Negative,Positive,0.5552749
0,Negative,Positive,0.5579383
0,Negative,Positive,0.5548462
0,Negative,Positive,0.55512303
0,Negative,Positive,0.5554214
0,Negative,Positive,0.5554136
0,Negative,Positive,0.5551778
0,Negative,Positive,0.55531394
0,Negative,Positive,0.5267937
0,Negative,Positive,0.5554277
0,Negative,Positive,0.57528853
0,Negative,Positive,0.5524387
0,Negative,Positive,0.5563669
0,Negative,Positive,0.5554271
0,Negative,Positive,0.7036328
0,Negative,Positive,0.55856204
0,Negative,Positive,0.5554406
0,Negative,Positive,0.5577092
0,Negative,Positive,0.5559964
0,Negative,Positive,0.5572211
0,Negative,Positive,0.5554099
0,Negative,Positive,0.5556593
1,Positive,Negative,0.21496776
0,Negative,Positive,0.98145247
0,Negative,Positive,0.9539327
0,Negative,Positive,0.5554211
0,Negative,Positive,0.9242659
0,Negative,Positive,0.5557871
0,Negative,Positive,0.55538666
0,Negative,Positive,0.555312
0,Negative,Positive,0.5559431
0,Negative,Positive,0.55737025
0,Negative,Positive,0.5554111
0,Negative,Positive,0.5560395
0,Negative,Positive,0.56283015
0,Negative,Positive,0.55540514
0,Negative,Positive,0.5556165
0,Negative,Positive,0.5551871
0,Negative,Positive,0.55540544
1,Positive,Negative,0.07515685
0,Negative,Positive,0.99909496
0,Negative,Positive,0.5737903
0,Negative,Positive,0.55509794
0,Negative,Positive,0.74687093
0,Negative,Positive,0.5583938
0,Negative,Positive,0.55556446
0,Negative,Positive,0.5555156
1,Positive,Negative,0.16626008
0,Negative,Positive,0.55565673
0,Negative,Positive,0.5553919
0,Negative,Positive,0.5554687
0,Negative,Positive,0.58566654
0,Negative,Positive,0.55509853
0,Negative,Positive,0.5553243
0,Negative,Positive,0.5555145
0,Negative,Positive,0.55326724
0,Negative,Positive,0.5696037
0,Negative,Positive,0.55561215
0,Negative,Positive,0.5565138
0,Negative,Positive,0.9275809
0,Negative,Positive,0.55698234
0,Negative,Positive,0.555945
0,Negative,Positive,0.5561297
0,Negative,Positive,0.5077139
0,Negative,Positive,0.55552334
1,Positive,Negative,0.0016982447
0,Negative,Positive,0.5556369
1,Positive,Negative,0.20223287
0,Negative,Positive,0.5555742
0,Negative,Positive,0.55529284
1,Positive,Negative,0.07939271
0,Negative,Positive,0.5552096
0,Negative,Positive,0.5556314
0,Negative,Positive,0.555341
0,Negative,Positive,0.5571973
0,Negative,Positive,0.55428123
0,Negative,Positive,0.55240417
1,Positive,Negative,0.04161086
0,Negative,Positive,0.5445251
0,Negative,Positive,0.55580837
0,Negative,Positive,0.5555019
0,Negative,Positive,0.56340307
0,Negative,Positive,0.58846706
0,Negative,Positive,0.5801595
0,Negative,Positive,0.5573103
0,Negative,Positive,0.55890113
0,Negative,Positive,0.5553963
1,Positive,Negative,0.0021325124
0,Negative,Positive,0.55563337
0,Negative,Positive,0.5541472
0,Negative,Positive,0.55593383
0,Negative,Positive,0.5548198
0,Negative,Positive,0.55520445
0,Negative,Positive,0.5552106
0,Negative,Positive,0.55541825
0,Negative,Positive,0.5554431
1,Positive,Negative,0.0017123164
0,Negative,Positive,0.9778294
1,Positive,Negative,0.0004678658
0,Negative,Positive,0.55474436
0,Negative,Positive,0.5564743
0,Negative,Positive,0.5554431
0,Negative,Positive,0.55483955
1,Positive,Negative,0.0025426615
0,Negative,Positive,0.5555236
0,Negative,Positive,0.5349711
0,Negative,Positive,0.5554488
0,Negative,Positive,0.55541617
0,Negative,Positive,0.5647413
0,Negative,Positive,0.55565166
0,Negative,Positive,0.5692464
0,Negative,Positive,0.5553953
0,Negative,Positive,0.5557327
0,Negative,Positive,0.5557209
0,Negative,Positive,0.5553033
0,Negative,Positive,0.6928596
0,Negative,Positive,0.56946665
0,Negative,Positive,0.5523339
0,Negative,Positive,0.99987465
0,Negative,Positive,0.54804254
0,Negative,Positive,0.55542725
0,Negative,Positive,0.5560509
0,Negative,Positive,0.5537733
0,Negative,Positive,0.55532867
0,Negative,Positive,0.555108
0,Negative,Positive,0.55524987
0,Negative,Positive,0.55541164
0,Negative,Positive,0.5552161
0,Negative,Positive,0.5554889
0,Negative,Positive,0.5553959
0,Negative,Positive,0.5453094
0,Negative,Positive,0.57250684
0,Negative,Positive,0.55502385
1,Positive,Negative,0.045003142
0,Negative,Positive,0.51810634
0,Negative,Positive,0.5555031
0,Negative,Positive,0.5552219
0,Negative,Positive,0.5475003
0,Negative,Positive,0.5555463
0,Negative,Positive,0.5554039
0,Negative,Positive,0.5594589
0,Negative,Positive,0.55644137
0,Negative,Positive,0.591389
0,Negative,Positive,0.5550792
0,Negative,Positive,0.55552095
1,Positive,Negative,0.0027845937
0,Negative,Positive,0.55607
0,Negative,Positive,0.9631311
0,Negative,Positive,0.553926
0,Negative,Positive,0.5553805
0,Negative,Positive,0.55535746
0,Negative,Positive,0.5587247
1,Positive,Negative,0.11790319
0,Negative,Positive,0.5945057
0,Negative,Positive,0.5554091
0,Negative,Positive,0.5552751
0,Negative,Positive,0.5550763
0,Negative,Positive,0.9949658
0,Negative,Positive,0.63966966
0,Negative,Positive,0.55532765
0,Negative,Positive,0.5553853
0,Negative,Positive,0.5418723
0,Negative,Positive,0.55702853
0,Negative,Positive,0.55301595
0,Negative,Positive,0.552811
0,Negative,Positive,0.5580687
0,Negative,Positive,0.5559643
0,Negative,Positive,0.5557909
0,Negative,Positive,0.5550842
0,Negative,Positive,0.998718
0,Negative,Positive,0.55573505
0,Negative,Positive,0.5554186
0,Negative,Positive,0.55639297
0,Negative,Positive,0.55552214
0,Negative,Positive,0.55577445
0,Negative,Positive,0.5554217
0,Negative,Positive,0.5549791
1,Positive,Negative,0.41097596
0,Negative,Positive,0.5555098
0,Negative,Positive,0.5560706
0,Negative,Positive,0.55525374
0,Negative,Positive,0.55532086
0,Negative,Positive,0.556084
0,Negative,Positive,0.55566543
0,Negative,Positive,0.5553724
0,Negative,Positive,0.55529493
1,Positive,Negative,0.36187515
0,Negative,Positive,0.5552475
1,Positive,Negative,0.057955123
0,Negative,Positive,0.53963184
0,Negative,Positive,0.55526674
0,Negative,Positive,0.5128838
1,Positive,Negative,0.4786782
0,Negative,Positive,0.5554426
0,Negative,Positive,0.5541787
1,Positive,Negative,0.25173873
1,Positive,Negative,0.100987345
0,Negative,Positive,0.87122196
0,Negative,Positive,0.5555749
0,Negative,Positive,0.5560218
0,Negative,Positive,0.55549926
0,Negative,Positive,0.5554134
0,Negative,Positive,0.55512166
0,Negative,Positive,0.55522484
0,Negative,Positive,0.5543803
1,Positive,Negative,0.46290046
0,Negative,Positive,0.5554047
0,Negative,Positive,0.5551925
0,Negative,Positive,0.9980965
0,Negative,Positive,0.5553215
0,Negative,Positive,0.5552577
0,Negative,Positive,0.5506459
0,Negative,Positive,0.5552455
0,Negative,Positive,0.99938285
0,Negative,Positive,0.55526733
0,Negative,Positive,0.9997599
0,Negative,Positive,0.5556445
0,Negative,Positive,0.55539817
0,Negative,Positive,0.55529046
0,Negative,Positive,0.5537299
0,Negative,Positive,0.55526733
0,Negative,Positive,0.55534375
0,Negative,Positive,0.5554475
0,Negative,Positive,0.6296346
0,Negative,Positive,0.55050516
0,Negative,Positive,0.5472714
0,Negative,Positive,0.55349547
0,Negative,Positive,0.55516785
0,Negative,Positive,0.5551295
0,Negative,Positive,0.5554809
0,Negative,Positive,0.5620692
0,Negative,Positive,0.5795173
0,Negative,Positive,0.5553201
0,Negative,Positive,0.55540544
0,Negative,Positive,0.55784345
0,Negative,Positive,0.5554266
0,Negative,Positive,0.55540365
0,Negative,Positive,0.51853824
0,Negative,Positive,0.555409
0,Negative,Positive,0.55529463
0,Negative,Positive,0.55467165
0,Negative,Positive,0.555381
0,Negative,Positive,0.9998917
0,Negative,Positive,0.55535966
1,Positive,Negative,0.42647898
0,Negative,Positive,0.5554277
0,Negative,Positive,0.55551594
0,Negative,Positive,0.55772996
0,Negative,Positive,0.9484461
0,Negative,Positive,0.5554738
0,Negative,Positive,0.5870218
0,Negative,Positive,0.55526876
0,Negative,Positive,0.5554974
0,Negative,Positive,0.5554224
0,Negative,Positive,0.54703885
0,Negative,Positive,0.55520195
0,Negative,Positive,0.9604047
0,Negative,Positive,0.5553353
0,Negative,Positive,0.55558443
0,Negative,Positive,0.5554702
0,Negative,Positive,0.55829054
0,Negative,Positive,0.55538946
0,Negative,Positive,0.55571747
0,Negative,Positive,0.5554296
0,Negative,Positive,0.554984
0,Negative,Positive,0.55538523
0,Negative,Positive,0.5553706
0,Negative,Positive,0.5551376
1,Positive,Negative,0.3520947
0,Negative,Positive,0.5732433
0,Negative,Positive,0.5555333
0,Negative,Positive,0.5550646
0,Negative,Positive,0.555364
0,Negative,Positive,0.5555976
0,Negative,Positive,0.555945
0,Negative,Positive,0.5554668
0,Negative,Positive,0.5553433
0,Negative,Positive,0.5728426
0,Negative,Positive,0.5559014
0,Negative,Positive,0.55456245
0,Negative,Positive,0.5580576
0,Negative,Positive,0.64040476
0,Negative,Positive,0.5555867
1,Positive,Negative,0.33428192
0,Negative,Positive,0.84227586
0,Negative,Positive,0.55507565
0,Negative,Positive,0.5547669
0,Negative,Positive,0.5554426
0,Negative,Positive,0.5553351
0,Negative,Positive,0.5533888
0,Negative,Positive,0.55537635
0,Negative,Positive,0.55563843
0,Negative,Positive,0.5551914
0,Negative,Positive,0.55531937
0,Negative,Positive,0.55542386
0,Negative,Positive,0.5554066
0,Negative,Positive,0.5554705
0,Negative,Positive,0.5554197
0,Negative,Positive,0.5950163
0,Negative,Positive,0.5554506
0,Negative,Positive,0.9987733
0,Negative,Positive,0.5553673
0,Negative,Positive,0.5553523
0,Negative,Positive,0.95281833
1,Positive,Negative,0.12804008
1,Positive,Negative,0.027421147
0,Negative,Positive,0.5551697
0,Negative,Positive,0.5552823
0,Negative,Positive,0.55540264
0,Negative,Positive,0.55231327
0,Negative,Positive,0.5353637
0,Negative,Positive,0.8693712
0,Negative,Positive,0.5554344
0,Negative,Positive,0.555619
0,Negative,Positive,0.5554141
0,Negative,Positive,0.5553365
0,Negative,Positive,0.555399
0,Negative,Positive,0.5589063
0,Negative,Positive,0.5552353
0,Negative,Positive,0.55446607
0,Negative,Positive,0.55497575
0,Negative,Positive,0.55551404
0,Negative,Positive,0.6524986
0,Negative,Positive,0.55524635
0,Negative,Positive,0.5549722
0,Negative,Positive,0.5461512
0,Negative,Positive,0.5503762
0,Negative,Positive,0.5434912
0,Negative,Positive,0.55547714
0,Negative,Positive,0.55544525
0,Negative,Positive,0.5540052
1,Positive,Negative,0.29746866
0,Negative,Positive,0.55541635
1,Positive,Negative,0.44811764
0,Negative,Positive,0.55540293
0,Negative,Positive,0.55540264
0,Negative,Positive,0.5610069
0,Negative,Positive,0.55533415
0,Negative,Positive,0.55532885
0,Negative,Positive,0.55520624
1,Positive,Negative,0.35850134
0,Negative,Positive,0.55576915
0,Negative,Positive,0.55541337
0,Negative,Positive,0.5451684
0,Negative,Positive,0.55548763
0,Negative,Positive,0.54520446
0,Negative,Positive,0.55544275
0,Negative,Positive,0.5555546
0,Negative,Positive,0.55586517
0,Negative,Positive,0.55544746
0,Negative,Positive,0.5450344
0,Negative,Positive,0.55540407
0,Negative,Positive,0.555351
1,Positive,Negative,0.45333868
0,Negative,Positive,0.55644333
0,Negative,Positive,0.5556233
0,Negative,Positive,0.55549014
0,Negative,Positive,0.5554023
0,Negative,Positive,0.55537486
0,Negative,Positive,0.5702078
0,Negative,Positive,0.578119
0,Negative,Positive,0.5614376
0,Negative,Positive,0.54737604
0,Negative,Positive,0.9991062
0,Negative,Positive,0.5554269
0,Negative,Positive,0.55540156
0,Negative,Positive,0.554923
1,Positive,Negative,0.0011273097
0,Negative,Positive,0.5551073
0,Negative,Positive,0.555145
0,Negative,Positive,0.55542064
0,Negative,Positive,0.5550259
0,Negative,Positive,0.5553825
0,Negative,Positive,0.5553178
0,Negative,Positive,0.5555543
0,Negative,Positive,0.9977194
1,Positive,Negative,0.3249196
0,Negative,Positive,0.55560035
0,Negative,Positive,0.5562547
0,Negative,Positive,0.5554369
0,Negative,Positive,0.5557276
0,Negative,Positive,0.5540044
0,Negative,Positive,0.56041014
0,Negative,Positive,0.55568504
0,Negative,Positive,0.75863284
0,Negative,Positive,0.5554321
0,Negative,Positive,0.5555273
0,Negative,Positive,0.5553784
0,Negative,Positive,0.5496196
0,Negative,Positive,0.5484563
0,Negative,Positive,0.55553806
0,Negative,Positive,0.55543756
1,Positive,Negative,0.04334873
0,Negative,Positive,0.5573039
0,Negative,Positive,0.55539757
0,Negative,Positive,0.555637
0,Negative,Positive,0.5555151
0,Negative,Positive,0.5555862
0,Negative,Positive,0.5553068
0,Negative,Positive,0.5642061
0,Negative,Positive,0.5553094
0,Negative,Positive,0.5553862
0,Negative,Positive,0.5555475
0,Negative,Positive,0.551437
0,Negative,Positive,0.5374334
0,Negative,Positive,0.9586927
0,Negative,Positive,0.55534065
0,Negative,Positive,0.55585164
0,Negative,Positive,0.5554003
0,Negative,Positive,0.55586433
0,Negative,Positive,0.55582637
0,Negative,Positive,0.55540204
0,Negative,Positive,0.5586311
0,Negative,Positive,0.5552478
1,Positive,Negative,0.0004014742
0,Negative,Positive,0.5553048
0,Negative,Positive,0.530483
0,Negative,Positive,0.5558453
0,Negative,Positive,0.55564684
0,Negative,Positive,0.55623525
0,Negative,Positive,0.55258894
0,Negative,Positive,0.5554203
0,Negative,Positive,0.55506057
0,Negative,Positive,0.56733805
0,Negative,Positive,0.5448558
0,Negative,Positive,0.5557628
1,Positive,Negative,0.098777324
0,Negative,Positive,0.55538845
0,Negative,Positive,0.5552912
0,Negative,Positive,0.6915349
0,Negative,Positive,0.55534357
0,Negative,Positive,0.59136796
1,Positive,Negative,0.11332122
0,Negative,Positive,0.54436344
0,Negative,Positive,0.5553158
0,Negative,Positive,0.5552907
0,Negative,Positive,0.55530375
0,Negative,Positive,0.5552125
0,Negative,Positive,0.99940944
0,Negative,Positive,0.55539054
0,Negative,Positive,0.5554066
0,Negative,Positive,0.5554019
0,Negative,Positive,0.55557334
0,Negative,Positive,0.5546772
0,Negative,Positive,0.55551106
0,Negative,Positive,0.55542743
0,Negative,Positive,0.5548631
0,Negative,Positive,0.5554536
1,Positive,Negative,0.46118978
0,Negative,Positive,0.55536765
0,Negative,Positive,0.55593157
0,Negative,Positive,0.55454093
0,Negative,Positive,0.8102827
0,Negative,Positive,0.55541635
0,Negative,Positive,0.55616015
0,Negative,Positive,0.97411394
0,Negative,Positive,0.5550756
0,Negative,Positive,0.5553641
0,Negative,Positive,0.5553003
0,Negative,Positive,0.5460833
0,Negative,Positive,0.5554475
0,Negative,Positive,0.55542237
0,Negative,Positive,0.55537766
0,Negative,Positive,0.5555846
0,Negative,Positive,0.51313823
0,Negative,Positive,0.5554058
0,Negative,Positive,0.5552424
0,Negative,Positive,0.5553935
1,Positive,Negative,0.4943668
0,Negative,Positive,0.5554233
0,Negative,Positive,0.5554105
0,Negative,Positive,0.55544394
0,Negative,Positive,0.5271908
0,Negative,Positive,0.55549115
0,Negative,Positive,0.97422385
0,Negative,Positive,0.5552943
0,Negative,Positive,0.5552425
0,Negative,Positive,0.5554494
0,Negative,Positive,0.97880363
0,Negative,Positive,0.5572039
0,Negative,Positive,0.55759573
0,Negative,Positive,0.5553207
0,Negative,Positive,0.55618787
0,Negative,Positive,0.5559356
0,Negative,Positive,0.5554324
0,Negative,Positive,0.55556583
0,Negative,Positive,0.54370177
0,Negative,Positive,0.55542433
0,Negative,Positive,0.55551285
0,Negative,Positive,0.5553811
0,Negative,Positive,0.55516934
0,Negative,Positive,0.55267346
0,Negative,Positive,0.9967671
0,Negative,Positive,0.55515414
0,Negative,Positive,0.55586326
0,Negative,Positive,0.5822753
0,Negative,Positive,0.5565076
0,Negative,Positive,0.5555038
0,Negative,Positive,0.5488539
1,Positive,Negative,0.4338739
0,Negative,Positive,0.55532676
0,Negative,Positive,0.55533093
0,Negative,Positive,0.55494785
0,Negative,Positive,0.5554029
0,Negative,Positive,0.555387
0,Negative,Positive,0.95951813
0,Negative,Positive,0.5551005
0,Negative,Positive,0.5556313
0,Negative,Positive,0.5583297
0,Negative,Positive,0.55551225
0,Negative,Positive,0.9982083
0,Negative,Positive,0.55875224
0,Negative,Positive,0.554856
0,Negative,Positive,0.5579348
0,Negative,Positive,0.555445
0,Negative,Positive,0.55536765
0,Negative,Positive,0.5552242
0,Negative,Positive,0.54458034
0,Negative,Positive,0.55555826
0,Negative,Positive,0.5553628
0,Negative,Positive,0.55607814
0,Negative,Positive,0.5553802
0,Negative,Positive,0.5551638
0,Negative,Positive,0.5561903
0,Negative,Positive,0.55573255
0,Negative,Positive,0.5554528
1,Positive,Negative,0.09412975
0,Negative,Positive,0.60797095
1,Positive,Negative,0.025852833
0,Negative,Positive,0.5554442
0,Negative,Positive,0.55478257
0,Negative,Positive,0.5554004
0,Negative,Positive,0.555294
0,Negative,Positive,0.55544513
0,Negative,Positive,0.55556643
0,Negative,Positive,0.5557222
0,Negative,Positive,0.9269453
0,Negative,Positive,0.5581822
0,Negative,Positive,0.5548581
0,Negative,Positive,0.555317
0,Negative,Positive,0.55530065
0,Negative,Positive,0.55650175
0,Negative,Positive,0.55527985
0,Negative,Positive,0.5617355
0,Negative,Positive,0.55533206
0,Negative,Positive,0.55423635
0,Negative,Positive,0.5549463
0,Negative,Positive,0.5553048
0,Negative,Positive,0.5905834
1,Positive,Negative,0.49097452
0,Negative,Positive,0.55563855
0,Negative,Positive,0.5558032
0,Negative,Positive,0.5554106
0,Negative,Positive,0.5554399
0,Negative,Positive,0.5555932
0,Negative,Positive,0.55539125
0,Negative,Positive,0.55547965
0,Negative,Positive,0.72375566
0,Negative,Positive,0.5573619
1,Positive,Negative,0.012320591
0,Negative,Positive,0.55490863
0,Negative,Positive,0.55542445
1,Positive,Negative,0.008634114
0,Negative,Positive,0.55536515
0,Negative,Positive,0.549494
0,Negative,Positive,0.55537844
1,Positive,Negative,0.17927937
0,Negative,Positive,0.5555533
0,Negative,Positive,0.5553441
0,Negative,Positive,0.5594115
0,Negative,Positive,0.5570167
1,Positive,Negative,0.13384132
0,Negative,Positive,0.5553579
0,Negative,Positive,0.55534256
0,Negative,Positive,0.8911297
0,Negative,Positive,0.5552352
0,Negative,Positive,0.55689245
0,Negative,Positive,0.5543867
0,Negative,Positive,0.55532956
0,Negative,Positive,0.5556739
0,Negative,Positive,0.5541645
0,Negative,Positive,0.55538666
0,Negative,Positive,0.5554214
1,Positive,Negative,0.12649335
0,Negative,Positive,0.5622408
0,Negative,Positive,0.5154784
0,Negative,Positive,0.9959726
0,Negative,Positive,0.5551669
0,Negative,Positive,0.5552205
0,Negative,Positive,0.55557114
0,Negative,Positive,0.55559367
0,Negative,Positive,0.9078887
0,Negative,Positive,0.6478019
0,Negative,Positive,0.55531496
0,Negative,Positive,0.63393104
0,Negative,Positive,0.5553024
0,Negative,Positive,0.5545954
0,Negative,Positive,0.5552502
1,Positive,Negative,0.0019113119
0,Negative,Positive,0.5593869
0,Negative,Positive,0.5409169
0,Negative,Positive,0.5553042
0,Negative,Positive,0.5577209
0,Negative,Positive,0.5565414
0,Negative,Positive,0.55541605
0,Negative,Positive,0.56116015
0,Negative,Positive,0.5554439
0,Negative,Positive,0.54979265
0,Negative,Positive,0.99998206
0,Negative,Positive,0.55532473
0,Negative,Positive,0.55579555
1,Positive,Negative,0.4024684
0,Negative,Positive,0.555514
0,Negative,Positive,0.55543905
0,Negative,Positive,0.5560782
1,Positive,Negative,0.496479
0,Negative,Positive,0.555825
0,Negative,Positive,0.5556641
0,Negative,Positive,0.55587226
0,Negative,Positive,0.55544335
1,Positive,Negative,0.0032575687
0,Negative,Positive,0.5554913
0,Negative,Positive,0.5663621
0,Negative,Positive,0.5554473
0,Negative,Positive,0.9264596
0,Negative,Positive,0.55532837
0,Negative,Positive,0.7724043
0,Negative,Positive,0.5555208
0,Negative,Positive,0.6571174
0,Negative,Positive,0.982885
0,Negative,Positive,0.555412
0,Negative,Positive,0.98872834
0,Negative,Positive,0.5554232
0,Negative,Positive,0.5554867
0,Negative,Positive,0.5542279
0,Negative,Positive,0.54934967
0,Negative,Positive,0.5554022
0,Negative,Positive,0.5540196
0,Negative,Positive,0.8605235
0,Negative,Positive,0.7894965
0,Negative,Positive,0.5554369
0,Negative,Positive,0.5563452
0,Negative,Positive,0.55378944
0,Negative,Positive,0.9976955
0,Negative,Positive,0.554761
0,Negative,Positive,0.65131783
0,Negative,Positive,0.99891144
0,Negative,Positive,0.56997406
0,Negative,Positive,0.56818485
0,Negative,Positive,0.5546293
0,Negative,Positive,0.57534814
0,Negative,Positive,0.5555768
0,Negative,Positive,0.55547667
0,Negative,Positive,0.5554662
0,Negative,Positive,0.56185085
0,Negative,Positive,0.555265
0,Negative,Positive,0.5553623
0,Negative,Positive,0.50836396
0,Negative,Positive,0.6675028
0,Negative,Positive,0.5552431
0,Negative,Positive,0.5551824
0,Negative,Positive,0.55489224
1,Positive,Negative,0.23417692
0,Negative,Positive,0.5555443
1,Positive,Negative,0.004701965
0,Negative,Positive,0.54717857
0,Negative,Positive,0.55539685
0,Negative,Positive,0.55530715
0,Negative,Positive,0.569926
0,Negative,Positive,0.55536693
0,Negative,Positive,0.55557865
0,Negative,Positive,0.5533934
0,Negative,Positive,0.55541253
0,Negative,Positive,0.555221
0,Negative,Positive,0.55543596
0,Negative,Positive,0.55544215
0,Negative,Positive,0.55572057
0,Negative,Positive,0.55571973
0,Negative,Positive,0.5553682
0,Negative,Positive,0.9991028
0,Negative,Positive,0.5469541
0,Negative,Positive,0.55897856
0,Negative,Positive,0.5556746
0,Negative,Positive,0.5547523
0,Negative,Positive,0.55541617
0,Negative,Positive,0.5512594
0,Negative,Positive,0.5557183
0,Negative,Positive,0.55502206
0,Negative,Positive,0.55542254
0,Negative,Positive,0.555231
0,Negative,Positive,0.5507932
0,Negative,Positive,0.5437355
0,Negative,Positive,0.7364821
0,Negative,Positive,0.55555195
0,Negative,Positive,0.5551277
0,Negative,Positive,0.55522156
0,Negative,Positive,0.55739987
1,Positive,Negative,0.00059255946
0,Negative,Positive,0.55530316
0,Negative,Positive,0.5549075
0,Negative,Positive,0.5554356
0,Negative,Positive,0.5549446
0,Negative,Positive,0.55493176
1,Positive,Negative,0.21244559
0,Negative,Positive,0.6991887
0,Negative,Positive,0.5553996
0,Negative,Positive,0.55539596
0,Negative,Positive,0.58163553
0,Negative,Positive,0.55535364
0,Negative,Positive,0.5553473
0,Negative,Positive,0.55538857
0,Negative,Positive,0.5554454
0,Negative,Positive,0.67660224
0,Negative,Positive,0.5550683
0,Negative,Positive,0.59105146
0,Negative,Positive,0.5554261
0,Negative,Positive,0.5553266
0,Negative,Positive,0.55486345
0,Negative,Positive,0.5554657
0,Negative,Positive,0.5554238
0,Negative,Positive,0.5555179
0,Negative,Positive,0.55509144
0,Negative,Positive,0.5578108
0,Negative,Positive,0.55523765
0,Negative,Positive,0.55543673
0,Negative,Positive,0.55542636
0,Negative,Positive,0.5554621
0,Negative,Positive,0.5555719
0,Negative,Positive,0.5545152
0,Negative,Positive,0.5550466
0,Negative,Positive,0.56042564
0,Negative,Positive,0.5556177
0,Negative,Positive,0.5553718
0,Negative,Positive,0.9973897
0,Negative,Positive,0.56386495
0,Negative,Positive,0.5551617
0,Negative,Positive,0.5541684
0,Negative,Positive,0.55537385
0,Negative,Positive,0.5533615
0,Negative,Positive,0.55556285
0,Negative,Positive,0.55126595
0,Negative,Positive,0.5554134
0,Negative,Positive,0.55599976
0,Negative,Positive,0.83527327
0,Negative,Positive,0.5550545
0,Negative,Positive,0.555351
0,Negative,Positive,0.55517334
0,Negative,Positive,0.9669756
0,Negative,Positive,0.5551305
0,Negative,Positive,0.55538255
0,Negative,Positive,0.5339144
0,Negative,Positive,0.5554624
0,Negative,Positive,0.55571645
0,Negative,Positive,0.5542459
0,Negative,Positive,0.7886918
0,Negative,Positive,0.5555981
0,Negative,Positive,0.5553865
0,Negative,Positive,0.55570525
0,Negative,Positive,0.55541635
0,Negative,Positive,0.55544144
0,Negative,Positive,0.55746675
0,Negative,Positive,0.9752227
0,Negative,Positive,0.9590128
1,Positive,Negative,0.080168694
0,Negative,Positive,0.555479
0,Negative,Positive,0.5688966
0,Negative,Positive,0.5523828
1,Positive,Negative,0.0007006442
0,Negative,Positive,0.5560142
0,Negative,Positive,0.6555269
0,Negative,Positive,0.5553304
0,Negative,Positive,0.55537206
0,Negative,Positive,0.55360377
0,Negative,Positive,0.55537987
0,Negative,Positive,0.55539644
0,Negative,Positive,0.55548346
0,Negative,Positive,0.8750446
0,Negative,Positive,0.55531096
0,Negative,Positive,0.5534891
0,Negative,Positive,0.5547819
0,Negative,Positive,0.5649016
0,Negative,Positive,0.55530715
0,Negative,Positive,0.55586535
0,Negative,Positive,0.5554004
0,Negative,Positive,0.5554424
0,Negative,Positive,0.55508024
0,Negative,Positive,0.555467
0,Negative,Positive,0.55539036
0,Negative,Positive,0.55621195
0,Negative,Positive,0.55558527
0,Negative,Positive,0.5500208
0,Negative,Positive,0.99745715
0,Negative,Positive,0.55566615
0,Negative,Positive,0.5555434
0,Negative,Positive,0.5555457
0,Negative,Positive,0.55535233
1,Positive,Negative,0.03677423
0,Negative,Positive,0.51785636
0,Negative,Positive,0.6464976
0,Negative,Positive,0.9997175
0,Negative,Positive,0.9999363
1,Positive,Negative,0.10227379
0,Negative,Positive,0.55587375
0,Negative,Positive,0.5556448
0,Negative,Positive,0.55533123
0,Negative,Positive,0.5517657
0,Negative,Positive,0.5569279
0,Negative,Positive,0.5554505
0,Negative,Positive,0.55588496
1,Positive,Negative,0.48247623
0,Negative,Positive,0.5554643
0,Negative,Positive,0.555549
0,Negative,Positive,0.55636644
0,Negative,Positive,0.55541146
0,Negative,Positive,0.5510137
0,Negative,Positive,0.5558266
0,Negative,Positive,0.5552093
0,Negative,Positive,0.61619914
0,Negative,Positive,0.55590385
0,Negative,Positive,0.55273694
0,Negative,Positive,0.5553235
0,Negative,Positive,0.9636148
0,Negative,Positive,0.55539656
0,Negative,Positive,0.555357
0,Negative,Positive,0.5537475
0,Negative,Positive,0.55512595
0,Negative,Positive,0.556645
0,Negative,Positive,0.55508965
0,Negative,Positive,0.5550281
0,Negative,Positive,0.55531234
0,Negative,Positive,0.5547845
0,Negative,Positive,0.96288586
0,Negative,Positive,0.55487394
0,Negative,Positive,0.55489683
0,Negative,Positive,0.5553816
0,Negative,Positive,0.5554725
1,Positive,Negative,0.0050304825
0,Negative,Positive,0.5552647
1,Positive,Negative,0.013870723
0,Negative,Positive,0.5554506
0,Negative,Positive,0.55528575
0,Negative,Positive,0.8894943
0,Negative,Positive,0.5553958
0,Negative,Positive,0.55607224
0,Negative,Positive,0.5550706
0,Negative,Positive,0.55560803
0,Negative,Positive,0.9872502
0,Negative,Positive,0.9997175
0,Negative,Positive,0.95045584
0,Negative,Positive,0.5544398
0,Negative,Positive,0.5554206
0,Negative,Positive,0.57655036
0,Negative,Positive,0.55546194
0,Negative,Positive,0.6885281
0,Negative,Positive,0.5560996
0,Negative,Positive,0.5552445
0,Negative,Positive,0.55490005
0,Negative,Positive,0.53724015
0,Negative,Positive,0.58892375
0,Negative,Positive,0.55537635
0,Negative,Positive,0.5553771
0,Negative,Positive,0.55342114
0,Negative,Positive,0.5544389
0,Negative,Positive,0.5538284
1,Positive,Negative,0.1588225
0,Negative,Positive,0.55591524
0,Negative,Positive,0.5552377
0,Negative,Positive,0.5552718
0,Negative,Positive,0.55483615
0,Negative,Positive,0.55529803
0,Negative,Positive,0.55538654
0,Negative,Positive,0.5554003
0,Negative,Positive,0.99913216
0,Negative,Positive,0.55548143
0,Negative,Positive,0.5555526
0,Negative,Positive,0.5554061
0,Negative,Positive,0.546872
0,Negative,Positive,0.55542845
0,Negative,Positive,0.5551474
0,Negative,Positive,0.538234
0,Negative,Positive,0.5553109
0,Negative,Positive,0.55501676
0,Negative,Positive,0.55482644
0,Negative,Positive,0.5583068
0,Negative,Positive,0.5333333
0,Negative,Positive,0.5558727
0,Negative,Positive,0.5559295
0,Negative,Positive,0.5554108
1,Positive,Negative,0.39512363
0,Negative,Positive,0.555253
0,Negative,Positive,0.5557141
0,Negative,Positive,0.55634475
0,Negative,Positive,0.5581593
0,Negative,Positive,0.5552111
0,Negative,Positive,0.98360604
0,Negative,Positive,0.5553011
0,Negative,Positive,0.55699515
0,Negative,Positive,0.5622801
0,Negative,Positive,0.55619717
0,Negative,Positive,0.55112296
0,Negative,Positive,0.55661017
1,Positive,Negative,0.20002876
0,Negative,Positive,0.5554372
0,Negative,Positive,0.5554984
0,Negative,Positive,0.53913426
0,Negative,Positive,0.5576182
0,Negative,Positive,0.53354263
1,Positive,Negative,0.030954707
0,Negative,Positive,0.5555507
0,Negative,Positive,0.5555785
0,Negative,Positive,0.5392917
0,Negative,Positive,0.55537194
1,Positive,Negative,0.017614352
0,Negative,Positive,0.58009577
0,Negative,Positive,0.55547893
0,Negative,Positive,0.55548406
0,Negative,Positive,0.9975821
1,Positive,Negative,0.0028927873
0,Negative,Positive,0.5556493
0,Negative,Positive,0.555497
0,Negative,Positive,0.5603504
0,Negative,Positive,0.81802213
0,Negative,Positive,0.5615801
1,Positive,Negative,0.46255744
0,Negative,Positive,0.5554674
0,Negative,Positive,0.55544597
0,Negative,Positive,0.5558472
0,Negative,Positive,0.5553937
1,Positive,Negative,0.04444931
0,Negative,Positive,0.93566436
0,Negative,Positive,0.5497438
0,Negative,Positive,0.55540025
0,Negative,Positive,0.5552375
0,Negative,Positive,0.5258832
0,Negative,Positive,0.5554655
0,Negative,Positive,0.55561024
0,Negative,Positive,0.55520433
0,Negative,Positive,0.5552338
0,Negative,Positive,0.5553999
0,Negative,Positive,0.5563836
0,Negative,Positive,0.5560782
0,Negative,Positive,0.5557514
0,Negative,Positive,0.9627368
0,Negative,Positive,0.55654913
0,Negative,Positive,0.55500257
0,Negative,Positive,0.553669
0,Negative,Positive,0.5553937
0,Negative,Positive,0.681924
0,Negative,Positive,0.55541396
0,Negative,Positive,0.5554016
0,Negative,Positive,0.5571963
1,Positive,Negative,0.06279684
0,Negative,Positive,0.55296516
0,Negative,Positive,0.5554726
0,Negative,Positive,0.5554531
0,Negative,Positive,0.5543872
0,Negative,Positive,0.5049354
0,Negative,Positive,0.55563235
0,Negative,Positive,0.5556974
1,Positive,Negative,0.3953974
0,Negative,Positive,0.55540967
0,Negative,Positive,0.55169636
0,Negative,Positive,0.55544263
0,Negative,Positive,0.55503243
0,Negative,Positive,0.5557939
0,Negative,Positive,0.5555573
0,Negative,Positive,0.98684525
0,Negative,Positive,0.5554023
0,Negative,Positive,0.55319154
0,Negative,Positive,0.5579739
0,Negative,Positive,0.5365674
0,Negative,Positive,0.5578325
0,Negative,Positive,0.55522865
0,Negative,Positive,0.55696005
0,Negative,Positive,0.5544583
0,Negative,Positive,0.55515414
0,Negative,Positive,0.5553716
0,Negative,Positive,0.65941864
0,Negative,Positive,0.98546904
0,Negative,Positive,0.55568194
0,Negative,Positive,0.55544156
1,Positive,Negative,0.49743646
0,Negative,Positive,0.5735197
0,Negative,Positive,0.567085
0,Negative,Positive,0.5553144
0,Negative,Positive,0.5554136
0,Negative,Positive,0.55526984
0,Negative,Positive,0.5554129
0,Negative,Positive,0.55557555
0,Negative,Positive,0.76407766
0,Negative,Positive,0.55711883
0,Negative,Positive,0.5553266
1,Positive,Negative,0.19694926
0,Negative,Positive,0.5554181
0,Negative,Positive,0.55568665
1,Positive,Negative,0.229883
0,Negative,Positive,0.54935616
1,Positive,Negative,0.021401798
1,Positive,Negative,0.3886039
0,Negative,Positive,0.5331823
0,Negative,Positive,0.7005417
0,Negative,Positive,0.5552603
0,Negative,Positive,0.55568856
1,Positive,Negative,0.48947585
0,Negative,Positive,0.55551285
1,Positive,Negative,0.022271466
0,Negative,Positive,0.5551712
0,Negative,Positive,0.55698305
0,Negative,Positive,0.95875204
0,Negative,Positive,0.51077414
0,Negative,Positive,0.5530797
1,Positive,Negative,0.4073643
0,Negative,Positive,0.5535649
0,Negative,Positive,0.55537874
0,Negative,Positive,0.55239904
0,Negative,Positive,0.5555394
0,Negative,Positive,0.5556207
0,Negative,Positive,0.5553227
0,Negative,Positive,0.92526495
0,Negative,Positive,0.55810547
0,Negative,Positive,0.55547786
0,Negative,Positive,0.55491436
0,Negative,Positive,0.57108563
0,Negative,Positive,0.55554336
0,Negative,Positive,0.5393055
0,Negative,Positive,0.5548428
0,Negative,Positive,0.5557928
0,Negative,Positive,0.5555393
0,Negative,Positive,0.65477854
0,Negative,Positive,0.5546809
0,Negative,Positive,0.55539733
0,Negative,Positive,0.5554061
0,Negative,Positive,0.77853876
0,Negative,Positive,0.5537132
0,Negative,Positive,0.5545566
0,Negative,Positive,0.556094
0,Negative,Positive,0.5555318
0,Negative,Positive,0.9719938
0,Negative,Positive,0.55524933
0,Negative,Positive,0.5553981
1,Positive,Negative,0.008744039
1,Positive,Negative,0.44673863
0,Negative,Positive,0.55344915
0,Negative,Positive,0.5543956
0,Negative,Positive,0.55548334
0,Negative,Positive,0.5552085
0,Negative,Positive,0.5554129
0,Negative,Positive,0.9918501
0,Negative,Positive,0.55544215
1,Positive,Negative,0.36190116
0,Negative,Positive,0.5554327
0,Negative,Positive,0.55548
0,Negative,Positive,0.555995
0,Negative,Positive,0.5553599
0,Negative,Positive,0.55531293
0,Negative,Positive,0.5553686
1,Positive,Negative,0.26727563
0,Negative,Positive,0.55664676
0,Negative,Positive,0.5493173
0,Negative,Positive,0.56628734
0,Negative,Positive,0.55472046
0,Negative,Positive,0.555248
0,Negative,Positive,0.5557437
0,Negative,Positive,0.9197058
0,Negative,Positive,0.6403968
0,Negative,Positive,0.5555257
0,Negative,Positive,0.55540437
0,Negative,Positive,0.5554143
1,Positive,Negative,0.38718536
0,Negative,Positive,0.545518
1,Positive,Negative,0.14138983
0,Negative,Positive,0.5556177
1,Positive,Negative,0.45146278
0,Negative,Positive,0.55586576
0,Negative,Positive,0.55542725
0,Negative,Positive,0.55599284
0,Negative,Positive,0.5321258
0,Negative,Positive,0.5554954
0,Negative,Positive,0.64608717
0,Negative,Positive,0.555454
0,Negative,Positive,0.55547476
0,Negative,Positive,0.5576019
0,Negative,Positive,0.55490935
0,Negative,Positive,0.5553122
0,Negative,Positive,0.55585
0,Negative,Positive,0.55536556
0,Negative,Positive,0.5554983
0,Negative,Positive,0.55560404
0,Negative,Positive,0.5554126
0,Negative,Positive,0.5561839
0,Negative,Positive,0.55551124
0,Negative,Positive,0.5545489
0,Negative,Positive,0.7450521
0,Negative,Positive,0.5554387
0,Negative,Positive,0.5554474
0,Negative,Positive,0.55538785
0,Negative,Positive,0.5552509
0,Negative,Positive,0.5554424
0,Negative,Positive,0.5554
0,Negative,Positive,0.55392677
0,Negative,Positive,0.5551455
1,Positive,Negative,0.012293585
0,Negative,Positive,0.5554821
0,Negative,Positive,0.9741177
1,Positive,Negative,0.13665436
0,Negative,Positive,0.55522513
0,Negative,Positive,0.5557958
0,Negative,Positive,0.6815574
0,Negative,Positive,0.55534583
0,Negative,Positive,0.555037
0,Negative,Positive,0.5598886
0,Negative,Positive,0.5554049
0,Negative,Positive,0.5619666
0,Negative,Positive,0.55548507
0,Negative,Positive,0.5553356
0,Negative,Positive,0.55536693
0,Negative,Positive,0.5484583
0,Negative,Positive,0.5553606
0,Negative,Positive,0.5553199
0,Negative,Positive,0.5552571
0,Negative,Positive,0.5559475
0,Negative,Positive,0.555537
0,Negative,Positive,0.5553906
0,Negative,Positive,0.53377914
1,Positive,Negative,0.0030007767
0,Negative,Positive,0.81617445
0,Negative,Positive,0.55534256
0,Negative,Positive,0.56482834
0,Negative,Positive,0.5553027
0,Negative,Positive,0.5556696
0,Negative,Positive,0.55316216
0,Negative,Positive,0.55525243
0,Negative,Positive,0.5530976
0,Negative,Positive,0.5556345
1,Positive,Negative,0.34618255
0,Negative,Positive,0.555428
0,Negative,Positive,0.55549383
0,Negative,Positive,0.5553207
0,Negative,Positive,0.55515987
0,Negative,Positive,0.5551421
0,Negative,Positive,0.55527824
0,Negative,Positive,0.55662143
0,Negative,Positive,0.55444854
0,Negative,Positive,0.5554136
0,Negative,Positive,0.5551531
1,Positive,Negative,0.0013660006
0,Negative,Positive,0.5568136
0,Negative,Positive,0.5573198
0,Negative,Positive,0.5553219
0,Negative,Positive,0.5554485
0,Negative,Positive,0.6121585
0,Negative,Positive,0.55531645
0,Negative,Positive,0.5491289
0,Negative,Positive,0.5545195
0,Negative,Positive,0.9959899
1,Positive,Negative,0.46716315
0,Negative,Positive,0.5485063
0,Negative,Positive,0.5550296
0,Negative,Positive,0.5553903
0,Negative,Positive,0.57892084
0,Negative,Positive,0.55525863
1,Positive,Negative,0.04287172
0,Negative,Positive,0.55517876
0,Negative,Positive,0.5554168
0,Negative,Positive,0.5627263
0,Negative,Positive,0.58001333
0,Negative,Positive,0.55111164
0,Negative,Positive,0.5554296
0,Negative,Positive,0.5553929
0,Negative,Positive,0.55604774
0,Negative,Positive,0.5554098
0,Negative,Positive,0.55537826
0,Negative,Positive,0.6028136
0,Negative,Positive,0.55543226
0,Negative,Positive,0.55538785
0,Negative,Positive,0.55573314
0,Negative,Positive,0.5553993
0,Negative,Positive,0.555267
0,Negative,Positive,0.5554105
0,Negative,Positive,0.55541795
1,Positive,Negative,0.007944539
0,Negative,Positive,0.67851025
0,Negative,Positive,0.55175215
0,Negative,Positive,0.55634636
0,Negative,Positive,0.5553962
0,Negative,Positive,0.553635
1,Positive,Negative,0.0028323391
0,Negative,Positive,0.5559446
0,Negative,Positive,0.9236009
0,Negative,Positive,0.97723556
0,Negative,Positive,0.99971896
1,Positive,Negative,0.1808097
0,Negative,Positive,0.5554141
0,Negative,Positive,0.5555029
0,Negative,Positive,0.5553785
0,Negative,Positive,0.5560376
0,Negative,Positive,0.55546415
0,Negative,Positive,0.5485682
0,Negative,Positive,0.6216477
0,Negative,Positive,0.5549124
0,Negative,Positive,0.5136876
0,Negative,Positive,0.55539167
1,Positive,Negative,0.21229759
0,Negative,Positive,0.55530065
0,Negative,Positive,0.555368
1,Positive,Negative,0.41086003
0,Negative,Positive,0.5553985
0,Negative,Positive,0.55546796
0,Negative,Positive,0.54862183
0,Negative,Positive,0.55475867
0,Negative,Positive,0.7179295
1,Positive,Negative,0.17207798
0,Negative,Positive,0.5557324
0,Negative,Positive,0.55541015
0,Negative,Positive,0.55532753
0,Negative,Positive,0.5554368
0,Negative,Positive,0.61896414
0,Negative,Positive,0.5273988
0,Negative,Positive,0.5973674
0,Negative,Positive,0.5550417
0,Negative,Positive,0.5442439
0,Negative,Positive,0.5939592
0,Negative,Positive,0.5554217
0,Negative,Positive,0.5545045
0,Negative,Positive,0.5549387
0,Negative,Positive,0.75132316
0,Negative,Positive,0.5454415
0,Negative,Positive,0.5749665
0,Negative,Positive,0.55557096
0,Negative,Positive,0.5554287
0,Negative,Positive,0.5578683
0,Negative,Positive,0.55529463
0,Negative,Positive,0.55536836
1,Positive,Negative,0.4927527
0,Negative,Positive,0.55642354
0,Negative,Positive,0.5544064
0,Negative,Positive,0.5553689
1,Positive,Negative,0.033546306
0,Negative,Positive,0.5554318
0,Negative,Positive,0.5569917
0,Negative,Positive,0.55522114
0,Negative,Positive,0.55528533
0,Negative,Positive,0.55545336
0,Negative,Positive,0.9982462
0,Negative,Positive,0.5249471
0,Negative,Positive,0.897095
0,Negative,Positive,0.5207116
0,Negative,Positive,0.55522203
1,Positive,Negative,0.032222148
0,Negative,Positive,0.55543095
0,Negative,Positive,0.5551445
0,Negative,Positive,0.55261755
0,Negative,Positive,0.5509845
1,Positive,Negative,0.20681985
0,Negative,Positive,0.55526555
0,Negative,Positive,0.5554076
0,Negative,Positive,0.55544513
0,Negative,Positive,0.5554324
0,Negative,Positive,0.5553366
0,Negative,Positive,0.5479402
0,Negative,Positive,0.55596185
0,Negative,Positive,0.5548761
0,Negative,Positive,0.55437964
0,Negative,Positive,0.556078
0,Negative,Positive,0.5014553
0,Negative,Positive,0.7299647
1,Positive,Negative,0.08960211
1,Positive,Negative,0.00042598188
0,Negative,Positive,0.5546416
0,Negative,Positive,0.54721856
0,Negative,Positive,0.544438
0,Negative,Positive,0.52438927
0,Negative,Positive,0.5554042
0,Negative,Positive,0.5554522
0,Negative,Positive,0.5673149
0,Negative,Positive,0.5554629
0,Negative,Positive,0.555197
0,Negative,Positive,0.55535185
0,Negative,Positive,0.5509462
0,Negative,Positive,0.55535054
0,Negative,Positive,0.6648773
0,Negative,Positive,0.5594232
0,Negative,Positive,0.9185357
0,Negative,Positive,0.5554826
0,Negative,Positive,0.55526483
1,Positive,Negative,0.09476265
0,Negative,Positive,0.5561144
0,Negative,Positive,0.57327926
0,Negative,Positive,0.5539647
1,Positive,Negative,0.0015049845
0,Negative,Positive,0.55615807
0,Negative,Positive,0.55585515
0,Negative,Positive,0.55553037
0,Negative,Positive,0.5849488
0,Negative,Positive,0.5558938
1,Positive,Negative,0.38388747
0,Negative,Positive,0.54373807
0,Negative,Positive,0.5554264
0,Negative,Positive,0.55519855
0,Negative,Positive,0.5552334
0,Negative,Positive,0.55426335
0,Negative,Positive,0.5540267
1,Positive,Negative,0.00072148873
1,Positive,Negative,0.005860885
0,Negative,Positive,0.5175998
0,Negative,Positive,0.55561435
0,Negative,Positive,0.5587995
0,Negative,Positive,0.55531347
0,Negative,Positive,0.55539054
0,Negative,Positive,0.5553448
0,Negative,Positive,0.5553252
0,Negative,Positive,0.9924217
0,Negative,Positive,0.5551101
0,Negative,Positive,0.55532384
0,Negative,Positive,0.55617535
1,Positive,Negative,0.2864665
0,Negative,Positive,0.55461997
0,Negative,Positive,0.6064127
0,Negative,Positive,0.55114955
0,Negative,Positive,0.55472016
0,Negative,Positive,0.99211025
0,Negative,Positive,0.55422735
0,Negative,Positive,0.55586123
0,Negative,Positive,0.5553019
0,Negative,Positive,0.55528116
0,Negative,Positive,0.5565446
0,Negative,Positive,0.55517423
0,Negative,Positive,0.5552639
0,Negative,Positive,0.5553028
0,Negative,Positive,0.5556045
0,Negative,Positive,0.55552703
0,Negative,Positive,0.56704617
0,Negative,Positive,0.548663
0,Negative,Positive,0.55558527
0,Negative,Positive,0.55548203
0,Negative,Positive,0.5523313
0,Negative,Positive,0.55504316
0,Negative,Positive,0.59833056
0,Negative,Positive,0.55455816
1,Positive,Negative,0.053130675
0,Negative,Positive,0.54474556
0,Negative,Positive,0.6154568
0,Negative,Positive,0.55635893
0,Negative,Positive,0.775934
0,Negative,Positive,0.5552792
0,Negative,Positive,0.55485076
0,Negative,Positive,0.555351
0,Negative,Positive,0.5550541
0,Negative,Positive,0.5547922
1,Positive,Negative,0.013063731
0,Negative,Positive,0.5534986
1,Positive,Negative,0.41707653
0,Negative,Positive,0.5570282
0,Negative,Positive,0.555396
0,Negative,Positive,0.55529225
0,Negative,Positive,0.99414474
0,Negative,Positive,0.54472554
1,Positive,Negative,0.006983689
0,Negative,Positive,0.5554776
0,Negative,Positive,0.55546933
1,Positive,Negative,0.43014687
1,Positive,Negative,0.05314716
0,Negative,Positive,0.55539864
1,Positive,Negative,0.24148563
0,Negative,Positive,0.5554392
0,Negative,Positive,0.99329144
0,Negative,Positive,0.5553766
0,Negative,Positive,0.5723346
0,Negative,Positive,0.5552642
0,Negative,Positive,0.55674523
0,Negative,Positive,0.55138004
0,Negative,Positive,0.54810506
1,Positive,Negative,0.4366133
0,Negative,Positive,0.556388
0,Negative,Positive,0.5558593
0,Negative,Positive,0.55563754
0,Negative,Positive,0.5553917
0,Negative,Positive,0.5554498
0,Negative,Positive,0.9995859
0,Negative,Positive,0.55535305
1,Positive,Negative,0.016179046
0,Negative,Positive,0.5554429
1,Positive,Negative,0.04862374
0,Negative,Positive,0.55390733
0,Negative,Positive,0.8646066
0,Negative,Positive,0.53393495
0,Negative,Positive,0.58345395
0,Negative,Positive,0.55493265
0,Negative,Positive,0.5556178
0,Negative,Positive,0.7243263
0,Negative,Positive,0.5564532
0,Negative,Positive,0.97866815
0,Negative,Positive,0.5606767
0,Negative,Positive,0.557035
0,Negative,Positive,0.56037885
0,Negative,Positive,0.555488
0,Negative,Positive,0.55493
0,Negative,Positive,0.5549938
0,Negative,Positive,0.55487895
0,Negative,Positive,0.54428893
0,Negative,Positive,0.5555668
0,Negative,Positive,0.5544727
0,Negative,Positive,0.9732418
1,Positive,Negative,0.15163101
0,Negative,Positive,0.5554421
0,Negative,Positive,0.5565961
0,Negative,Positive,0.555448
0,Negative,Positive,0.5554434
0,Negative,Positive,0.55691624
0,Negative,Positive,0.5378694
0,Negative,Positive,0.9967226
1,Positive,Negative,0.20271748
0,Negative,Positive,0.55516934
0,Negative,Positive,0.55545706
0,Negative,Positive,0.55538166
0,Negative,Positive,0.5553645
1,Positive,Negative,0.48006457
0,Negative,Positive,0.5557933
1,Positive,Negative,0.0017941091
0,Negative,Positive,0.5550873
0,Negative,Positive,0.5554567
0,Negative,Positive,0.5547571
0,Negative,Positive,0.5553411
1,Positive,Negative,0.044678885
0,Negative,Positive,0.5553231
0,Negative,Positive,0.555494
0,Negative,Positive,0.55558527
0,Negative,Positive,0.55564284
0,Negative,Positive,0.5552227
0,Negative,Positive,0.5638531
0,Negative,Positive,0.5556658
1,Positive,Negative,0.041573785
0,Negative,Positive,0.555242
0,Negative,Positive,0.55527604
0,Negative,Positive,0.5556376
0,Negative,Positive,0.5559576
0,Negative,Positive,0.5562533
0,Negative,Positive,0.5554087
0,Negative,Positive,0.5549581
0,Negative,Positive,0.55709434
0,Negative,Positive,0.55562776
0,Negative,Positive,0.555461
0,Negative,Positive,0.5582606
0,Negative,Positive,0.551093
0,Negative,Positive,0.55539954
0,Negative,Positive,0.55539775
0,Negative,Positive,0.55585635
0,Negative,Positive,0.55542815
0,Negative,Positive,0.55539286
0,Negative,Positive,0.55569
0,Negative,Positive,0.5554824
0,Negative,Positive,0.5638391
0,Negative,Positive,0.55579007
0,Negative,Positive,0.5536333
0,Negative,Positive,0.54421973
0,Negative,Positive,0.5553324
0,Negative,Positive,0.55697256
0,Negative,Positive,0.55538064
0,Negative,Positive,0.55545586
0,Negative,Positive,0.5543798
0,Negative,Positive,0.55540836
0,Negative,Positive,0.5454509
0,Negative,Positive,0.555512
0,Negative,Positive,0.5607069
1,Positive,Negative,0.3771887
1,Positive,Negative,0.4999116
0,Negative,Positive,0.55543625
0,Negative,Positive,0.9596286
0,Negative,Positive,0.55536836
0,Negative,Positive,0.55536175
0,Negative,Positive,0.5537922
0,Negative,Positive,0.5555859
0,Negative,Positive,0.5552671
0,Negative,Positive,0.55535257
1,Positive,Negative,0.025032084
0,Negative,Positive,0.55544716
0,Negative,Positive,0.5559281
0,Negative,Positive,0.5553508
0,Negative,Positive,0.5552554
0,Negative,Positive,0.5551933
0,Negative,Positive,0.55541134
0,Negative,Positive,0.9990488
0,Negative,Positive,0.55471593
0,Negative,Positive,0.5582054
0,Negative,Positive,0.5508808
0,Negative,Positive,0.55513793
0,Negative,Positive,0.55517614
0,Negative,Positive,0.55396
0,Negative,Positive,0.5554196
0,Negative,Positive,0.55513966
0,Negative,Positive,0.55476195
0,Negative,Positive,0.5552768
0,Negative,Positive,0.55541146
0,Negative,Positive,0.5553197
0,Negative,Positive,0.5554058
0,Negative,Positive,0.5577807
0,Negative,Positive,0.5554442
0,Negative,Positive,0.5552425
0,Negative,Positive,0.5500111
0,Negative,Positive,0.5542582
0,Negative,Positive,0.55532444
0,Negative,Positive,0.5554025
1,Positive,Negative,0.1306921
0,Negative,Positive,0.5550983
0,Negative,Positive,0.5549376
0,Negative,Positive,0.554421
0,Negative,Positive,0.55506617
0,Negative,Positive,0.7334496
0,Negative,Positive,0.55541456
0,Negative,Positive,0.55541605
0,Negative,Positive,0.5556522
0,Negative,Positive,0.5556241
0,Negative,Positive,0.55559367
0,Negative,Positive,0.9993544
0,Negative,Positive,0.5540546
0,Negative,Positive,0.5554662
0,Negative,Positive,0.5550261
0,Negative,Positive,0.55541116
0,Negative,Positive,0.5551464
1,Positive,Negative,0.4435311
1,Positive,Negative,0.045445193
1,Positive,Negative,0.05211671
0,Negative,Positive,0.5555679
1,Positive,Negative,0.1958131
0,Negative,Positive,0.52940434
0,Negative,Positive,0.54218185
0,Negative,Positive,0.55562013
0,Negative,Positive,0.5571562
0,Negative,Positive,0.9998147
0,Negative,Positive,0.55539715
1,Positive,Negative,0.026903683
0,Negative,Positive,0.63041687
0,Negative,Positive,0.55527824
0,Negative,Positive,0.5555733
0,Negative,Positive,0.5554661
0,Negative,Positive,0.5194995
0,Negative,Positive,0.5626318
0,Negative,Positive,0.55548334
0,Negative,Positive,0.5552129
0,Negative,Positive,0.5530795
0,Negative,Positive,0.55541337
0,Negative,Positive,0.5553173
0,Negative,Positive,0.67486227
1,Positive,Negative,0.16360801
0,Negative,Positive,0.55511236
0,Negative,Positive,0.5484366
0,Negative,Positive,0.5556036
0,Negative,Positive,0.554472
0,Negative,Positive,0.55542237
0,Negative,Positive,0.5568577
0,Negative,Positive,0.5554122
0,Negative,Positive,0.56032294
0,Negative,Positive,0.5545762
0,Negative,Positive,0.55556965
0,Negative,Positive,0.559132
1,Positive,Negative,0.15123095
0,Negative,Positive,0.55578315
0,Negative,Positive,0.55552006
0,Negative,Positive,0.55489224
0,Negative,Positive,0.55571663
1,Positive,Negative,0.0006693803
0,Negative,Positive,0.99233013
0,Negative,Positive,0.55533785
0,Negative,Positive,0.5098248
0,Negative,Positive,0.5553894
0,Negative,Positive,0.5553846
0,Negative,Positive,0.55467254
0,Negative,Positive,0.5551683
0,Negative,Positive,0.9987535
1,Positive,Negative,0.27021438
0,Negative,Positive,0.5543618
0,Negative,Positive,0.5554905
0,Negative,Positive,0.554412
0,Negative,Positive,0.55508274
0,Negative,Positive,0.5666097
0,Negative,Positive,0.5536176
0,Negative,Positive,0.5553836
0,Negative,Positive,0.5553089
0,Negative,Positive,0.555478
0,Negative,Positive,0.96849585
1,Positive,Negative,0.29980063
0,Negative,Positive,0.5561489
0,Negative,Positive,0.5424318
0,Negative,Positive,0.6707406
1,Positive,Negative,0.3724901
0,Negative,Positive,0.5555565
0,Negative,Positive,0.55554616
0,Negative,Positive,0.55523694
0,Negative,Positive,0.5553981
0,Negative,Positive,0.55526334
0,Negative,Positive,0.55311054
0,Negative,Positive,0.5556459
0,Negative,Positive,0.55560786
0,Negative,Positive,0.5553275
0,Negative,Positive,0.82385415
0,Negative,Positive,0.5520372
0,Negative,Positive,0.9729565
0,Negative,Positive,0.555651
0,Negative,Positive,0.5552668
0,Negative,Positive,0.5554173
0,Negative,Positive,0.5661839
0,Negative,Positive,0.5551746
0,Negative,Positive,0.55542165
0,Negative,Positive,0.536974
0,Negative,Positive,0.5565961
0,Negative,Positive,0.6126635
0,Negative,Positive,0.55586666
0,Negative,Positive,0.5553081
0,Negative,Positive,0.52985656
0,Negative,Positive,0.5556444
0,Negative,Positive,0.5457862
0,Negative,Positive,0.5549463
0,Negative,Positive,0.5553876
0,Negative,Positive,0.5555232
0,Negative,Positive,0.55587244
0,Negative,Positive,0.5556876
0,Negative,Positive,0.92812085
0,Negative,Positive,0.5560912
0,Negative,Positive,0.55535203
0,Negative,Positive,0.555369
0,Negative,Positive,0.55781525
0,Negative,Positive,0.5553141
0,Negative,Positive,0.5552049
0,Negative,Positive,0.5547266
0,Negative,Positive,0.5376036
0,Negative,Positive,0.5555055
0,Negative,Positive,0.5553496
0,Negative,Positive,0.55444384
1,Positive,Negative,0.008398307
0,Negative,Positive,0.5565253
0,Negative,Positive,0.5554428
0,Negative,Positive,0.5552924
0,Negative,Positive,0.55516934
0,Negative,Positive,0.5553272
0,Negative,Positive,0.58767694
1,Positive,Negative,0.027881866
0,Negative,Positive,0.55559355
1,Positive,Negative,0.48791075
0,Negative,Positive,0.5550039
0,Negative,Positive,0.51127315
0,Negative,Positive,0.5552833
0,Negative,Positive,0.5554042
0,Negative,Positive,0.55471814
0,Negative,Positive,0.99563867
0,Negative,Positive,0.99957335
0,Negative,Positive,0.5555091
0,Negative,Positive,0.5556665
0,Negative,Positive,0.55520844
0,Negative,Positive,0.55530465
1,Positive,Negative,0.0034881562
1,Positive,Negative,0.2236567
0,Negative,Positive,0.50434834
0,Negative,Positive,0.5559602
0,Negative,Positive,0.555453
0,Negative,Positive,0.5568201
0,Negative,Positive,0.5554251
0,Negative,Positive,0.555723
1,Positive,Negative,0.43613648
0,Negative,Positive,0.5554329
0,Negative,Positive,0.5553978
0,Negative,Positive,0.5556762
0,Negative,Positive,0.555118
0,Negative,Positive,0.5549173
0,Negative,Positive,0.6065374
0,Negative,Positive,0.55582774
0,Negative,Positive,0.55468065
0,Negative,Positive,0.5994016
0,Negative,Positive,0.5554154
0,Negative,Positive,0.5556257
0,Negative,Positive,0.5546094
0,Negative,Positive,0.5558531
0,Negative,Positive,0.55385834
1,Positive,Negative,0.028134847
0,Negative,Positive,0.9963829
0,Negative,Positive,0.61943704
0,Negative,Positive,0.54972976
1,Positive,Negative,0.016210489
0,Negative,Positive,0.5554118
0,Negative,Positive,0.5554246
0,Negative,Positive,0.5554006
0,Negative,Positive,0.55550593
0,Negative,Positive,0.55495936
0,Negative,Positive,0.5554075
0,Negative,Positive,0.55194616
0,Negative,Positive,0.55542165
1,Positive,Negative,0.25606102
0,Negative,Positive,0.5555269
0,Negative,Positive,0.5553958
0,Negative,Positive,0.55562735
0,Negative,Positive,0.5517477
1,Positive,Negative,0.21563065
0,Negative,Positive,0.556893
1,Positive,Negative,0.28778687
1,Positive,Negative,0.088164285
0,Negative,Positive,0.52814823
0,Negative,Positive,0.55552036
0,Negative,Positive,0.55537647
0,Negative,Positive,0.5554541
0,Negative,Positive,0.55501187
0,Negative,Positive,0.54781365
0,Negative,Positive,0.55542904
0,Negative,Positive,0.97283363
0,Negative,Positive,0.5563805
1,Positive,Negative,0.06338484
0,Negative,Positive,0.5555154
0,Negative,Positive,0.55572885
0,Negative,Positive,0.5717556
0,Negative,Positive,0.55519426
0,Negative,Positive,0.5559197
0,Negative,Positive,0.5571952
0,Negative,Positive,0.5553638
0,Negative,Positive,0.55540365
0,Negative,Positive,0.55488706
0,Negative,Positive,0.55458283
0,Negative,Positive,0.5553894
0,Negative,Positive,0.55523133
0,Negative,Positive,0.5552346
1,Positive,Negative,0.16292354
0,Negative,Positive,0.5628059
0,Negative,Positive,0.55536103
0,Negative,Positive,0.5547503
0,Negative,Positive,0.5551609
0,Negative,Positive,0.55531347
1,Positive,Negative,0.34118706
0,Negative,Positive,0.9845368
0,Negative,Positive,0.5661197
1,Positive,Negative,0.19624835
0,Negative,Positive,0.52641326
0,Negative,Positive,0.5555306
0,Negative,Positive,0.55530447
0,Negative,Positive,0.55539554
0,Negative,Positive,0.5554715
0,Negative,Positive,0.5555809
0,Negative,Positive,0.55514485
1,Positive,Negative,0.43051335
0,Negative,Positive,0.5547176
0,Negative,Positive,0.5510419
0,Negative,Positive,0.57853943
0,Negative,Positive,0.53966045
0,Negative,Positive,0.5616004
0,Negative,Positive,0.5555494
0,Negative,Positive,0.55492157
0,Negative,Positive,0.50455236
0,Negative,Positive,0.55521625
0,Negative,Positive,0.55549645
0,Negative,Positive,0.55539125
0,Negative,Positive,0.55545866
0,Negative,Positive,0.55524325
0,Negative,Positive,0.5555099
0,Negative,Positive,0.554796
0,Negative,Positive,0.5517332
0,Negative,Positive,0.55585426
0,Negative,Positive,0.5554954
0,Negative,Positive,0.55537206
0,Negative,Positive,0.5549569
0,Negative,Positive,0.5555066
0,Negative,Positive,0.97476035
0,Negative,Positive,0.555797
0,Negative,Positive,0.55540746
0,Negative,Positive,0.5715075
0,Negative,Positive,0.55538577
1,Positive,Negative,0.0019344902
0,Negative,Positive,0.5554861
0,Negative,Positive,0.57641715
0,Negative,Positive,0.9994642
0,Negative,Positive,0.55564797
0,Negative,Positive,0.5554108
0,Negative,Positive,0.5511393
0,Negative,Positive,0.5551483
0,Negative,Positive,0.55505115
0,Negative,Positive,0.5557566
0,Negative,Positive,0.5555064
1,Positive,Negative,0.470611
0,Negative,Positive,0.55471903
0,Negative,Positive,0.55545855
0,Negative,Positive,0.55675346
0,Negative,Positive,0.575497
0,Negative,Positive,0.555876
0,Negative,Positive,0.5556542
0,Negative,Positive,0.5826559
0,Negative,Positive,0.55545187
0,Negative,Positive,0.55521494
0,Negative,Positive,0.5727722
0,Negative,Positive,0.5552352
0,Negative,Positive,0.5554548
0,Negative,Positive,0.55061066
0,Negative,Positive,0.5401766
0,Negative,Positive,0.5552365
0,Negative,Positive,0.5553867
0,Negative,Positive,0.55559653
1,Positive,Negative,0.017545618
0,Negative,Positive,0.8789351
0,Negative,Positive,0.85851866
0,Negative,Positive,0.55554295
0,Negative,Positive,0.5549556
0,Negative,Positive,0.5553958
0,Negative,Positive,0.55554247
0,Negative,Positive,0.5496861
0,Negative,Positive,0.55544955
0,Negative,Positive,0.59568214
0,Negative,Positive,0.555345
0,Negative,Positive,0.55476207
0,Negative,Positive,0.556424
0,Negative,Positive,0.5559288
0,Negative,Positive,0.55441546
0,Negative,Positive,0.55525315
0,Negative,Positive,0.5553421
0,Negative,Positive,0.555732
0,Negative,Positive,0.5553876
1,Positive,Negative,0.14944041
0,Negative,Positive,0.5507284
0,Negative,Positive,0.5549776
0,Negative,Positive,0.55538696
0,Negative,Positive,0.5675361
0,Negative,Positive,0.5554475
0,Negative,Positive,0.55545574
0,Negative,Positive,0.55540544
0,Negative,Positive,0.55514616
0,Negative,Positive,0.5551361
0,Negative,Positive,0.5554351
0,Negative,Positive,0.5551068
0,Negative,Positive,0.5551802
0,Negative,Positive,0.5542458
0,Negative,Positive,0.55573875
0,Negative,Positive,0.5555055
0,Negative,Positive,0.98757386
0,Negative,Positive,0.5555594
0,Negative,Positive,0.96267974
0,Negative,Positive,0.5551837
0,Negative,Positive,0.5553643
1,Positive,Negative,0.27636638
0,Negative,Positive,0.5547018
0,Negative,Positive,0.5597812
0,Negative,Positive,0.5554038
0,Negative,Positive,0.5559217
0,Negative,Positive,0.5559143
0,Negative,Positive,0.5555078
0,Negative,Positive,0.5561952
0,Negative,Positive,0.55518687
0,Negative,Positive,0.65103173
0,Negative,Positive,0.5553723
0,Negative,Positive,0.5553591
0,Negative,Positive,0.55540746
0,Negative,Positive,0.55505025
0,Negative,Positive,0.555805
0,Negative,Positive,0.5547153
0,Negative,Positive,0.55840784
0,Negative,Positive,0.5554255
0,Negative,Positive,0.55532324
0,Negative,Positive,0.5559393
0,Negative,Positive,0.5541224
1,Positive,Negative,0.08219932
0,Negative,Positive,0.5556364
0,Negative,Positive,0.55569315
0,Negative,Positive,0.55547637
0,Negative,Positive,0.55538195
0,Negative,Positive,0.983673
0,Negative,Positive,0.55343616
0,Negative,Positive,0.5553047
1,Positive,Negative,0.057530247
0,Negative,Positive,0.5555688
0,Negative,Positive,0.5554286
1,Positive,Negative,0.12683176
0,Negative,Positive,0.55543566
0,Negative,Positive,0.5617637
1,Positive,Negative,0.46031186
1,Positive,Negative,0.06285895
0,Negative,Positive,0.5553533
0,Negative,Positive,0.5651798
0,Negative,Positive,0.5554025
0,Negative,Positive,0.91045195
0,Negative,Positive,0.5559246
0,Negative,Positive,0.555435
0,Negative,Positive,0.5553971
0,Negative,Positive,0.55544585
0,Negative,Positive,0.5553584
0,Negative,Positive,0.5588245
0,Negative,Positive,0.55559176
0,Negative,Positive,0.5559351
0,Negative,Positive,0.59492606
0,Negative,Positive,0.5553596
0,Negative,Positive,0.9990448
0,Negative,Positive,0.5550043
0,Negative,Positive,0.55537885
0,Negative,Positive,0.55552727
0,Negative,Positive,0.55534065
0,Negative,Positive,0.555175
0,Negative,Positive,0.55543125
1,Positive,Negative,0.03028104
0,Negative,Positive,0.59525824
0,Negative,Positive,0.55540216
0,Negative,Positive,0.88501745
0,Negative,Positive,0.55386907
0,Negative,Positive,0.5541514
0,Negative,Positive,0.5556166
0,Negative,Positive,0.5562911
0,Negative,Positive,0.5566023
0,Negative,Positive,0.5540566
0,Negative,Positive,0.5554235
0,Negative,Positive,0.5554303
1,Positive,Negative,0.0049748546
0,Negative,Positive,0.55521303
0,Negative,Positive,0.5566832
0,Negative,Positive,0.55542004
0,Negative,Positive,0.55523676
0,Negative,Positive,0.55533594
0,Negative,Positive,0.5552433
0,Negative,Positive,0.55576396
0,Negative,Positive,0.5544915
1,Positive,Negative,0.0054570483
0,Negative,Positive,0.55582696
0,Negative,Positive,0.557217
0,Negative,Positive,0.55568403
0,Negative,Positive,0.55580246
0,Negative,Positive,0.59434164
0,Negative,Positive,0.5541181
0,Negative,Positive,0.5556414
0,Negative,Positive,0.55590165
0,Negative,Positive,0.56996715
0,Negative,Positive,0.5557856
0,Negative,Positive,0.55221796
0,Negative,Positive,0.55548686
1,Positive,Negative,0.0013613448
0,Negative,Positive,0.9974439
0,Negative,Positive,0.5537227
0,Negative,Positive,0.53803515
0,Negative,Positive,0.56323475
1,Positive,Negative,0.029100133
0,Negative,Positive,0.55530375
1,Positive,Negative,0.0028797078
0,Negative,Positive,0.5551459
0,Negative,Positive,0.55632
0,Negative,Positive,0.5586014
0,Negative,Positive,0.5553654
0,Negative,Positive,0.558721
0,Negative,Positive,0.55542433
0,Negative,Positive,0.5526482
0,Negative,Positive,0.55530596
1,Positive,Negative,0.20738488
0,Negative,Positive,0.55536956
0,Negative,Positive,0.98204154
1,Positive,Negative,0.324719
0,Negative,Positive,0.5553452
1,Positive,Negative,0.11245541
0,Negative,Positive,0.55677736
1,Positive,Negative,0.044608504
0,Negative,Positive,0.5556913
0,Negative,Positive,0.5552951
1,Positive,Negative,0.008449144
0,Negative,Positive,0.55501705
0,Negative,Positive,0.9856488
0,Negative,Positive,0.55549884
0,Negative,Positive,0.98975194
0,Negative,Positive,0.55537593
0,Negative,Positive,0.55820763
0,Negative,Positive,0.55535495
1,Positive,Negative,0.00915327
0,Negative,Positive,0.5564501
0,Negative,Positive,0.55524963
0,Negative,Positive,0.5527076
0,Negative,Positive,0.55556214
0,Negative,Positive,0.9267181
0,Negative,Positive,0.9809575
0,Negative,Positive,0.5578569
0,Negative,Positive,0.5628519
0,Negative,Positive,0.5554953
0,Negative,Positive,0.6096352
0,Negative,Positive,0.5554368
0,Negative,Positive,0.5557527
0,Negative,Positive,0.9995416
0,Negative,Positive,0.55550444
0,Negative,Positive,0.5565633
0,Negative,Positive,0.5621966
0,Negative,Positive,0.5566365
0,Negative,Positive,0.55525917
0,Negative,Positive,0.5564116
0,Negative,Positive,0.55515397
0,Negative,Positive,0.555409
0,Negative,Positive,0.5553008
1,Positive,Negative,0.0012998432
0,Negative,Positive,0.5554403
0,Negative,Positive,0.5535419
0,Negative,Positive,0.5554066
0,Negative,Positive,0.55537766
0,Negative,Positive,0.5558308
1,Positive,Negative,0.34265894
0,Negative,Positive,0.5556206
0,Negative,Positive,0.99956393
1,Positive,Negative,0.021108776
0,Negative,Positive,0.5553002
0,Negative,Positive,0.5548757
0,Negative,Positive,0.88982165
0,Negative,Positive,0.55538714
0,Negative,Positive,0.65286225
0,Negative,Positive,0.55699974
0,Negative,Positive,0.5464328
0,Negative,Positive,0.5553199
0,Negative,Positive,0.55544686
0,Negative,Positive,0.55178684
0,Negative,Positive,0.5553785
1,Positive,Negative,0.40401918
1,Positive,Negative,0.43472934
1,Positive,Negative,0.40177843
0,Negative,Positive,0.55467594
0,Negative,Positive,0.5539922
0,Negative,Positive,0.5553319
0,Negative,Positive,0.55534923
0,Negative,Positive,0.5488504
0,Negative,Positive,0.5553366
0,Negative,Positive,0.555335
0,Negative,Positive,0.65361875
0,Negative,Positive,0.70177853
0,Negative,Positive,0.55547184
0,Negative,Positive,0.55346173
0,Negative,Positive,0.5550042
0,Negative,Positive,0.5551873
0,Negative,Positive,0.5554067
0,Negative,Positive,0.54517436
0,Negative,Positive,0.5553944
0,Negative,Positive,0.5553906
0,Negative,Positive,0.5548012
0,Negative,Positive,0.5554095
0,Negative,Positive,0.55518633
0,Negative,Positive,0.5565192
0,Negative,Positive,0.9492165
0,Negative,Positive,0.5554081
0,Negative,Positive,0.5051298
0,Negative,Positive,0.5549588
0,Negative,Positive,0.5593279
0,Negative,Positive,0.55898577
0,Negative,Positive,0.55123496
0,Negative,Positive,0.9933242
0,Negative,Positive,0.5550469
0,Negative,Positive,0.5069603
0,Negative,Positive,0.555325
0,Negative,Positive,0.7845883
0,Negative,Positive,0.5552567
0,Negative,Positive,0.55540633
0,Negative,Positive,0.5610009
0,Negative,Positive,0.5564536
0,Negative,Positive,0.5552582
0,Negative,Positive,0.5559579
0,Negative,Positive,0.55558383
0,Negative,Positive,0.55454046
1,Positive,Negative,0.07211162
0,Negative,Positive,0.5556765
0,Negative,Positive,0.55541533
0,Negative,Positive,0.5554548
0,Negative,Positive,0.5554383
0,Negative,Positive,0.77412885
0,Negative,Positive,0.5554202
0,Negative,Positive,0.5560959
0,Negative,Positive,0.5554272
0,Negative,Positive,0.55932635
0,Negative,Positive,0.5553366
0,Negative,Positive,0.5554392
0,Negative,Positive,0.5628275
0,Negative,Positive,0.55564284
0,Negative,Positive,0.55537885
0,Negative,Positive,0.5555737
0,Negative,Positive,0.5555974
0,Negative,Positive,0.5554737
0,Negative,Positive,0.5564248
0,Negative,Positive,0.55520815
0,Negative,Positive,0.5555912
0,Negative,Positive,0.9038921
0,Negative,Positive,0.5552326
0,Negative,Positive,0.55433667
0,Negative,Positive,0.57884806
0,Negative,Positive,0.9982716
0,Negative,Positive,0.5201295
0,Negative,Positive,0.55531925
1,Positive,Negative,0.010953633
0,Negative,Positive,0.5930218
0,Negative,Positive,0.555456
0,Negative,Positive,0.5554271
0,Negative,Positive,0.555418
0,Negative,Positive,0.55511993
0,Negative,Positive,0.55555815
0,Negative,Positive,0.55544484
0,Negative,Positive,0.5554005
0,Negative,Positive,0.55735546
0,Negative,Positive,0.55156296
0,Negative,Positive,0.546344
0,Negative,Positive,0.5514111
0,Negative,Positive,0.55539393
0,Negative,Positive,0.5547829
0,Negative,Positive,0.5554154
0,Negative,Positive,0.5552201
0,Negative,Positive,0.9984081
0,Negative,Positive,0.5410039
0,Negative,Positive,0.55536336
0,Negative,Positive,0.55341154
0,Negative,Positive,0.55539256
1,Positive,Negative,0.47250453
0,Negative,Positive,0.55542994
0,Negative,Positive,0.5557503
0,Negative,Positive,0.5556177
0,Negative,Positive,0.5552345
0,Negative,Positive,0.93498147
0,Negative,Positive,0.55584633
1,Positive,Negative,0.039839644
0,Negative,Positive,0.5553977
0,Negative,Positive,0.55540836
0,Negative,Positive,0.99981594
0,Negative,Positive,0.55558497
0,Negative,Positive,0.55548143
0,Negative,Positive,0.5552252
0,Negative,Positive,0.9697919
0,Negative,Positive,0.5528907
0,Negative,Positive,0.55815214
0,Negative,Positive,0.5551712
0,Negative,Positive,0.5554131
0,Negative,Positive,0.8186956
0,Negative,Positive,0.5544287
0,Negative,Positive,0.5544323
0,Negative,Positive,0.56263524
0,Negative,Positive,0.56342155
0,Negative,Positive,0.55634254
0,Negative,Positive,0.5554036
0,Negative,Positive,0.5547282
0,Negative,Positive,0.55526936
0,Negative,Positive,0.55705464
0,Negative,Positive,0.55292094
0,Negative,Positive,0.99996555
0,Negative,Positive,0.5555645
0,Negative,Positive,0.5590159
0,Negative,Positive,0.99643177
0,Negative,Positive,0.5552982
0,Negative,Positive,0.69632334
0,Negative,Positive,0.72298294
0,Negative,Positive,0.5556909
0,Negative,Positive,0.55547726
0,Negative,Positive,0.5550141
0,Negative,Positive,0.55548465
0,Negative,Positive,0.9990686
0,Negative,Positive,0.6943747
0,Negative,Positive,0.55502796
0,Negative,Positive,0.5552536
0,Negative,Positive,0.6234226
0,Negative,Positive,0.5555088
0,Negative,Positive,0.5552345
0,Negative,Positive,0.5554196
0,Negative,Positive,0.5558285
0,Negative,Positive,0.5553217
0,Negative,Positive,0.55538505
0,Negative,Positive,0.55529475
0,Negative,Positive,0.55479693
0,Negative,Positive,0.55561674
0,Negative,Positive,0.5557261
0,Negative,Positive,0.9857828
0,Negative,Positive,0.5554998
1,Positive,Negative,0.43944556
0,Negative,Positive,0.55557865
0,Negative,Positive,0.5555066
0,Negative,Positive,0.9999943
0,Negative,Positive,0.55540085
0,Negative,Positive,0.5555847
0,Negative,Positive,0.5554844
0,Negative,Positive,0.5552151
0,Negative,Positive,0.5553687
0,Negative,Positive,0.5614223
0,Negative,Positive,0.5555899
0,Negative,Positive,0.55540407
0,Negative,Positive,0.55517507
0,Negative,Positive,0.5580745
0,Negative,Positive,0.80833435
0,Negative,Positive,0.5544537
0,Negative,Positive,0.5552709
0,Negative,Positive,0.516444
0,Negative,Positive,0.5553928
0,Negative,Positive,0.5553163
1,Positive,Negative,0.015290157
0,Negative,Positive,0.5554425
0,Negative,Positive,0.6984279
0,Negative,Positive,0.555478
0,Negative,Positive,0.7395153
1,Positive,Negative,0.43004823
0,Negative,Positive,0.55560315
1,Positive,Negative,0.1791558
0,Negative,Positive,0.55393946
1,Positive,Negative,0.15210654
0,Negative,Positive,0.5553822
0,Negative,Positive,0.5555248
1,Positive,Negative,0.41996855
0,Negative,Positive,0.70122546
0,Negative,Positive,0.5555386
0,Negative,Positive,0.5557127
1,Positive,Negative,0.02856999
0,Negative,Positive,0.55546266
0,Negative,Positive,0.555984
0,Negative,Positive,0.55553293
0,Negative,Positive,0.57257897
0,Negative,Positive,0.5398563
0,Negative,Positive,0.5556336
0,Negative,Positive,0.85028696
0,Negative,Positive,0.555443
0,Negative,Positive,0.5527629
0,Negative,Positive,0.5555519
0,Negative,Positive,0.55516505
0,Negative,Positive,0.55531424
0,Negative,Positive,0.99989355
0,Negative,Positive,0.8256356
0,Negative,Positive,0.5553842
0,Negative,Positive,0.5553429
0,Negative,Positive,0.55514485
1,Positive,Negative,0.0037694385
0,Negative,Positive,0.5554026
1,Positive,Negative,0.012433709
0,Negative,Positive,0.5579364
0,Negative,Positive,0.5577345
0,Negative,Positive,0.5556668
0,Negative,Positive,0.5735909
0,Negative,Positive,0.86483413
0,Negative,Positive,0.9980571
0,Negative,Positive,0.5353265
1,Positive,Negative,0.04417971
0,Negative,Positive,0.5619465
0,Negative,Positive,0.5866544
0,Negative,Positive,0.5555201
0,Negative,Positive,0.6690601
0,Negative,Positive,0.55544144
0,Negative,Positive,0.5554075
0,Negative,Positive,0.55539435
0,Negative,Positive,0.5554266
0,Negative,Positive,0.55541563
0,Negative,Positive,0.55533326
0,Negative,Positive,0.5570741
0,Negative,Positive,0.5555213
0,Negative,Positive,0.55544716
0,Negative,Positive,0.9979903
0,Negative,Positive,0.5554057
0,Negative,Positive,0.5555656
1,Positive,Negative,0.41105708
0,Negative,Positive,0.5499286
0,Negative,Positive,0.55538327
0,Negative,Positive,0.5536507
0,Negative,Positive,0.55549216
0,Negative,Positive,0.6142593
0,Negative,Positive,0.54964626
0,Negative,Positive,0.55511606
0,Negative,Positive,0.55417955
1,Positive,Negative,0.26286095
0,Negative,Positive,0.555545
0,Negative,Positive,0.5550306
0,Negative,Positive,0.5497598
0,Negative,Positive,0.5558515
1,Positive,Negative,0.017410893
0,Negative,Positive,0.55552423
0,Negative,Positive,0.5553212
0,Negative,Positive,0.5554363
0,Negative,Positive,0.5575978
0,Negative,Positive,0.5555139
0,Negative,Positive,0.5549729
0,Negative,Positive,0.5549518
0,Negative,Positive,0.6979157
0,Negative,Positive,0.5553557
0,Negative,Positive,0.5183492
0,Negative,Positive,0.5535127
1,Positive,Negative,0.45663294
1,Positive,Negative,0.35876516
0,Negative,Positive,0.55538994
0,Negative,Positive,0.55536884
0,Negative,Positive,0.56069267
0,Negative,Positive,0.62253714
0,Negative,Positive,0.55546415
0,Negative,Positive,0.55544764
0,Negative,Positive,0.5554154
0,Negative,Positive,0.5556947
0,Negative,Positive,0.56838477
0,Negative,Positive,0.5158615
0,Negative,Positive,0.55538607
1,Positive,Negative,0.05037918
0,Negative,Positive,0.55482304
1,Positive,Negative,0.49892205
0,Negative,Positive,0.5553868
0,Negative,Positive,0.5553836
0,Negative,Positive,0.55515915
0,Negative,Positive,0.9829716
1,Positive,Negative,0.0047997152
0,Negative,Positive,0.54436916
0,Negative,Positive,0.99934417
0,Negative,Positive,0.60666215
0,Negative,Positive,0.5536897
1,Positive,Negative,0.041067526
0,Negative,Positive,0.619522
0,Negative,Positive,0.5024562
0,Negative,Positive,0.55547404
0,Negative,Positive,0.556013
0,Negative,Positive,0.75791
0,Negative,Positive,0.5552402
0,Negative,Positive,0.5553856
0,Negative,Positive,0.5554168
1,Positive,Negative,0.002660258
0,Negative,Positive,0.5556881
0,Negative,Positive,0.5553924
0,Negative,Positive,0.55536216
0,Negative,Positive,0.5554554
0,Negative,Positive,0.55639637
0,Negative,Positive,0.55532724
0,Negative,Positive,0.55536777
0,Negative,Positive,0.99996275
0,Negative,Positive,0.68504775
0,Negative,Positive,0.54966235
0,Negative,Positive,0.5553416
0,Negative,Positive,0.55653995
0,Negative,Positive,0.5554531
0,Negative,Positive,0.9950772
0,Negative,Positive,0.55972415
0,Negative,Positive,0.5552689
0,Negative,Positive,0.55534184
0,Negative,Positive,0.9997554
0,Negative,Positive,0.55490625
0,Negative,Positive,0.5552573
0,Negative,Positive,0.5557652
0,Negative,Positive,0.55549467
0,Negative,Positive,0.5601075
0,Negative,Positive,0.5553974
0,Negative,Positive,0.5554293
0,Negative,Positive,0.80489266
0,Negative,Positive,0.5463026
1,Positive,Negative,0.08992181
0,Negative,Positive,0.555418
0,Negative,Positive,0.5489679
0,Negative,Positive,0.555321
0,Negative,Positive,0.55536354
0,Negative,Positive,0.55487293
0,Negative,Positive,0.5554316
0,Negative,Positive,0.8999558
0,Negative,Positive,0.55021685
0,Negative,Positive,0.5579178
0,Negative,Positive,0.66063
0,Negative,Positive,0.5554221
0,Negative,Positive,0.5513411
0,Negative,Positive,0.99521095
0,Negative,Positive,0.55528283
0,Negative,Positive,0.5554107
0,Negative,Positive,0.55536896
0,Negative,Positive,0.55549014
0,Negative,Positive,0.5553218
0,Negative,Positive,0.58850783
0,Negative,Positive,0.5557278
0,Negative,Positive,0.5558992
0,Negative,Positive,0.55567145
0,Negative,Positive,0.5555963
0,Negative,Positive,0.55534273
0,Negative,Positive,0.5556396
0,Negative,Positive,0.5759981
0,Negative,Positive,0.55546385
0,Negative,Positive,0.99237055
0,Negative,Positive,0.5577623
0,Negative,Positive,0.5665284
0,Negative,Positive,0.5551121
0,Negative,Positive,0.55543035
0,Negative,Positive,0.580226
0,Negative,Positive,0.55001
0,Negative,Positive,0.5497457
0,Negative,Positive,0.5635315
0,Negative,Positive,0.51167935
0,Negative,Positive,0.55534244
0,Negative,Positive,0.55550236
1,Positive,Negative,0.043677233
1,Positive,Negative,0.31056824
0,Negative,Positive,0.55572677
0,Negative,Positive,0.55540854
0,Negative,Positive,0.55528057
0,Negative,Positive,0.968391
0,Negative,Positive,0.5554898
0,Negative,Positive,0.55490273
0,Negative,Positive,0.55458164
0,Negative,Positive,0.5553421
0,Negative,Positive,0.5554017
0,Negative,Positive,0.55475396
0,Negative,Positive,0.5553231
0,Negative,Positive,0.55869985
0,Negative,Positive,0.55562377
0,Negative,Positive,0.55652744
0,Negative,Positive,0.55482846
0,Negative,Positive,0.55542135
0,Negative,Positive,0.55534077
0,Negative,Positive,0.5555442
0,Negative,Positive,0.5556573
0,Negative,Positive,0.5554567
0,Negative,Positive,0.52561766
0,Negative,Positive,0.5554931
0,Negative,Positive,0.5552227
0,Negative,Positive,0.55555165
0,Negative,Positive,0.55584383
0,Negative,Positive,0.5485878
1,Positive,Negative,0.09181798
0,Negative,Positive,0.99940515
0,Negative,Positive,0.5566591
1,Positive,Negative,0.027102858
0,Negative,Positive,0.5613741
0,Negative,Positive,0.5417749
0,Negative,Positive,0.5554936
0,Negative,Positive,0.5552984
0,Negative,Positive,0.97014713
0,Negative,Positive,0.55539817
0,Negative,Positive,0.55531985
0,Negative,Positive,0.55525607
0,Negative,Positive,0.5553695
0,Negative,Positive,0.8452787
0,Negative,Positive,0.55549383
1,Positive,Negative,0.2292507
0,Negative,Positive,0.55477685
0,Negative,Positive,0.5556428
0,Negative,Positive,0.8943259
0,Negative,Positive,0.55685675
1,Positive,Negative,0.0013278641
0,Negative,Positive,0.9994624
1,Positive,Negative,0.1672659
0,Negative,Positive,0.5540248
0,Negative,Positive,0.555339
0,Negative,Positive,0.5929607
0,Negative,Positive,0.5553347
0,Negative,Positive,0.5541846
0,Negative,Positive,0.555398
0,Negative,Positive,0.55521053
0,Negative,Positive,0.5562887
0,Negative,Positive,0.5554898
0,Negative,Positive,0.89617705
0,Negative,Positive,0.5552714
0,Negative,Positive,0.54168874
0,Negative,Positive,0.58450806
0,Negative,Positive,0.5555589
0,Negative,Positive,0.55536735
0,Negative,Positive,0.55529267
1,Positive,Negative,0.48971167
0,Negative,Positive,0.55803585
0,Negative,Positive,0.5556598
0,Negative,Positive,0.5540215
0,Negative,Positive,0.5553185
0,Negative,Positive,0.55525136
0,Negative,Positive,0.55539894
0,Negative,Positive,0.61220974
0,Negative,Positive,0.5527981
0,Negative,Positive,0.55545104
1,Positive,Negative,0.034377605
0,Negative,Positive,0.55529
1,Positive,Negative,0.03713303
0,Negative,Positive,0.555443
0,Negative,Positive,0.5554069
0,Negative,Positive,0.55553114
0,Negative,Positive,0.55674785
0,Negative,Positive,0.62164277
1,Positive,Negative,0.009042845
1,Positive,Negative,0.0058415914
0,Negative,Positive,0.55685616
0,Negative,Positive,0.5553724
1,Positive,Negative,0.41193214
0,Negative,Positive,0.97449225
0,Negative,Positive,0.55529684
0,Negative,Positive,0.5553582
0,Negative,Positive,0.5565227
0,Negative,Positive,0.9360216
0,Negative,Positive,0.5554626
0,Negative,Positive,0.5535803
0,Negative,Positive,0.55540365
0,Negative,Positive,0.55540085
0,Negative,Positive,0.55543244
0,Negative,Positive,0.55599374
0,Negative,Positive,0.55525964
0,Negative,Positive,0.70655704
1,Positive,Negative,0.44408226
0,Negative,Positive,0.55520433
0,Negative,Positive,0.53242433
0,Negative,Positive,0.5547443
0,Negative,Positive,0.5570022
0,Negative,Positive,0.9893196
0,Negative,Positive,0.56311333
0,Negative,Positive,0.55455023
0,Negative,Positive,0.557593
0,Negative,Positive,0.5999811
0,Negative,Positive,0.56638265
0,Negative,Positive,0.5559908
0,Negative,Positive,0.5554431
0,Negative,Positive,0.55782574
0,Negative,Positive,0.5553483
0,Negative,Positive,0.55541664
0,Negative,Positive,0.85559785
0,Negative,Positive,0.55504036
0,Negative,Positive,0.5551594
0,Negative,Positive,0.5567777
0,Negative,Positive,0.53362685
0,Negative,Positive,0.5555024
1,Positive,Negative,0.16377151
0,Negative,Positive,0.5829
0,Negative,Positive,0.554928
0,Negative,Positive,0.5555119
0,Negative,Positive,0.5576027
0,Negative,Positive,0.5554077
0,Negative,Positive,0.55555105
0,Negative,Positive,0.55594444
0,Negative,Positive,0.557488
0,Negative,Positive,0.90416884
1,Positive,Negative,0.2816953
0,Negative,Positive,0.5537942
0,Negative,Positive,0.5554979
0,Negative,Positive,0.5554794
0,Negative,Positive,0.5552375
0,Negative,Positive,0.55551004
0,Negative,Positive,0.555458
0,Negative,Positive,0.5555156
0,Negative,Positive,0.5554318
0,Negative,Positive,0.5577383
0,Negative,Positive,0.55544245
0,Negative,Positive,0.82492524
0,Negative,Positive,0.55536884
0,Negative,Positive,0.55479646
1,Positive,Negative,0.04515789
0,Negative,Positive,0.5547581
0,Negative,Positive,0.555424
1,Positive,Negative,0.14091896
0,Negative,Positive,0.5554936
0,Negative,Positive,0.5553391
1,Positive,Negative,0.4543442
1,Positive,Negative,0.09689291
0,Negative,Positive,0.6885669
0,Negative,Positive,0.5815831
0,Negative,Positive,0.5550463
0,Negative,Positive,0.5551508
0,Negative,Positive,0.55551416
0,Negative,Positive,0.55529386
0,Negative,Positive,0.553561
0,Negative,Positive,0.5583951
0,Negative,Positive,0.5552521
0,Negative,Positive,0.5554011
0,Negative,Positive,0.55539155
0,Negative,Positive,0.55565417
0,Negative,Positive,0.54713154
0,Negative,Positive,0.9967127
0,Negative,Positive,0.56590265
0,Negative,Positive,0.5556112
0,Negative,Positive,0.5651199
0,Negative,Positive,0.555423
0,Negative,Positive,0.5564855
0,Negative,Positive,0.55628544
0,Negative,Positive,0.5559296
0,Negative,Positive,0.927121
1,Positive,Negative,0.00029445702
0,Negative,Positive,0.55584973
0,Negative,Positive,0.5553476
0,Negative,Positive,0.5553925
0,Negative,Positive,0.5843293
0,Negative,Positive,0.55524033
0,Negative,Positive,0.555406
0,Negative,Positive,0.55547154
0,Negative,Positive,0.55396813
0,Negative,Positive,0.55831563
0,Negative,Positive,0.55538255
0,Negative,Positive,0.55540705
0,Negative,Positive,0.9992925
0,Negative,Positive,0.55514854
0,Negative,Positive,0.55541295
0,Negative,Positive,0.5551488
0,Negative,Positive,0.5554825
0,Negative,Positive,0.5556842
0,Negative,Positive,0.55537546
0,Negative,Positive,0.5551896
0,Negative,Positive,0.5557404
0,Negative,Positive,0.5584116
0,Negative,Positive,0.5564819
0,Negative,Positive,0.5551599
0,Negative,Positive,0.5555218
0,Negative,Positive,0.97558576
0,Negative,Positive,0.9089376
0,Negative,Positive,0.5473766
0,Negative,Positive,0.8420767
0,Negative,Positive,0.5555149
0,Negative,Positive,0.55560786
0,Negative,Positive,0.5554751
0,Negative,Positive,0.5880263
0,Negative,Positive,0.8390871
0,Negative,Positive,0.55539054
0,Negative,Positive,0.55541825
1,Positive,Negative,0.17152345
0,Negative,Positive,0.5553667
0,Negative,Positive,0.55545896
0,Negative,Positive,0.55510414
0,Negative,Positive,0.5551815
0,Negative,Positive,0.5555313
0,Negative,Positive,0.943508
0,Negative,Positive,0.55531937
1,Positive,Negative,0.188703
0,Negative,Positive,0.55566007
0,Negative,Positive,0.5554019
0,Negative,Positive,0.5823042
0,Negative,Positive,0.6779315
1,Positive,Negative,0.0019726544
0,Negative,Positive,0.5554108
0,Negative,Positive,0.5553844
0,Negative,Positive,0.581335
0,Negative,Positive,0.5553465
1,Positive,Negative,0.0015819455
0,Negative,Positive,0.5553531
0,Negative,Positive,0.5552646
0,Negative,Positive,0.99930066
0,Negative,Positive,0.5557051
0,Negative,Positive,0.5555909
0,Negative,Positive,0.5577603
0,Negative,Positive,0.5558198
0,Negative,Positive,0.55577874
0,Negative,Positive,0.55538756
0,Negative,Positive,0.55542547
1,Positive,Negative,0.40558717
0,Negative,Positive,0.5554069
0,Negative,Positive,0.9853714
1,Positive,Negative,0.0065457122
0,Negative,Positive,0.55551577
0,Negative,Positive,0.5551343
0,Negative,Positive,0.987689
0,Negative,Positive,0.5555055
0,Negative,Positive,0.5568424
0,Negative,Positive,0.5552523
0,Negative,Positive,0.56200874
0,Negative,Positive,0.555405
0,Negative,Positive,0.55555904
0,Negative,Positive,0.5555001
0,Negative,Positive,0.9993936
0,Negative,Positive,0.55790174
0,Negative,Positive,0.5553685
0,Negative,Positive,0.5553575
0,Negative,Positive,0.5555749
0,Negative,Positive,0.5554
1,Positive,Negative,0.34613144
0,Negative,Positive,0.5554011
0,Negative,Positive,0.55574465
0,Negative,Positive,0.55525833
0,Negative,Positive,0.556534
0,Negative,Positive,0.5552451
0,Negative,Positive,0.55541396
0,Negative,Positive,0.55511606
0,Negative,Positive,0.5551096
0,Negative,Positive,0.55535364
0,Negative,Positive,0.5554246
0,Negative,Positive,0.5548837
0,Negative,Positive,0.5487904
0,Negative,Positive,0.5598512
0,Negative,Positive,0.55509484
0,Negative,Positive,0.555265
0,Negative,Positive,0.55677885
0,Negative,Positive,0.5552435
0,Negative,Positive,0.55540764
0,Negative,Positive,0.5553534
0,Negative,Positive,0.5553744
0,Negative,Positive,0.55532277
0,Negative,Positive,0.54360443
0,Negative,Positive,0.55668837
0,Negative,Positive,0.5561299
0,Negative,Positive,0.5557278
0,Negative,Positive,0.5547961
0,Negative,Positive,0.5549514
0,Negative,Positive,0.5591876
1,Positive,Negative,0.040230013
0,Negative,Positive,0.5553311
0,Negative,Positive,0.5549164
0,Negative,Positive,0.5561398
0,Negative,Positive,0.55551237
0,Negative,Positive,0.5553736
1,Positive,Negative,0.020198764
0,Negative,Positive,0.5556703
0,Negative,Positive,0.55264354
0,Negative,Positive,0.5583177
0,Negative,Positive,0.5603826
0,Negative,Positive,0.5552967
0,Negative,Positive,0.5312004
0,Negative,Positive,0.60279036
0,Negative,Positive,0.9986161
0,Negative,Positive,0.55551493
0,Negative,Positive,0.5552036
0,Negative,Positive,0.5471163
0,Negative,Positive,0.5555948
0,Negative,Positive,0.56601447
0,Negative,Positive,0.5409129
0,Negative,Positive,0.554093
0,Negative,Positive,0.55535036
1,Positive,Negative,0.4890692
0,Negative,Positive,0.55446446
0,Negative,Positive,0.9954885
0,Negative,Positive,0.5548148
1,Positive,Negative,0.43926343
0,Negative,Positive,0.5551399
1,Positive,Negative,0.2356389
0,Negative,Positive,0.55561405
0,Negative,Positive,0.5554199
0,Negative,Positive,0.55718607
0,Negative,Positive,0.55544513
0,Negative,Positive,0.5568347
0,Negative,Positive,0.5553371
0,Negative,Positive,0.5552763
0,Negative,Positive,0.54311347
0,Negative,Positive,0.55581945
0,Negative,Positive,0.5554736
0,Negative,Positive,0.55534613
0,Negative,Positive,0.6734376
0,Negative,Positive,0.51339
1,Positive,Negative,0.36102438
0,Negative,Positive,0.5561697
0,Negative,Positive,0.5535166
0,Negative,Positive,0.555333
0,Negative,Positive,0.526316
0,Negative,Positive,0.55537593
0,Negative,Positive,0.555364
0,Negative,Positive,0.55532897
0,Negative,Positive,0.5530653
0,Negative,Positive,0.55509895
0,Negative,Positive,0.55478495
0,Negative,Positive,0.99994415
0,Negative,Positive,0.5564693
0,Negative,Positive,0.5552767
0,Negative,Positive,0.55355364
0,Negative,Positive,0.5553823
0,Negative,Positive,0.5530026
0,Negative,Positive,0.5717075
0,Negative,Positive,0.96499294
0,Negative,Positive,0.5593813
0,Negative,Positive,0.5512804
0,Negative,Positive,0.5547096
0,Negative,Positive,0.9894854
0,Negative,Positive,0.55469805
0,Negative,Positive,0.55615157
0,Negative,Positive,0.5666432
0,Negative,Positive,0.5554124
0,Negative,Positive,0.5216377
1,Positive,Negative,0.2901334
0,Negative,Positive,0.55511165
0,Negative,Positive,0.5508085
0,Negative,Positive,0.5557619
0,Negative,Positive,0.5549507
0,Negative,Positive,0.9306483
0,Negative,Positive,0.99148214
0,Negative,Positive,0.5555946
0,Negative,Positive,0.5508093
0,Negative,Positive,0.6908206
0,Negative,Positive,0.5554811
0,Negative,Positive,0.55652505
1,Positive,Negative,0.058045603
0,Negative,Positive,0.5557136
0,Negative,Positive,0.55534065
0,Negative,Positive,0.55534446
0,Negative,Positive,0.5855664
0,Negative,Positive,0.95189625
0,Negative,Positive,0.5759434
0,Negative,Positive,0.5552345
0,Negative,Positive,0.5546471
0,Negative,Positive,0.55504596
0,Negative,Positive,0.5554118
0,Negative,Positive,0.5554122
0,Negative,Positive,0.5554144
0,Negative,Positive,0.9999053
0,Negative,Positive,0.5545148
0,Negative,Positive,0.5553133
0,Negative,Positive,0.55552524
0,Negative,Positive,0.55524445
0,Negative,Positive,0.5945221
0,Negative,Positive,0.64299697
0,Negative,Positive,0.5608428
0,Negative,Positive,0.5552476
0,Negative,Positive,0.55541605
0,Negative,Positive,0.56257546
0,Negative,Positive,0.56390077
0,Negative,Positive,0.5584688
0,Negative,Positive,0.55336523
0,Negative,Positive,0.5553207
0,Negative,Positive,0.5553498
0,Negative,Positive,0.99831986
0,Negative,Positive,0.5396469
1,Positive,Negative,0.07882738
0,Negative,Positive,0.54915166
0,Negative,Positive,0.5554188
0,Negative,Positive,0.5595111
0,Negative,Positive,0.66056865
0,Negative,Positive,0.55512905
0,Negative,Positive,0.5554687
0,Negative,Positive,0.5554228
0,Negative,Positive,0.5556372
0,Negative,Positive,0.55379343
0,Negative,Positive,0.5555589
0,Negative,Positive,0.5557373
0,Negative,Positive,0.55539984
0,Negative,Positive,0.55546844
0,Negative,Positive,0.5552001
0,Negative,Positive,0.55528164
1,Positive,Negative,0.39286268
0,Negative,Positive,0.55541694
0,Negative,Positive,0.55532897
0,Negative,Positive,0.555403
0,Negative,Positive,0.5565144
0,Negative,Positive,0.54513353
0,Negative,Positive,0.5387429
0,Negative,Positive,0.55539757
0,Negative,Positive,0.5554981
0,Negative,Positive,0.5546263
0,Negative,Positive,0.56077045
0,Negative,Positive,0.555348
0,Negative,Positive,0.5554024
0,Negative,Positive,0.5547286
1,Positive,Negative,0.0007713027
0,Negative,Positive,0.55571294
0,Negative,Positive,0.5548061
0,Negative,Positive,0.55514956
1,Positive,Negative,0.0124562895
0,Negative,Positive,0.55844706
0,Negative,Positive,0.5698853
0,Negative,Positive,0.5550562
0,Negative,Positive,0.55565506
0,Negative,Positive,0.55552286
0,Negative,Positive,0.55553967
0,Negative,Positive,0.55896956
0,Negative,Positive,0.55539894
0,Negative,Positive,0.55461603
0,Negative,Positive,0.5635318
0,Negative,Positive,0.5552155
0,Negative,Positive,0.55536246
0,Negative,Positive,0.55667573
1,Positive,Negative,0.17724793
0,Negative,Positive,0.5551318
0,Negative,Positive,0.55522555
0,Negative,Positive,0.55542415
0,Negative,Positive,0.5553254
0,Negative,Positive,0.5544857
0,Negative,Positive,0.55541
0,Negative,Positive,0.5543918
1,Positive,Negative,0.45428842
1,Positive,Negative,0.41914287
0,Negative,Positive,0.555394
0,Negative,Positive,0.55314785
0,Negative,Positive,0.55540544
0,Negative,Positive,0.5506277
0,Negative,Positive,0.55609614
0,Negative,Positive,0.5524774
0,Negative,Positive,0.5553141
0,Negative,Positive,0.5551455
0,Negative,Positive,0.5568875
0,Negative,Positive,0.520393
0,Negative,Positive,0.5556255
1,Positive,Negative,0.14462337
0,Negative,Positive,0.55535996
0,Negative,Positive,0.5514223
0,Negative,Positive,0.5554225
0,Negative,Positive,0.55537707
0,Negative,Positive,0.55543435
1,Positive,Negative,0.050962016
0,Negative,Positive,0.55536157
0,Negative,Positive,0.5552959
0,Negative,Positive,0.55529016
0,Negative,Positive,0.55583996
0,Negative,Positive,0.55552685
0,Negative,Positive,0.500764
0,Negative,Positive,0.78018683
0,Negative,Positive,0.5554196
0,Negative,Positive,0.55536056
0,Negative,Positive,0.5555157
0,Negative,Positive,0.5552121
1,Positive,Negative,0.095211454
0,Negative,Positive,0.555424
0,Negative,Positive,0.5551499
0,Negative,Positive,0.5554867
0,Negative,Positive,0.5212036
0,Negative,Positive,0.5553696
0,Negative,Positive,0.55571705
0,Negative,Positive,0.55569154
0,Negative,Positive,0.5536309
1,Positive,Negative,0.1544653
0,Negative,Positive,0.55542755
0,Negative,Positive,0.5545529
0,Negative,Positive,0.55524445
0,Negative,Positive,0.55533737
0,Negative,Positive,0.5556556
0,Negative,Positive,0.9899139
0,Negative,Positive,0.55740565
0,Negative,Positive,0.98391384
0,Negative,Positive,0.55544215
0,Negative,Positive,0.55533564
0,Negative,Positive,0.5547728
0,Negative,Positive,0.5555021
0,Negative,Positive,0.5551698
0,Negative,Positive,0.5553773
0,Negative,Positive,0.5553667
1,Positive,Negative,0.0014882698
1,Positive,Negative,0.07132618
0,Negative,Positive,0.53853846
0,Negative,Positive,0.55528396
0,Negative,Positive,0.6136041
0,Negative,Positive,0.55557615
1,Positive,Negative,0.088526584
0,Negative,Positive,0.5554792
0,Negative,Positive,0.5538554
0,Negative,Positive,0.55566293
0,Negative,Positive,0.5557402
0,Negative,Positive,0.5542544
0,Negative,Positive,0.55550414
0,Negative,Positive,0.5557294
0,Negative,Positive,0.5554194
0,Negative,Positive,0.55545634
1,Positive,Negative,0.3545039
0,Negative,Positive,0.50353545
0,Negative,Positive,0.55545694
0,Negative,Positive,0.55523807
0,Negative,Positive,0.56100494
0,Negative,Positive,0.5553653
0,Negative,Positive,0.5561375
0,Negative,Positive,0.5554157
0,Negative,Positive,0.9880738
0,Negative,Positive,0.5553811
0,Negative,Positive,0.557796
1,Positive,Negative,0.41721126
0,Negative,Positive,0.6648417
0,Negative,Positive,0.5552995
0,Negative,Positive,0.7584657
0,Negative,Positive,0.55584383
0,Negative,Positive,0.5554224
1,Positive,Negative,0.37563342
0,Negative,Positive,0.55711704
0,Negative,Positive,0.5573197
0,Negative,Positive,0.59219533
0,Negative,Positive,0.5556614
0,Negative,Positive,0.5554142
0,Negative,Positive,0.5555581
0,Negative,Positive,0.92856413
0,Negative,Positive,0.5965327
0,Negative,Positive,0.55605304
0,Negative,Positive,0.5552573
0,Negative,Positive,0.5554954
0,Negative,Positive,0.5533828
0,Negative,Positive,0.55558175
1,Positive,Negative,0.0010254171
0,Negative,Positive,0.55926216
1,Positive,Negative,0.17945369
0,Negative,Positive,0.5502126
0,Negative,Positive,0.5550147
0,Negative,Positive,0.5554204
0,Negative,Positive,0.5554434
0,Negative,Positive,0.5535302
0,Negative,Positive,0.5553748
0,Negative,Positive,0.5551494
0,Negative,Positive,0.55543244
0,Negative,Positive,0.555393
1,Positive,Negative,0.042750075
1,Positive,Negative,0.31962034
0,Negative,Positive,0.5583363
0,Negative,Positive,0.5550206
0,Negative,Positive,0.55555993
0,Negative,Positive,0.54653573
1,Positive,Negative,0.46797705
1,Positive,Negative,0.40766588
0,Negative,Positive,0.56066895
1,Positive,Negative,0.0068868827
0,Negative,Positive,0.55469424
1,Positive,Negative,0.0014869019
0,Negative,Positive,0.5616636
0,Negative,Positive,0.5554291
0,Negative,Positive,0.5581631
0,Negative,Positive,0.555242
0,Negative,Positive,0.98859155
0,Negative,Positive,0.5554074
0,Negative,Positive,0.5660951
0,Negative,Positive,0.55528027
1,Positive,Negative,0.45276865
0,Negative,Positive,0.55778414
0,Negative,Positive,0.5973353
0,Negative,Positive,0.55543965
0,Negative,Positive,0.5224701
1,Positive,Negative,0.28652415
0,Negative,Positive,0.99936175
0,Negative,Positive,0.5554464
1,Positive,Negative,0.02893304
1,Positive,Negative,0.16804081
0,Negative,Positive,0.55797964
0,Negative,Positive,0.55413574
0,Negative,Positive,0.5571828
0,Negative,Positive,0.55541945
0,Negative,Positive,0.5556145
0,Negative,Positive,0.5553113
0,Negative,Positive,0.5540053
0,Negative,Positive,0.5554225
0,Negative,Positive,0.55552745
0,Negative,Positive,0.9831151
0,Negative,Positive,0.9954562
0,Negative,Positive,0.5553723
0,Negative,Positive,0.555424
0,Negative,Positive,0.55519426
0,Negative,Positive,0.5554689
0,Negative,Positive,0.5541194
0,Negative,Positive,0.55583483
0,Negative,Positive,0.5555624
0,Negative,Positive,0.555506
0,Negative,Positive,0.55462295
0,Negative,Positive,0.5547019
0,Negative,Positive,0.5553606
1,Positive,Negative,0.40853378
0,Negative,Positive,0.5553655
0,Negative,Positive,0.55554426
0,Negative,Positive,0.5557017
0,Negative,Positive,0.55470574
0,Negative,Positive,0.55533546
0,Negative,Positive,0.55452067
0,Negative,Positive,0.55553657
0,Negative,Positive,0.55536306
0,Negative,Positive,0.55397475
0,Negative,Positive,0.5554248
0,Negative,Positive,0.555426
0,Negative,Positive,0.5554316
0,Negative,Positive,0.88617724
0,Negative,Positive,0.5557076
0,Negative,Positive,0.999832
0,Negative,Positive,0.5555086
0,Negative,Positive,0.55514663
0,Negative,Positive,0.9452112
1,Positive,Negative,0.26060545
0,Negative,Positive,0.55543333
0,Negative,Positive,0.555242
0,Negative,Positive,0.55537504
0,Negative,Positive,0.5075599
0,Negative,Positive,0.55556804
0,Negative,Positive,0.5554724
0,Negative,Positive,0.5556795
0,Negative,Positive,0.5782283
0,Negative,Positive,0.55531925
1,Positive,Negative,0.17982739
0,Negative,Positive,0.56368756
0,Negative,Positive,0.55588084
0,Negative,Positive,0.55459887
0,Negative,Positive,0.5553414
0,Negative,Positive,0.55464226
0,Negative,Positive,0.55602366
0,Negative,Positive,0.5553089
0,Negative,Positive,0.5563126
0,Negative,Positive,0.571974
0,Negative,Positive,0.55552554
0,Negative,Positive,0.5595423
0,Negative,Positive,0.5531884
0,Negative,Positive,0.5557559
0,Negative,Positive,0.5548084
0,Negative,Positive,0.55497456
0,Negative,Positive,0.55527824
0,Negative,Positive,0.5555403
0,Negative,Positive,0.5578428
0,Negative,Positive,0.5524921
0,Negative,Positive,0.57474726
1,Positive,Negative,0.0029804143
0,Negative,Positive,0.99883187
0,Negative,Positive,0.55529374
0,Negative,Positive,0.5553903
1,Positive,Negative,0.16810758
0,Negative,Positive,0.5553951
0,Negative,Positive,0.55584174
0,Negative,Positive,0.5532655
0,Negative,Positive,0.5552272
0,Negative,Positive,0.5554049
0,Negative,Positive,0.5547146
0,Negative,Positive,0.99856734
0,Negative,Positive,0.50717306
0,Negative,Positive,0.55622387
0,Negative,Positive,0.5550447
0,Negative,Positive,0.5554018
0,Negative,Positive,0.5534584
0,Negative,Positive,0.9985808
0,Negative,Positive,0.55384076
0,Negative,Positive,0.5554115
0,Negative,Positive,0.55138814
0,Negative,Positive,0.55548143
0,Negative,Positive,0.55541146
0,Negative,Positive,0.5552739
1,Positive,Negative,0.02254523
0,Negative,Positive,0.5560196
0,Negative,Positive,0.5553538
0,Negative,Positive,0.55410063
0,Negative,Positive,0.557315
0,Negative,Positive,0.55543333
0,Negative,Positive,0.9992623
0,Negative,Positive,0.55579877
0,Negative,Positive,0.555841
0,Negative,Positive,0.9976437
0,Negative,Positive,0.5549926
0,Negative,Positive,0.55544454
0,Negative,Positive,0.55533814
0,Negative,Positive,0.9998221
0,Negative,Positive,0.55601937
0,Negative,Positive,0.55530095
0,Negative,Positive,0.55459726
0,Negative,Positive,0.54429936
0,Negative,Positive,0.5552142
0,Negative,Positive,0.555525
0,Negative,Positive,0.603246
0,Negative,Positive,0.5543444
0,Negative,Positive,0.5554212
0,Negative,Positive,0.5554221
0,Negative,Positive,0.796175
0,Negative,Positive,0.5599324
0,Negative,Positive,0.5551865
0,Negative,Positive,0.9868952
0,Negative,Positive,0.62526196
0,Negative,Positive,0.55489796
0,Negative,Positive,0.5546436
0,Negative,Positive,0.5466299
0,Negative,Positive,0.556213
0,Negative,Positive,0.5550695
0,Negative,Positive,0.55537844
0,Negative,Positive,0.55541164
0,Negative,Positive,0.55532384
0,Negative,Positive,0.55637985
0,Negative,Positive,0.74106467
1,Positive,Negative,0.47331038
0,Negative,Positive,0.5542277
0,Negative,Positive,0.56370467
0,Negative,Positive,0.95400584
0,Negative,Positive,0.55542386
0,Negative,Positive,0.5556635
0,Negative,Positive,0.5553699
0,Negative,Positive,0.55553657
0,Negative,Positive,0.55499274
0,Negative,Positive,0.55578876
1,Positive,Negative,0.0032809158
0,Negative,Positive,0.8156395
0,Negative,Positive,0.5552361
0,Negative,Positive,0.5530746
0,Negative,Positive,0.9999519
0,Negative,Positive,0.55547506
0,Negative,Positive,0.5535281
0,Negative,Positive,0.5554241
0,Negative,Positive,0.5549957
0,Negative,Positive,0.55522496
0,Negative,Positive,0.5553562
0,Negative,Positive,0.57312953
0,Negative,Positive,0.5553661
0,Negative,Positive,0.55537623
0,Negative,Positive,0.57589984
0,Negative,Positive,0.5340134
0,Negative,Positive,0.55585384
0,Negative,Positive,0.5559207
0,Negative,Positive,0.55544764
0,Negative,Positive,0.5573942
0,Negative,Positive,0.55572253
0,Negative,Positive,0.5551046
0,Negative,Positive,0.5552752
0,Negative,Positive,0.55528104
0,Negative,Positive,0.55417275
0,Negative,Positive,0.5554224
0,Negative,Positive,0.55658054
0,Negative,Positive,0.5553252
0,Negative,Positive,0.5553201
0,Negative,Positive,0.5555593
0,Negative,Positive,0.5550808
0,Negative,Positive,0.54722375
0,Negative,Positive,0.555326
0,Negative,Positive,0.5554092
0,Negative,Positive,0.5557195
0,Negative,Positive,0.55336463
0,Negative,Positive,0.55546975
0,Negative,Positive,0.55540884
1,Positive,Negative,0.0030100208
1,Positive,Negative,0.45803952
0,Negative,Positive,0.5550598
0,Negative,Positive,0.5544163
0,Negative,Positive,0.55538255
0,Negative,Positive,0.5552754
0,Negative,Positive,0.52774894
0,Negative,Positive,0.5554169
1,Positive,Negative,0.14343013
0,Negative,Positive,0.5554171
0,Negative,Positive,0.55577826
0,Negative,Positive,0.5559384
0,Negative,Positive,0.5554767
0,Negative,Positive,0.5553755
0,Negative,Positive,0.55568296
1,Positive,Negative,0.034307566
0,Negative,Positive,0.5554024
0,Negative,Positive,0.62291884
0,Negative,Positive,0.5555713
0,Negative,Positive,0.55473745
0,Negative,Positive,0.55541134
0,Negative,Positive,0.55562955
0,Negative,Positive,0.55473924
1,Positive,Negative,0.030253008
1,Positive,Negative,0.40045464
0,Negative,Positive,0.55663186
0,Negative,Positive,0.55558217
0,Negative,Positive,0.5554416
0,Negative,Positive,0.55535924
0,Negative,Positive,0.55745304
0,Negative,Positive,0.55077106
0,Negative,Positive,0.55533576
0,Negative,Positive,0.55559534
0,Negative,Positive,0.55534184
0,Negative,Positive,0.5553891
0,Negative,Positive,0.55548584
0,Negative,Positive,0.55474246
0,Negative,Positive,0.5553465
0,Negative,Positive,0.5553188
0,Negative,Positive,0.554686
0,Negative,Positive,0.56864065
0,Negative,Positive,0.5554869
0,Negative,Positive,0.5577563
0,Negative,Positive,0.5552524
0,Negative,Positive,0.55576754
0,Negative,Positive,0.55527
1,Positive,Negative,0.03710283
0,Negative,Positive,0.5555125
0,Negative,Positive,0.55550796
0,Negative,Positive,0.5623693
0,Negative,Positive,0.561822
0,Negative,Positive,0.5543809
0,Negative,Positive,0.55915195
0,Negative,Positive,0.5549491
0,Negative,Positive,0.56431884
0,Negative,Positive,0.781278
0,Negative,Positive,0.5552475
0,Negative,Positive,0.5554639
0,Negative,Positive,0.5553139
0,Negative,Positive,0.99913436
1,Positive,Negative,0.002472389
0,Negative,Positive,0.9521538
0,Negative,Positive,0.55540085
0,Negative,Positive,0.54541975
0,Negative,Positive,0.95281744
0,Negative,Positive,0.9988688
0,Negative,Positive,0.555417
0,Negative,Positive,0.5554528
0,Negative,Positive,0.5823406
0,Negative,Positive,0.5556346
0,Negative,Positive,0.5554505
0,Negative,Positive,0.55530316
1,Positive,Negative,0.071048334
0,Negative,Positive,0.7408066
0,Negative,Positive,0.55537087
0,Negative,Positive,0.5554737
0,Negative,Positive,0.55431366
0,Negative,Positive,0.5545389
0,Negative,Positive,0.55522907
0,Negative,Positive,0.5553771
0,Negative,Positive,0.5556505
0,Negative,Positive,0.55475295
0,Negative,Positive,0.99590325
0,Negative,Positive,0.5528424
0,Negative,Positive,0.55540615
0,Negative,Positive,0.5592756
1,Positive,Negative,0.47801223
0,Negative,Positive,0.5553881
0,Negative,Positive,0.5551689
0,Negative,Positive,0.52058804
0,Negative,Positive,0.5554171
0,Negative,Positive,0.5555379
1,Positive,Negative,0.49217454
0,Negative,Positive,0.5554218
0,Negative,Positive,0.5511965
0,Negative,Positive,0.88045216
0,Negative,Positive,0.5582136
0,Negative,Positive,0.5560066
0,Negative,Positive,0.99953794
1,Positive,Negative,0.13389619
0,Negative,Positive,0.5562191
0,Negative,Positive,0.5554277
0,Negative,Positive,0.5566491
0,Negative,Positive,0.55559707
0,Negative,Positive,0.55548084
1,Positive,Negative,0.0031485239
0,Negative,Positive,0.51224726
0,Negative,Positive,0.554176
0,Negative,Positive,0.99683195
0,Negative,Positive,0.5555822
0,Negative,Positive,0.8011357
0,Negative,Positive,0.5485694
0,Negative,Positive,0.5553776
0,Negative,Positive,0.65319854
0,Negative,Positive,0.5516534
0,Negative,Positive,0.5554673
0,Negative,Positive,0.5545949
0,Negative,Positive,0.55629605
0,Negative,Positive,0.5541248
0,Negative,Positive,0.5550595
0,Negative,Positive,0.548483
0,Negative,Positive,0.5554677
0,Negative,Positive,0.5553015
1,Positive,Negative,0.41772074
0,Negative,Positive,0.9952742
0,Negative,Positive,0.55553937
0,Negative,Positive,0.5559066
0,Negative,Positive,0.55333537
0,Negative,Positive,0.5554327
0,Negative,Positive,0.5557551
0,Negative,Positive,0.5519421
0,Negative,Positive,0.5526356
0,Negative,Positive,0.55546707
0,Negative,Positive,0.55467063
0,Negative,Positive,0.55728155
0,Negative,Positive,0.5555119
0,Negative,Positive,0.55557466
0,Negative,Positive,0.6045645
0,Negative,Positive,0.55532205
0,Negative,Positive,0.5554184
0,Negative,Positive,0.5554739
0,Negative,Positive,0.555432
0,Negative,Positive,0.55568975
0,Negative,Positive,0.5553204
0,Negative,Positive,0.5554554
0,Negative,Positive,0.5552893
1,Positive,Negative,0.327486
0,Negative,Positive,0.5526056
0,Negative,Positive,0.54098916
0,Negative,Positive,0.5556907
0,Negative,Positive,0.5554065
0,Negative,Positive,0.55537504
1,Positive,Negative,0.0680129
0,Negative,Positive,0.55577207
1,Positive,Negative,0.20827568
0,Negative,Positive,0.5465605
0,Negative,Positive,0.55712366
0,Negative,Positive,0.5659169
0,Negative,Positive,0.7119441
0,Negative,Positive,0.5553168
0,Negative,Positive,0.5542598
0,Negative,Positive,0.55664706
0,Negative,Positive,0.5554561
0,Negative,Positive,0.5551959
0,Negative,Positive,0.55546194
0,Negative,Positive,0.5563262
0,Negative,Positive,0.55710304
0,Negative,Positive,0.55519265
0,Negative,Positive,0.5544424
1,Positive,Negative,0.2721222
0,Negative,Positive,0.55508196
0,Negative,Positive,0.50898165
0,Negative,Positive,0.55540395
0,Negative,Positive,0.5553988
0,Negative,Positive,0.55556476
0,Negative,Positive,0.5536702
0,Negative,Positive,0.5555046
0,Negative,Positive,0.5553963
0,Negative,Positive,0.9711549
1,Positive,Negative,0.4725579
0,Negative,Positive,0.5566159
1,Positive,Negative,0.27024075
1,Positive,Negative,0.08423121
1,Positive,Negative,0.006637682
0,Negative,Positive,0.8782599
0,Negative,Positive,0.8105626
0,Negative,Positive,0.5554222
1,Positive,Negative,0.28571212
0,Negative,Positive,0.57123107
0,Negative,Positive,0.5548011
0,Negative,Positive,0.9997023
0,Negative,Positive,0.5579276
0,Negative,Positive,0.5551603
0,Negative,Positive,0.55558425
0,Negative,Positive,0.5554818
0,Negative,Positive,0.5557908
0,Negative,Positive,0.55545783
0,Negative,Positive,0.5553846
0,Negative,Positive,0.55526257
0,Negative,Positive,0.5550834
0,Negative,Positive,0.567293
0,Negative,Positive,0.55528736
0,Negative,Positive,0.5566619
0,Negative,Positive,0.55538154
0,Negative,Positive,0.5550813
0,Negative,Positive,0.5557803
0,Negative,Positive,0.55495703
0,Negative,Positive,0.5551739
0,Negative,Positive,0.5556536
0,Negative,Positive,0.55567294
0,Negative,Positive,0.5554092
0,Negative,Positive,0.55540115
0,Negative,Positive,0.5545799
0,Negative,Positive,0.55667245
0,Negative,Positive,0.9085707
0,Negative,Positive,0.55626315
0,Negative,Positive,0.5552604
0,Negative,Positive,0.55529416
0,Negative,Positive,0.5547025
0,Negative,Positive,0.5553252
0,Negative,Positive,0.83688325
0,Negative,Positive,0.55587137
0,Negative,Positive,0.56437826
0,Negative,Positive,0.90157807
1,Positive,Negative,0.033362463
0,Negative,Positive,0.55538064
0,Negative,Positive,0.55610555
0,Negative,Positive,0.5552672
0,Negative,Positive,0.5553518
0,Negative,Positive,0.56372124
0,Negative,Positive,0.5710038
0,Negative,Positive,0.5553909
0,Negative,Positive,0.5545851
0,Negative,Positive,0.5548614
0,Negative,Positive,0.55518407
0,Negative,Positive,0.5555306
0,Negative,Positive,0.555384
1,Positive,Negative,0.00063694007
0,Negative,Positive,0.55444103
0,Negative,Positive,0.91820306
0,Negative,Positive,0.5557698
1,Positive,Negative,0.01253229
0,Negative,Positive,0.55557954
1,Positive,Negative,0.07353879
0,Negative,Positive,0.55562913
0,Negative,Positive,0.55501175
0,Negative,Positive,0.5554369
0,Negative,Positive,0.8309229
0,Negative,Positive,0.5552591
0,Negative,Positive,0.55540484
0,Negative,Positive,0.55536735
0,Negative,Positive,0.55483943
0,Negative,Positive,0.55111814
0,Negative,Positive,0.9031695
0,Negative,Positive,0.7683771
0,Negative,Positive,0.5554793
0,Negative,Positive,0.5539561
0,Negative,Positive,0.5446773
0,Negative,Positive,0.5554012
0,Negative,Positive,0.5551086
0,Negative,Positive,0.5553711
0,Negative,Positive,0.5199609
0,Negative,Positive,0.5571698
0,Negative,Positive,0.5555912
1,Positive,Negative,0.011275981
0,Negative,Positive,0.5523446
0,Negative,Positive,0.553615
0,Negative,Positive,0.55603707
0,Negative,Positive,0.5555453
0,Negative,Positive,0.55543256
0,Negative,Positive,0.55523163
0,Negative,Positive,0.55863506
0,Negative,Positive,0.555404
0,Negative,Positive,0.5541325
0,Negative,Positive,0.5554304
0,Negative,Positive,0.5531616
0,Negative,Positive,0.9978151
0,Negative,Positive,0.55550194
0,Negative,Positive,0.5564442
0,Negative,Positive,0.99972147
0,Negative,Positive,0.55519825
1,Positive,Negative,0.013007817
